accepted,benchmark,branch,fallback,final_max_g,hds_gap_percent,hds_gap_qualified286_percent,mean_corrected_segments,mean_hds_objective_change,mean_hds_seconds,mean_inference_seconds,mean_total_seconds,method,nominal_gap_percent,nominal_violation_rate_percent,post_hds_violation_rate_percent,qualified_reference_samples,samples,seed,source_checkpoint,source_metadata_rows
400,penicillin,S-u+K,0,-1.058957360150492e-05,0.39291912415125974,,2.33,0.0018386570637876046,0.08373895774994708,2.046999998128741e-06,0.08374100474994524,linear_cosine,0.15493286085536984,94.25,0.0,,400,20260771,C:\Users\admin\Desktop\深度学习+CBF\kkt_collocation\results\multiseed10_penicillin_k10_cpu_20260803_v1\linear_cosine\penicillin\seed20260771\S-u+K.pth,C:\Users\admin\Desktop\深度学习+CBF\kkt_collocation\results\multiseed30_penicillin_k10_refined_lambda_cached_margin1e6_20260804_v1\linear_cosine\penicillin\seed20260771\test_per_sample_S-u+K.csv
400,penicillin,S-u+K,0,-1.2640246480177808e-05,0.37063740390693045,,1.8525,0.0021899542875415436,0.08391933925008743,2.10049999623152e-06,0.08392143975008366,linear_cosine,0.08724433921720985,94.25,0.0,,400,20260772,C:\Users\admin\Desktop\深度学习+CBF\kkt_collocation\results\multiseed10_penicillin_k10_cpu_20260803_v1\linear_cosine\penicillin\seed20260772\S-u+K.pth,C:\Users\admin\Desktop\深度学习+CBF\kkt_collocation\results\multiseed30_penicillin_k10_refined_lambda_cached_margin1e6_20260804_v1\linear_cosine\penicillin\seed20260772\test_per_sample_S-u+K.csv
400,penicillin,S-u+K,0,-6.25857056152368e-06,0.36040160970589963,,2.0825,0.0019803919327514583,0.0831587000000036,2.065999997284962e-06,0.08316076600000087,linear_cosine,0.10411808803443842,90.5,0.0,,400,20260773,C:\Users\admin\Desktop\深度学习+CBF\kkt_collocation\results\multiseed10_penicillin_k10_cpu_20260803_v1\linear_cosine\penicillin\seed20260773\S-u+K.pth,C:\Users\admin\Desktop\深度学习+CBF\kkt_collocation\results\multiseed30_penicillin_k10_refined_lambda_cached_margin1e6_20260804_v1\linear_cosine\penicillin\seed20260773\test_per_sample_S-u+K.csv
400,penicillin,S-u+K,0,-1.062192328926681e-05,0.3209410860909172,,1.88,0.0016570060063225336,0.08124635200001648,1.977250003619702e-06,0.08124832925002011,linear_cosine,0.10650024947600481,88.5,0.0,,400,20260774,C:\Users\admin\Desktop\深度学习+CBF\kkt_collocation\results\multiseed10_penicillin_k10_cpu_20260803_v1\linear_cosine\penicillin\seed20260774\S-u+K.pth,C:\Users\admin\Desktop\深度学习+CBF\kkt_collocation\results\multiseed30_penicillin_k10_refined_lambda_cached_margin1e6_20260804_v1\linear_cosine\penicillin\seed20260774\test_per_sample_S-u+K.csv
400,penicillin,S-u+K,0,-8.600390885904474e-06,0.21374596697112822,,1.475,0.0008386193395512787,0.07158481974994174,2.0835000032093376e-06,0.07158690324994495,linear_cosine,0.10520366806478144,84.0,0.0,,400,20260775,C:\Users\admin\Desktop\深度学习+CBF\kkt_collocation\results\multiseed10_penicillin_k10_cpu_20260803_v1\linear_cosine\penicillin\seed20260775\S-u+K.pth,C:\Users\admin\Desktop\深度学习+CBF\kkt_collocation\results\multiseed30_penicillin_k10_refined_lambda_cached_margin1e6_20260804_v1\linear_cosine\penicillin\seed20260775\test_per_sample_S-u+K.csv
400,penicillin,S-u+K,0,-5.0399614549390126e-05,0.2807341815359965,,1.795,0.0012715177700071195,0.07300736250001137,2.072999996016734e-06,0.07300943550000737,linear_cosine,0.11617655067990573,93.75,0.0,,400,20260776,C:\Users\admin\Desktop\深度学习+CBF\kkt_collocation\results\multiseed10_penicillin_k10_cpu_20260803_v1\linear_cosine\penicillin\seed20260776\S-u+K.pth,C:\Users\admin\Desktop\深度学习+CBF\kkt_collocation\results\multiseed30_penicillin_k10_refined_lambda_cached_margin1e6_20260804_v1\linear_cosine\penicillin\seed20260776\test_per_sample_S-u+K.csv
400,penicillin,S-u+K,0,-2.0233599602736962e-05,0.2927706088847487,,1.3375,0.0014518003309356197,0.07204495450009744,1.5555000027234201e-06,0.07204651000010015,linear_cosine,0.10482116564930628,85.0,0.0,,400,20260777,C:\Users\admin\Desktop\深度学习+CBF\kkt_collocation\results\multiseed10_penicillin_k10_cpu_20260803_v1\linear_cosine\penicillin\seed20260777\S-u+K.pth,C:\Users\admin\Desktop\深度学习+CBF\kkt_collocation\results\multiseed30_penicillin_k10_refined_lambda_cached_margin1e6_20260804_v1\linear_cosine\penicillin\seed20260777\test_per_sample_S-u+K.csv
400,penicillin,S-u+K,0,-1.7993796905368953e-05,0.27882928352724035,,1.825,0.001425019360769381,0.07254763999987518,2.160000003641472e-06,0.07254979999987882,linear_cosine,0.09440377146314252,86.5,0.0,,400,20260778,C:\Users\admin\Desktop\深度学习+CBF\kkt_collocation\results\multiseed10_penicillin_k10_cpu_20260803_v1\linear_cosine\penicillin\seed20260778\S-u+K.pth,C:\Users\admin\Desktop\深度学习+CBF\kkt_collocation\results\multiseed30_penicillin_k10_refined_lambda_cached_margin1e6_20260804_v1\linear_cosine\penicillin\seed20260778\test_per_sample_S-u+K.csv
400,penicillin,S-u+K,0,-1.4264164492960862e-05,0.3590839547362625,,2.0725,0.0016070249447074402,0.07436422824998772,4.194250004729837e-06,0.07436842249999247,linear_cosine,0.15109563947182092,100.0,0.0,,400,20260779,C:\Users\admin\Desktop\深度学习+CBF\kkt_collocation\results\multiseed10_penicillin_k10_cpu_20260803_v1\linear_cosine\penicillin\seed20260779\S-u+K.pth,C:\Users\admin\Desktop\深度学习+CBF\kkt_collocation\results\multiseed30_penicillin_k10_refined_lambda_cached_margin1e6_20260804_v1\linear_cosine\penicillin\seed20260779\test_per_sample_S-u+K.csv
400,penicillin,S-u+K,0,-2.8121646410972367e-06,0.29226223887778835,,2.025,0.001526234080593277,0.07526722100004918,2.2787500074628037e-06,0.07526949975005665,linear_cosine,0.09473822224526685,100.0,0.0,,400,20260780,C:\Users\admin\Desktop\深度学习+CBF\kkt_collocation\results\multiseed10_penicillin_k10_cpu_20260803_v1\linear_cosine\penicillin\seed20260780\S-u+K.pth,C:\Users\admin\Desktop\深度学习+CBF\kkt_collocation\results\multiseed30_penicillin_k10_refined_lambda_cached_margin1e6_20260804_v1\linear_cosine\penicillin\seed20260780\test_per_sample_S-u+K.csv
400,penicillin,S-u+K,0,-1.3242304387539594e-05,0.35277095318643903,,1.9975,0.0018942605701096596,0.07460367499993481,3.736749995368882e-06,0.0746074117499302,linear_cosine,0.10766690807200432,89.5,0.0,,400,20260781,C:\Users\admin\Desktop\深度学习+CBF\kkt_collocation\results\multiseed10_penicillin_k10_cpu_20260803_v1\linear_cosine\penicillin\seed20260781\S-u+K.pth,C:\Users\admin\Desktop\深度学习+CBF\kkt_collocation\results\multiseed30_penicillin_k10_refined_lambda_cached_margin1e6_20260804_v1\linear_cosine\penicillin\seed20260781\test_per_sample_S-u+K.csv
400,penicillin,S-u+K,0,-1.4161013395297406e-05,0.3356142855047735,,1.9475,0.0014578029955680779,0.07358192799998506,1.5362500016635743e-06,0.07358346424998671,linear_cosine,0.1469498433184413,85.25,0.0,,400,20260782,C:\Users\admin\Desktop\深度学习+CBF\kkt_collocation\results\multiseed10_penicillin_k10_cpu_20260803_v1\linear_cosine\penicillin\seed20260782\S-u+K.pth,C:\Users\admin\Desktop\深度学习+CBF\kkt_collocation\results\multiseed30_penicillin_k10_refined_lambda_cached_margin1e6_20260804_v1\linear_cosine\penicillin\seed20260782\test_per_sample_S-u+K.csv
400,penicillin,S-u+K,0,-1.4234981893401777e-05,0.33835524948586926,,2.165,0.0014908157862841837,0.07192482750007911,2.236999998785904e-06,0.07192706450007791,linear_cosine,0.14541996611152508,91.0,0.0,,400,20260783,C:\Users\admin\Desktop\深度学习+CBF\kkt_collocation\results\multiseed10_penicillin_k10_cpu_20260803_v1\linear_cosine\penicillin\seed20260783\S-u+K.pth,C:\Users\admin\Desktop\深度学习+CBF\kkt_collocation\results\multiseed30_penicillin_k10_refined_lambda_cached_margin1e6_20260804_v1\linear_cosine\penicillin\seed20260783\test_per_sample_S-u+K.csv
400,penicillin,S-u+K,0,-1.7278839271051005e-06,0.3199928056060908,,2.095,0.001272399662553011,0.07316074975008632,2.3382499966828614e-06,0.07316308800008303,linear_cosine,0.1553114581168462,94.75,0.0,,400,20260784,C:\Users\admin\Desktop\深度学习+CBF\kkt_collocation\results\multiseed10_penicillin_k10_cpu_20260803_v1\linear_cosine\penicillin\seed20260784\S-u+K.pth,C:\Users\admin\Desktop\深度学习+CBF\kkt_collocation\results\multiseed30_penicillin_k10_refined_lambda_cached_margin1e6_20260804_v1\linear_cosine\penicillin\seed20260784\test_per_sample_S-u+K.csv
400,penicillin,S-u+K,0,-7.122245033186481e-07,0.3082886245125046,,1.8325,0.0014588613138278258,0.07209614500001407,2.417750001768582e-06,0.07209856275001585,linear_cosine,0.11945214379584933,90.25,0.0,,400,20260785,C:\Users\admin\Desktop\深度学习+CBF\kkt_collocation\results\multiseed10_penicillin_k10_cpu_20260803_v1\linear_cosine\penicillin\seed20260785\S-u+K.pth,C:\Users\admin\Desktop\深度学习+CBF\kkt_collocation\results\multiseed30_penicillin_k10_refined_lambda_cached_margin1e6_20260804_v1\linear_cosine\penicillin\seed20260785\test_per_sample_S-u+K.csv
400,penicillin,S-u+K,0,-4.247838735871312e-06,0.2280087788406884,,1.6575,0.001098307069444284,0.06969051375001073,2.462000002196873e-06,0.06969297575001292,linear_cosine,0.08585739480358334,94.25,0.0,,400,20260786,C:\Users\admin\Desktop\深度学习+CBF\kkt_collocation\results\multiseed10_penicillin_k10_cpu_20260803_v1\linear_cosine\penicillin\seed20260786\S-u+K.pth,C:\Users\admin\Desktop\深度学习+CBF\kkt_collocation\results\multiseed30_penicillin_k10_refined_lambda_cached_margin1e6_20260804_v1\linear_cosine\penicillin\seed20260786\test_per_sample_S-u+K.csv
400,penicillin,S-u+K,0,-3.324702905549426e-05,0.42491665603033946,,2.61,0.0021411431204651104,0.0781087650000336,2.299249999850872e-06,0.07811106425003345,linear_cosine,0.14781877342950872,100.0,0.0,,400,20260787,C:\Users\admin\Desktop\深度学习+CBF\kkt_collocation\results\multiseed10_penicillin_k10_cpu_20260803_v1\linear_cosine\penicillin\seed20260787\S-u+K.pth,C:\Users\admin\Desktop\深度学习+CBF\kkt_collocation\results\multiseed30_penicillin_k10_refined_lambda_cached_margin1e6_20260804_v1\linear_cosine\penicillin\seed20260787\test_per_sample_S-u+K.csv
400,penicillin,S-u+K,0,-1.0103400699068565e-05,0.236724906140085,,1.6375,0.0011377039773976477,0.0714304560000437,1.7920000027515926e-06,0.07143224800004644,linear_cosine,0.0894594737887455,90.75,0.0,,400,20260788,C:\Users\admin\Desktop\深度学习+CBF\kkt_collocation\results\multiseed10_penicillin_k10_cpu_20260803_v1\linear_cosine\penicillin\seed20260788\S-u+K.pth,C:\Users\admin\Desktop\深度学习+CBF\kkt_collocation\results\multiseed30_penicillin_k10_refined_lambda_cached_margin1e6_20260804_v1\linear_cosine\penicillin\seed20260788\test_per_sample_S-u+K.csv
400,penicillin,S-u+K,0,-5.515279037748844e-06,0.30517009117077365,,2.0625,0.0012560709935085222,0.07285511174998646,1.7997499980992875e-06,0.07285691149998458,linear_cosine,0.1426134455685828,97.25,0.0,,400,20260789,C:\Users\admin\Desktop\深度学习+CBF\kkt_collocation\results\multiseed10_penicillin_k10_cpu_20260803_v1\linear_cosine\penicillin\seed20260789\S-u+K.pth,C:\Users\admin\Desktop\深度学习+CBF\kkt_collocation\results\multiseed30_penicillin_k10_refined_lambda_cached_margin1e6_20260804_v1\linear_cosine\penicillin\seed20260789\test_per_sample_S-u+K.csv
400,penicillin,S-u+K,0,-1.2319565427021395e-05,0.370037474138035,,2.04,0.0020053167865559073,0.07436145324991231,2.737999993769335e-06,0.07436419124990606,linear_cosine,0.11048030889054647,92.0,0.0,,400,20260790,C:\Users\admin\Desktop\深度学习+CBF\kkt_collocation\results\multiseed10_penicillin_k10_cpu_20260803_v1\linear_cosine\penicillin\seed20260790\S-u+K.pth,C:\Users\admin\Desktop\深度学习+CBF\kkt_collocation\results\multiseed30_penicillin_k10_refined_lambda_cached_margin1e6_20260804_v1\linear_cosine\penicillin\seed20260790\test_per_sample_S-u+K.csv
400,penicillin,S-u+K,0,-5.313307457344152e-06,0.372491991993822,,2.4475,0.0018082503374741842,0.10244732275004026,2.2329999956127726e-06,0.10244955575003586,linear_cosine,0.13849948887028463,100.0,0.0,,400,20260791,C:\Users\admin\Desktop\深度学习+CBF\kkt_collocation\results\multiseed_penicillin_k10_cpu_seeds21_30_20260803_v1\linear_cosine\penicillin\seed20260791\S-u+K.pth,C:\Users\admin\Desktop\深度学习+CBF\kkt_collocation\results\multiseed30_penicillin_k10_refined_lambda_cached_margin1e6_20260804_v1\linear_cosine\penicillin\seed20260791\test_per_sample_S-u+K.csv
400,penicillin,S-u+K,0,-3.880247462229036e-06,0.3128766564489,,1.8,0.001496874319226908,0.09809826749999956,2.8042499980074353e-06,0.09810107174999758,linear_cosine,0.1191756522101603,91.75,0.0,,400,20260792,C:\Users\admin\Desktop\深度学习+CBF\kkt_collocation\results\multiseed_penicillin_k10_cpu_seeds21_30_20260803_v1\linear_cosine\penicillin\seed20260792\S-u+K.pth,C:\Users\admin\Desktop\深度学习+CBF\kkt_collocation\results\multiseed30_penicillin_k10_refined_lambda_cached_margin1e6_20260804_v1\linear_cosine\penicillin\seed20260792\test_per_sample_S-u+K.csv
400,penicillin,S-u+K,0,-1.2533662314684335e-06,0.2783883804792856,,1.83,0.001159878119124165,0.09701646799993796,2.1285000002535526e-06,0.09701859649993821,linear_cosine,0.12826182905356687,89.5,0.0,,400,20260793,C:\Users\admin\Desktop\深度学习+CBF\kkt_collocation\results\multiseed_penicillin_k10_cpu_seeds21_30_20260803_v1\linear_cosine\penicillin\seed20260793\S-u+K.pth,C:\Users\admin\Desktop\深度学习+CBF\kkt_collocation\results\multiseed30_penicillin_k10_refined_lambda_cached_margin1e6_20260804_v1\linear_cosine\penicillin\seed20260793\test_per_sample_S-u+K.csv
400,penicillin,S-u+K,0,-2.6124915372849333e-05,0.30644928242794445,,1.915,0.001556932695795428,0.09771167900010369,2.0577499981300214e-06,0.09771373675010185,linear_cosine,0.10492816974403647,91.5,0.0,,400,20260794,C:\Users\admin\Desktop\深度学习+CBF\kkt_collocation\results\multiseed_penicillin_k10_cpu_seeds21_30_20260803_v1\linear_cosine\penicillin\seed20260794\S-u+K.pth,C:\Users\admin\Desktop\深度学习+CBF\kkt_collocation\results\multiseed30_penicillin_k10_refined_lambda_cached_margin1e6_20260804_v1\linear_cosine\penicillin\seed20260794\test_per_sample_S-u+K.csv
400,penicillin,S-u+K,0,-6.1905270070106155e-06,0.36038048221662367,,2.07,0.0018272802033711675,0.09917532424995443,1.583250004841829e-06,0.09917690749995928,linear_cosine,0.12393596658206651,90.0,0.0,,400,20260795,C:\Users\admin\Desktop\深度学习+CBF\kkt_collocation\results\multiseed_penicillin_k10_cpu_seeds21_30_20260803_v1\linear_cosine\penicillin\seed20260795\S-u+K.pth,C:\Users\admin\Desktop\深度学习+CBF\kkt_collocation\results\multiseed30_penicillin_k10_refined_lambda_cached_margin1e6_20260804_v1\linear_cosine\penicillin\seed20260795\test_per_sample_S-u+K.csv
400,penicillin,S-u+K,0,-2.0394500178211317e-05,0.22386896552301255,,1.68,0.0009842211637429996,0.09478631375010081,3.6042500050825766e-06,0.0947899180001059,linear_cosine,0.09649035470445518,86.75,0.0,,400,20260796,C:\Users\admin\Desktop\深度学习+CBF\kkt_collocation\results\multiseed_penicillin_k10_cpu_seeds21_30_20260803_v1\linear_cosine\penicillin\seed20260796\S-u+K.pth,C:\Users\admin\Desktop\深度学习+CBF\kkt_collocation\results\multiseed30_penicillin_k10_refined_lambda_cached_margin1e6_20260804_v1\linear_cosine\penicillin\seed20260796\test_per_sample_S-u+K.csv
400,penicillin,S-u+K,0,-4.820066434635395e-05,0.3253168454131341,,2.0975,0.0015092726205634891,0.09827535524999803,1.9627499932539653e-06,0.09827731799999126,linear_cosine,0.1299828301706844,97.0,0.0,,400,20260797,C:\Users\admin\Desktop\深度学习+CBF\kkt_collocation\results\multiseed_penicillin_k10_cpu_seeds21_30_20260803_v1\linear_cosine\penicillin\seed20260797\S-u+K.pth,C:\Users\admin\Desktop\深度学习+CBF\kkt_collocation\results\multiseed30_penicillin_k10_refined_lambda_cached_margin1e6_20260804_v1\linear_cosine\penicillin\seed20260797\test_per_sample_S-u+K.csv
400,penicillin,S-u+K,0,-1.8352315950265208e-07,0.29748359519281636,,1.945,0.0014526872439963587,0.09714764499997727,1.5307499961636494e-06,0.09714917574997343,linear_cosine,0.10946581952158388,92.0,0.0,,400,20260798,C:\Users\admin\Desktop\深度学习+CBF\kkt_collocation\results\multiseed_penicillin_k10_cpu_seeds21_30_20260803_v1\linear_cosine\penicillin\seed20260798\S-u+K.pth,C:\Users\admin\Desktop\深度学习+CBF\kkt_collocation\results\multiseed30_penicillin_k10_refined_lambda_cached_margin1e6_20260804_v1\linear_cosine\penicillin\seed20260798\test_per_sample_S-u+K.csv
400,penicillin,S-u+K,0,-3.237211945089635e-05,0.38899333854919094,,2.4225,0.0016187608090061582,0.08742751100006899,2.080249996652128e-06,0.08742959125006566,linear_cosine,0.17951130253354866,99.25,0.0,,400,20260799,C:\Users\admin\Desktop\深度学习+CBF\kkt_collocation\results\multiseed_penicillin_k10_cpu_seeds21_30_20260803_v1\linear_cosine\penicillin\seed20260799\S-u+K.pth,C:\Users\admin\Desktop\深度学习+CBF\kkt_collocation\results\multiseed30_penicillin_k10_refined_lambda_cached_margin1e6_20260804_v1\linear_cosine\penicillin\seed20260799\test_per_sample_S-u+K.csv
400,penicillin,S-u+K,0,-1.6099300305438824e-05,0.2744386658660143,,1.9525,0.0013136579669512651,0.08620758824995392,2.078500001516659e-06,0.08620966674995544,linear_cosine,0.10442242363647736,85.5,0.0,,400,20260800,C:\Users\admin\Desktop\深度学习+CBF\kkt_collocation\results\multiseed_penicillin_k10_cpu_seeds21_30_20260803_v1\linear_cosine\penicillin\seed20260800\S-u+K.pth,C:\Users\admin\Desktop\深度学习+CBF\kkt_collocation\results\multiseed30_penicillin_k10_refined_lambda_cached_margin1e6_20260804_v1\linear_cosine\penicillin\seed20260800\test_per_sample_S-u+K.csv
400,penicillin,S-u+K,0,-4.420249895131789e-05,0.44553526357558265,,2.52,0.0024112463224555247,0.09468092625004829,1.8974999966303586e-06,0.09468282375004494,standard_pcgrad,0.13343466451679578,98.0,0.0,,400,20260771,C:\Users\admin\Desktop\深度学习+CBF\kkt_collocation\results\multiseed10_penicillin_k10_cpu_20260803_v1\standard_pcgrad\penicillin\seed20260771\S-u+K.pth,C:\Users\admin\Desktop\深度学习+CBF\kkt_collocation\results\multiseed30_penicillin_k10_refined_lambda_cached_margin1e6_20260804_v1\standard_pcgrad\penicillin\seed20260771\test_per_sample_S-u+K.csv
400,penicillin,S-u+K,0,-2.2966505526023084e-05,0.38327554519365314,,1.865,0.002283390881974424,0.09281047949979439,1.574750003783265e-06,0.09281205424979815,standard_pcgrad,0.08780186997029739,94.5,0.0,,400,20260772,C:\Users\admin\Desktop\深度学习+CBF\kkt_collocation\results\multiseed10_penicillin_k10_cpu_20260803_v1\standard_pcgrad\penicillin\seed20260772\S-u+K.pth,C:\Users\admin\Desktop\深度学习+CBF\kkt_collocation\results\multiseed30_penicillin_k10_refined_lambda_cached_margin1e6_20260804_v1\standard_pcgrad\penicillin\seed20260772\test_per_sample_S-u+K.csv
400,penicillin,S-u+K,0,-3.284506611084259e-05,0.3305144714342474,,2.095,0.0017114616981176612,0.09849079850006091,1.5967500075930725e-06,0.09849239525006849,standard_pcgrad,0.10903386541276133,91.0,0.0,,400,20260773,C:\Users\admin\Desktop\深度学习+CBF\kkt_collocation\results\multiseed10_penicillin_k10_cpu_20260803_v1\standard_pcgrad\penicillin\seed20260773\S-u+K.pth,C:\Users\admin\Desktop\深度学习+CBF\kkt_collocation\results\multiseed30_penicillin_k10_refined_lambda_cached_margin1e6_20260804_v1\standard_pcgrad\penicillin\seed20260773\test_per_sample_S-u+K.csv
400,penicillin,S-u+K,0,-2.0712980715986706e-05,0.28415894531150776,,1.7075,0.0013186742160482454,0.0896632769999087,3.725249998751678e-06,0.08966700224990744,standard_pcgrad,0.11350384947568874,84.25,0.0,,400,20260774,C:\Users\admin\Desktop\深度学习+CBF\kkt_collocation\results\multiseed10_penicillin_k10_cpu_20260803_v1\standard_pcgrad\penicillin\seed20260774\S-u+K.pth,C:\Users\admin\Desktop\深度学习+CBF\kkt_collocation\results\multiseed30_penicillin_k10_refined_lambda_cached_margin1e6_20260804_v1\standard_pcgrad\penicillin\seed20260774\test_per_sample_S-u+K.csv
400,penicillin,S-u+K,0,-1.54545778897619e-05,0.2262706343029073,,1.5525,0.0008992054178831177,0.09337531899992428,2.1072499930596683e-06,0.09337742624991734,standard_pcgrad,0.1098867697123239,91.0,0.0,,400,20260775,C:\Users\admin\Desktop\深度学习+CBF\kkt_collocation\results\multiseed10_penicillin_k10_cpu_20260803_v1\standard_pcgrad\penicillin\seed20260775\S-u+K.pth,C:\Users\admin\Desktop\深度学习+CBF\kkt_collocation\results\multiseed30_penicillin_k10_refined_lambda_cached_margin1e6_20260804_v1\standard_pcgrad\penicillin\seed20260775\test_per_sample_S-u+K.csv
400,penicillin,S-u+K,0,-5.935244419441599e-06,0.26535740989811474,,1.7875,0.0011420606192362901,0.09595517675001247,1.502249997429317e-06,0.0959566790000099,standard_pcgrad,0.11755124714167606,95.75,0.0,,400,20260776,C:\Users\admin\Desktop\深度学习+CBF\kkt_collocation\results\multiseed10_penicillin_k10_cpu_20260803_v1\standard_pcgrad\penicillin\seed20260776\S-u+K.pth,C:\Users\admin\Desktop\深度学习+CBF\kkt_collocation\results\multiseed30_penicillin_k10_refined_lambda_cached_margin1e6_20260804_v1\standard_pcgrad\penicillin\seed20260776\test_per_sample_S-u+K.csv
400,penicillin,S-u+K,0,-7.971254268435146e-06,0.37056413248519515,,1.53,0.002090594424884369,0.08582996299992374,2.0800000038434522e-06,0.08583204299992754,standard_pcgrad,0.09991403678238302,86.0,0.0,,400,20260777,C:\Users\admin\Desktop\深度学习+CBF\kkt_collocation\results\multiseed10_penicillin_k10_cpu_20260803_v1\standard_pcgrad\penicillin\seed20260777\S-u+K.pth,C:\Users\admin\Desktop\深度学习+CBF\kkt_collocation\results\multiseed30_penicillin_k10_refined_lambda_cached_margin1e6_20260804_v1\standard_pcgrad\penicillin\seed20260777\test_per_sample_S-u+K.csv
400,penicillin,S-u+K,0,-1.875349549262939e-06,0.26893734515745477,,1.7425,0.0013337002221878893,0.07954751425000722,8.406999995713704e-06,0.07955592125000294,standard_pcgrad,0.09633072023568398,85.0,0.0,,400,20260778,C:\Users\admin\Desktop\深度学习+CBF\kkt_collocation\results\multiseed10_penicillin_k10_cpu_20260803_v1\standard_pcgrad\penicillin\seed20260778\S-u+K.pth,C:\Users\admin\Desktop\深度学习+CBF\kkt_collocation\results\multiseed30_penicillin_k10_refined_lambda_cached_margin1e6_20260804_v1\standard_pcgrad\penicillin\seed20260778\test_per_sample_S-u+K.csv
400,penicillin,S-u+K,0,-1.0081895008784425e-05,0.3483212095908923,,1.95,0.0017520640470680565,0.08102864074990065,1.49049999890849e-06,0.08103013124989956,standard_pcgrad,0.12156419657897971,88.0,0.0,,400,20260779,C:\Users\admin\Desktop\深度学习+CBF\kkt_collocation\results\multiseed10_penicillin_k10_cpu_20260803_v1\standard_pcgrad\penicillin\seed20260779\S-u+K.pth,C:\Users\admin\Desktop\深度学习+CBF\kkt_collocation\results\multiseed30_penicillin_k10_refined_lambda_cached_margin1e6_20260804_v1\standard_pcgrad\penicillin\seed20260779\test_per_sample_S-u+K.csv
400,penicillin,S-u+K,0,-1.1412528256038446e-05,0.28814111569527834,,2.0,0.0014507889319472003,0.08119460675001391,5.334500001481502e-06,0.08119994125001542,standard_pcgrad,0.10037949086564671,99.0,0.0,,400,20260780,C:\Users\admin\Desktop\深度学习+CBF\kkt_collocation\results\multiseed10_penicillin_k10_cpu_20260803_v1\standard_pcgrad\penicillin\seed20260780\S-u+K.pth,C:\Users\admin\Desktop\深度学习+CBF\kkt_collocation\results\multiseed30_penicillin_k10_refined_lambda_cached_margin1e6_20260804_v1\standard_pcgrad\penicillin\seed20260780\test_per_sample_S-u+K.csv
400,penicillin,S-u+K,0,-6.030026371839359e-06,0.40066600020115756,,2.17,0.002252108672025624,0.08209934099977545,9.615500002837508e-06,0.08210895649977833,standard_pcgrad,0.10916737396643517,95.25,0.0,,400,20260781,C:\Users\admin\Desktop\深度学习+CBF\kkt_collocation\results\multiseed10_penicillin_k10_cpu_20260803_v1\standard_pcgrad\penicillin\seed20260781\S-u+K.pth,C:\Users\admin\Desktop\深度学习+CBF\kkt_collocation\results\multiseed30_penicillin_k10_refined_lambda_cached_margin1e6_20260804_v1\standard_pcgrad\penicillin\seed20260781\test_per_sample_S-u+K.csv
400,penicillin,S-u+K,0,-3.984029378345522e-06,0.3789170215200105,,2.09,0.0019241631916917343,0.07444459349989302,7.720749999862166e-06,0.0744523142498929,standard_pcgrad,0.12990048762246026,85.5,0.0,,400,20260782,C:\Users\admin\Desktop\深度学习+CBF\kkt_collocation\results\multiseed10_penicillin_k10_cpu_20260803_v1\standard_pcgrad\penicillin\seed20260782\S-u+K.pth,C:\Users\admin\Desktop\深度学习+CBF\kkt_collocation\results\multiseed30_penicillin_k10_refined_lambda_cached_margin1e6_20260804_v1\standard_pcgrad\penicillin\seed20260782\test_per_sample_S-u+K.csv
400,penicillin,S-u+K,0,-4.347467235543689e-06,0.39831512741395503,,2.45,0.002127765016048443,0.07570289324997248,6.1952499981998675e-06,0.0757090884999707,standard_pcgrad,0.12289798616577899,97.0,0.0,,400,20260783,C:\Users\admin\Desktop\深度学习+CBF\kkt_collocation\results\multiseed10_penicillin_k10_cpu_20260803_v1\standard_pcgrad\penicillin\seed20260783\S-u+K.pth,C:\Users\admin\Desktop\深度学习+CBF\kkt_collocation\results\multiseed30_penicillin_k10_refined_lambda_cached_margin1e6_20260804_v1\standard_pcgrad\penicillin\seed20260783\test_per_sample_S-u+K.csv
400,penicillin,S-u+K,0,-7.266864238464343e-06,0.3754895894864925,,2.09,0.0018355067221544493,0.076162054000024,2.0865000078629237e-06,0.07616414050003187,standard_pcgrad,0.13794056826969067,95.0,0.0,,400,20260784,C:\Users\admin\Desktop\深度学习+CBF\kkt_collocation\results\multiseed10_penicillin_k10_cpu_20260803_v1\standard_pcgrad\penicillin\seed20260784\S-u+K.pth,C:\Users\admin\Desktop\深度学习+CBF\kkt_collocation\results\multiseed30_penicillin_k10_refined_lambda_cached_margin1e6_20260804_v1\standard_pcgrad\penicillin\seed20260784\test_per_sample_S-u+K.csv
400,penicillin,S-u+K,0,-2.0002838204580264e-05,0.31152827591968163,,1.7625,0.0014916956728853942,0.125027775499957,2.0097499964322203e-06,0.12502978524995342,standard_pcgrad,0.11845279495997346,91.5,0.0,,400,20260785,C:\Users\admin\Desktop\深度学习+CBF\kkt_collocation\results\multiseed10_penicillin_k10_cpu_20260803_v1\standard_pcgrad\penicillin\seed20260785\S-u+K.pth,C:\Users\admin\Desktop\深度学习+CBF\kkt_collocation\results\multiseed30_penicillin_k10_refined_lambda_cached_margin1e6_20260804_v1\standard_pcgrad\penicillin\seed20260785\test_per_sample_S-u+K.csv
400,penicillin,S-u+K,0,-1.3217453837532922e-06,0.22835576957454745,,1.6175,0.0010809300834966427,0.12379148500017437,1.5125000027182978e-06,0.12379299750017708,standard_pcgrad,0.08848127468417791,95.5,0.0,,400,20260786,C:\Users\admin\Desktop\深度学习+CBF\kkt_collocation\results\multiseed10_penicillin_k10_cpu_20260803_v1\standard_pcgrad\penicillin\seed20260786\S-u+K.pth,C:\Users\admin\Desktop\深度学习+CBF\kkt_collocation\results\multiseed30_penicillin_k10_refined_lambda_cached_margin1e6_20260804_v1\standard_pcgrad\penicillin\seed20260786\test_per_sample_S-u+K.csv
400,penicillin,S-u+K,0,-1.2780936107292806e-05,0.411501189011296,,2.695,0.0022922197605360936,0.13396304425010386,1.5755000003991882e-06,0.13396461975010426,standard_pcgrad,0.11485436224397606,99.5,0.0,,400,20260787,C:\Users\admin\Desktop\深度学习+CBF\kkt_collocation\results\multiseed10_penicillin_k10_cpu_20260803_v1\standard_pcgrad\penicillin\seed20260787\S-u+K.pth,C:\Users\admin\Desktop\深度学习+CBF\kkt_collocation\results\multiseed30_penicillin_k10_refined_lambda_cached_margin1e6_20260804_v1\standard_pcgrad\penicillin\seed20260787\test_per_sample_S-u+K.csv
400,penicillin,S-u+K,0,-2.5353353574231186e-05,0.22425414796097382,,1.595,0.0010405609915941473,0.1241026077499646,2.4320000011357477e-06,0.12410503974996573,standard_pcgrad,0.08956808306919245,88.75,0.0,,400,20260788,C:\Users\admin\Desktop\深度学习+CBF\kkt_collocation\results\multiseed10_penicillin_k10_cpu_20260803_v1\standard_pcgrad\penicillin\seed20260788\S-u+K.pth,C:\Users\admin\Desktop\深度学习+CBF\kkt_collocation\results\multiseed30_penicillin_k10_refined_lambda_cached_margin1e6_20260804_v1\standard_pcgrad\penicillin\seed20260788\test_per_sample_S-u+K.csv
400,penicillin,S-u+K,0,-1.7416234651124185e-06,0.3500916294997283,,2.21,0.0018067249456776133,0.13002457800002049,1.568500001667416e-06,0.13002614650002214,standard_pcgrad,0.11628668972123572,98.5,0.0,,400,20260789,C:\Users\admin\Desktop\深度学习+CBF\kkt_collocation\results\multiseed10_penicillin_k10_cpu_20260803_v1\standard_pcgrad\penicillin\seed20260789\S-u+K.pth,C:\Users\admin\Desktop\深度学习+CBF\kkt_collocation\results\multiseed30_penicillin_k10_refined_lambda_cached_margin1e6_20260804_v1\standard_pcgrad\penicillin\seed20260789\test_per_sample_S-u+K.csv
400,penicillin,S-u+K,0,-8.916983787299326e-06,0.3293706328599172,,1.6925,0.0016204984636191966,0.12741448700007824,3.612000000430271e-06,0.12741809900007867,standard_pcgrad,0.11961338734163598,82.0,0.0,,400,20260790,C:\Users\admin\Desktop\深度学习+CBF\kkt_collocation\results\multiseed10_penicillin_k10_cpu_20260803_v1\standard_pcgrad\penicillin\seed20260790\S-u+K.pth,C:\Users\admin\Desktop\深度学习+CBF\kkt_collocation\results\multiseed30_penicillin_k10_refined_lambda_cached_margin1e6_20260804_v1\standard_pcgrad\penicillin\seed20260790\test_per_sample_S-u+K.csv
400,penicillin,S-u+K,0,-2.1031924759606913e-05,0.3559788151485296,,2.5375,0.0019051688845295697,0.13003789800002777,2.0152500019321447e-06,0.13003991325002975,standard_pcgrad,0.10943816820597962,100.0,0.0,,400,20260791,C:\Users\admin\Desktop\深度学习+CBF\kkt_collocation\results\multiseed_penicillin_k10_cpu_seeds21_30_20260803_v1\standard_pcgrad\penicillin\seed20260791\S-u+K.pth,C:\Users\admin\Desktop\深度学习+CBF\kkt_collocation\results\multiseed30_penicillin_k10_refined_lambda_cached_margin1e6_20260804_v1\standard_pcgrad\penicillin\seed20260791\test_per_sample_S-u+K.csv
400,penicillin,S-u+K,0,-3.882145409805915e-06,0.3514244810965215,,1.935,0.001900672890395227,0.12878388899996027,3.7277499995980172e-06,0.12878761674995987,standard_pcgrad,0.10546894723833364,88.5,0.0,,400,20260792,C:\Users\admin\Desktop\深度学习+CBF\kkt_collocation\results\multiseed_penicillin_k10_cpu_seeds21_30_20260803_v1\standard_pcgrad\penicillin\seed20260792\S-u+K.pth,C:\Users\admin\Desktop\深度学习+CBF\kkt_collocation\results\multiseed30_penicillin_k10_refined_lambda_cached_margin1e6_20260804_v1\standard_pcgrad\penicillin\seed20260792\test_per_sample_S-u+K.csv
400,penicillin,S-u+K,0,-1.6817989640371955e-05,0.2842832111393697,,2.04,0.0013589843644592463,0.07607538375001241,4.107249997105101e-06,0.0760794910000095,standard_pcgrad,0.10841198827893986,93.25,0.0,,400,20260793,C:\Users\admin\Desktop\深度学习+CBF\kkt_collocation\results\multiseed_penicillin_k10_cpu_seeds21_30_20260803_v1\standard_pcgrad\penicillin\seed20260793\S-u+K.pth,C:\Users\admin\Desktop\深度学习+CBF\kkt_collocation\results\multiseed30_penicillin_k10_refined_lambda_cached_margin1e6_20260804_v1\standard_pcgrad\penicillin\seed20260793\test_per_sample_S-u+K.csv
400,penicillin,S-u+K,0,-1.8639922959917676e-05,0.30736441780398727,,1.77,0.0015542619178287858,0.07685672625006192,2.4017499981709996e-06,0.0768591280000601,standard_pcgrad,0.1061685226989615,89.25,0.0,,400,20260794,C:\Users\admin\Desktop\深度学习+CBF\kkt_collocation\results\multiseed_penicillin_k10_cpu_seeds21_30_20260803_v1\standard_pcgrad\penicillin\seed20260794\S-u+K.pth,C:\Users\admin\Desktop\深度学习+CBF\kkt_collocation\results\multiseed30_penicillin_k10_refined_lambda_cached_margin1e6_20260804_v1\standard_pcgrad\penicillin\seed20260794\test_per_sample_S-u+K.csv
400,penicillin,S-u+K,0,-2.5274033839561838e-05,0.3872013073497568,,1.94,0.0020422128193613625,0.07573430675010968,3.974500004915171e-06,0.07573828125011459,standard_pcgrad,0.12292508317181362,94.75,0.0,,400,20260795,C:\Users\admin\Desktop\深度学习+CBF\kkt_collocation\results\multiseed_penicillin_k10_cpu_seeds21_30_20260803_v1\standard_pcgrad\penicillin\seed20260795\S-u+K.pth,C:\Users\admin\Desktop\深度学习+CBF\kkt_collocation\results\multiseed30_penicillin_k10_refined_lambda_cached_margin1e6_20260804_v1\standard_pcgrad\penicillin\seed20260795\test_per_sample_S-u+K.csv
400,penicillin,S-u+K,0,-2.8431145504770328e-05,0.25291132539485517,,1.595,0.001192340462994989,0.07198456224997245,2.6435000017954746e-06,0.07198720574997423,standard_pcgrad,0.09860890846032605,84.0,0.0,,400,20260796,C:\Users\admin\Desktop\深度学习+CBF\kkt_collocation\results\multiseed_penicillin_k10_cpu_seeds21_30_20260803_v1\standard_pcgrad\penicillin\seed20260796\S-u+K.pth,C:\Users\admin\Desktop\深度学习+CBF\kkt_collocation\results\multiseed30_penicillin_k10_refined_lambda_cached_margin1e6_20260804_v1\standard_pcgrad\penicillin\seed20260796\test_per_sample_S-u+K.csv
400,penicillin,S-u+K,0,-4.083277766075977e-05,0.35769277896294294,,2.0525,0.0017530013075613762,0.07575650574992324,3.9087499953893715e-06,0.07576041449991865,standard_pcgrad,0.1308208942054882,97.75,0.0,,400,20260797,C:\Users\admin\Desktop\深度学习+CBF\kkt_collocation\results\multiseed_penicillin_k10_cpu_seeds21_30_20260803_v1\standard_pcgrad\penicillin\seed20260797\S-u+K.pth,C:\Users\admin\Desktop\深度学习+CBF\kkt_collocation\results\multiseed30_penicillin_k10_refined_lambda_cached_margin1e6_20260804_v1\standard_pcgrad\penicillin\seed20260797\test_per_sample_S-u+K.csv
400,penicillin,S-u+K,0,-5.055251994290355e-06,0.30075272101423456,,1.8175,0.0013998545968531733,0.07264401925014681,2.5392499992449297e-06,0.07264655850014608,standard_pcgrad,0.11958705314077725,90.75,0.0,,400,20260798,C:\Users\admin\Desktop\深度学习+CBF\kkt_collocation\results\multiseed_penicillin_k10_cpu_seeds21_30_20260803_v1\standard_pcgrad\penicillin\seed20260798\S-u+K.pth,C:\Users\admin\Desktop\深度学习+CBF\kkt_collocation\results\multiseed30_penicillin_k10_refined_lambda_cached_margin1e6_20260804_v1\standard_pcgrad\penicillin\seed20260798\test_per_sample_S-u+K.csv
400,penicillin,S-u+K,0,-8.841582622720612e-05,0.36395898875184723,,2.54,0.001888186250757242,0.07426129600020431,2.4554999981774024e-06,0.07426375150020251,standard_pcgrad,0.1195935297308193,99.5,0.0,,400,20260799,C:\Users\admin\Desktop\深度学习+CBF\kkt_collocation\results\multiseed_penicillin_k10_cpu_seeds21_30_20260803_v1\standard_pcgrad\penicillin\seed20260799\S-u+K.pth,C:\Users\admin\Desktop\深度学习+CBF\kkt_collocation\results\multiseed30_penicillin_k10_refined_lambda_cached_margin1e6_20260804_v1\standard_pcgrad\penicillin\seed20260799\test_per_sample_S-u+K.csv
400,penicillin,S-u+K,0,-7.234147941903579e-06,0.24367460801231047,,1.56,0.0009881234790879378,0.06947821449990442,3.8029999996069812e-06,0.06948201749990401,standard_pcgrad,0.11578971701879656,79.25,0.0,,400,20260800,C:\Users\admin\Desktop\深度学习+CBF\kkt_collocation\results\multiseed_penicillin_k10_cpu_seeds21_30_20260803_v1\standard_pcgrad\penicillin\seed20260800\S-u+K.pth,C:\Users\admin\Desktop\深度学习+CBF\kkt_collocation\results\multiseed30_penicillin_k10_refined_lambda_cached_margin1e6_20260804_v1\standard_pcgrad\penicillin\seed20260800\test_per_sample_S-u+K.csv
400,penicillin,S-u,0,-2.393983409881839e-05,0.6527867795907445,,3.6025,0.0049257169657161825,0.08424923549992855,1.809000004868721e-06,0.08425104449993341,supervised,0.015317579050414578,100.0,0.0,,400,20260771,C:\Users\admin\Desktop\深度学习+CBF\kkt_collocation\results\multiseed10_penicillin_k10_cpu_20260803_v1\supervised\penicillin\seed20260771\S-u.pth,C:\Users\admin\Desktop\深度学习+CBF\kkt_collocation\results\multiseed30_penicillin_k10_refined_lambda_cached_margin1e6_20260804_v1\supervised\penicillin\seed20260771\test_per_sample_S-u.csv
400,penicillin,S-u,0,-3.6822065738184584e-06,0.8908409046388612,,3.33,0.006807685175255075,0.08987463874994318,2.463500004523666e-06,0.08987710224994772,supervised,0.009672522282583102,100.0,0.0,,400,20260772,C:\Users\admin\Desktop\深度学习+CBF\kkt_collocation\results\multiseed10_penicillin_k10_cpu_20260803_v1\supervised\penicillin\seed20260772\S-u.pth,C:\Users\admin\Desktop\深度学习+CBF\kkt_collocation\results\multiseed30_penicillin_k10_refined_lambda_cached_margin1e6_20260804_v1\supervised\penicillin\seed20260772\test_per_sample_S-u.csv
400,penicillin,S-u,0,-1.494019950792902e-05,0.6226957294095155,,3.4975,0.004727955373878334,0.08328506450012356,1.8670000008569338e-06,0.08328693150012441,supervised,0.010785729102638787,100.0,0.0,,400,20260773,C:\Users\admin\Desktop\深度学习+CBF\kkt_collocation\results\multiseed10_penicillin_k10_cpu_20260803_v1\supervised\penicillin\seed20260773\S-u.pth,C:\Users\admin\Desktop\深度学习+CBF\kkt_collocation\results\multiseed30_penicillin_k10_refined_lambda_cached_margin1e6_20260804_v1\supervised\penicillin\seed20260773\test_per_sample_S-u.csv
400,penicillin,S-u,0,-1.0172979400313586e-05,0.7067870975183399,,3.1525,0.005356667125690737,0.08606579400006012,2.2970000009081563e-06,0.08606809100006103,supervised,0.013462518848625423,100.0,0.0,,400,20260774,C:\Users\admin\Desktop\深度学习+CBF\kkt_collocation\results\multiseed10_penicillin_k10_cpu_20260803_v1\supervised\penicillin\seed20260774\S-u.pth,C:\Users\admin\Desktop\深度学习+CBF\kkt_collocation\results\multiseed30_penicillin_k10_refined_lambda_cached_margin1e6_20260804_v1\supervised\penicillin\seed20260774\test_per_sample_S-u.csv
400,penicillin,S-u,0,-3.1566900773660755e-05,0.48023041406574174,,3.1175,0.003605312313115735,0.07997952699997768,3.9087499953893715e-06,0.07998343574997309,supervised,0.01362584615107649,100.0,0.0,,400,20260775,C:\Users\admin\Desktop\深度学习+CBF\kkt_collocation\results\multiseed10_penicillin_k10_cpu_20260803_v1\supervised\penicillin\seed20260775\S-u.pth,C:\Users\admin\Desktop\深度学习+CBF\kkt_collocation\results\multiseed30_penicillin_k10_refined_lambda_cached_margin1e6_20260804_v1\supervised\penicillin\seed20260775\test_per_sample_S-u.csv
400,penicillin,S-u,0,-5.384314223089159e-06,0.6053335483239851,,3.1725,0.004584992302189476,0.08252982300004988,2.5812500007305063e-06,0.08253240425005061,supervised,0.012066233561524798,94.75,0.0,,400,20260776,C:\Users\admin\Desktop\深度学习+CBF\kkt_collocation\results\multiseed10_penicillin_k10_cpu_20260803_v1\supervised\penicillin\seed20260776\S-u.pth,C:\Users\admin\Desktop\深度学习+CBF\kkt_collocation\results\multiseed30_penicillin_k10_refined_lambda_cached_margin1e6_20260804_v1\supervised\penicillin\seed20260776\test_per_sample_S-u.csv
400,penicillin,S-u,0,-4.115295142603781e-06,0.546405766723616,,3.095,0.004145876668143528,0.08142188700000588,2.379249999648891e-06,0.08142426625000553,supervised,0.009860237975223767,99.0,0.0,,400,20260777,C:\Users\admin\Desktop\深度学习+CBF\kkt_collocation\results\multiseed10_penicillin_k10_cpu_20260803_v1\supervised\penicillin\seed20260777\S-u.pth,C:\Users\admin\Desktop\深度学习+CBF\kkt_collocation\results\multiseed30_penicillin_k10_refined_lambda_cached_margin1e6_20260804_v1\supervised\penicillin\seed20260777\test_per_sample_S-u.csv
400,penicillin,S-u,0,-6.015928424862871e-06,0.7493680453754312,,3.2975,0.0057007429211916125,0.08797295449994635,4.355999999461345e-06,0.08797731049994581,supervised,0.011513782344879535,99.5,0.0,,400,20260778,C:\Users\admin\Desktop\深度学习+CBF\kkt_collocation\results\multiseed10_penicillin_k10_cpu_20260803_v1\supervised\penicillin\seed20260778\S-u.pth,C:\Users\admin\Desktop\深度学习+CBF\kkt_collocation\results\multiseed30_penicillin_k10_refined_lambda_cached_margin1e6_20260804_v1\supervised\penicillin\seed20260778\test_per_sample_S-u.csv
400,penicillin,S-u,0,-3.349302378391483e-05,0.4518821816455385,,3.245,0.00337631499870506,0.08234435624997787,2.027000000452972e-06,0.08234638324997835,supervised,0.01493946410325262,100.0,0.0,,400,20260779,C:\Users\admin\Desktop\深度学习+CBF\kkt_collocation\results\multiseed10_penicillin_k10_cpu_20260803_v1\supervised\penicillin\seed20260779\S-u.pth,C:\Users\admin\Desktop\深度学习+CBF\kkt_collocation\results\multiseed30_penicillin_k10_refined_lambda_cached_margin1e6_20260804_v1\supervised\penicillin\seed20260779\test_per_sample_S-u.csv
400,penicillin,S-u,0,-1.1128083188260973e-06,0.6711853496757958,,2.9525,0.005109232616224159,0.08805782149996957,2.003250001507695e-06,0.08805982474997108,supervised,0.009885508970877794,99.75,0.0,,400,20260780,C:\Users\admin\Desktop\深度学习+CBF\kkt_collocation\results\multiseed10_penicillin_k10_cpu_20260803_v1\supervised\penicillin\seed20260780\S-u.pth,C:\Users\admin\Desktop\深度学习+CBF\kkt_collocation\results\multiseed30_penicillin_k10_refined_lambda_cached_margin1e6_20260804_v1\supervised\penicillin\seed20260780\test_per_sample_S-u.csv
400,penicillin,S-u,0,-5.5503156968728096e-05,0.566061445578144,,3.3125,0.00426038099282031,0.08479060174994629,2.0257500000298025e-06,0.08479262749994629,supervised,0.01474669904984178,100.0,0.0,,400,20260781,C:\Users\admin\Desktop\深度学习+CBF\kkt_collocation\results\multiseed10_penicillin_k10_cpu_20260803_v1\supervised\penicillin\seed20260781\S-u.pth,C:\Users\admin\Desktop\深度学习+CBF\kkt_collocation\results\multiseed30_penicillin_k10_refined_lambda_cached_margin1e6_20260804_v1\supervised\penicillin\seed20260781\test_per_sample_S-u.csv
400,penicillin,S-u,0,-2.757540497333455e-06,0.6296369007044906,,3.2625,0.00473830907904669,0.08828261600002406,3.8587499966524785e-06,0.08828647475002072,supervised,0.016434263551768302,99.5,0.0,,400,20260782,C:\Users\admin\Desktop\深度学习+CBF\kkt_collocation\results\multiseed10_penicillin_k10_cpu_20260803_v1\supervised\penicillin\seed20260782\S-u.pth,C:\Users\admin\Desktop\深度学习+CBF\kkt_collocation\results\multiseed30_penicillin_k10_refined_lambda_cached_margin1e6_20260804_v1\supervised\penicillin\seed20260782\test_per_sample_S-u.csv
400,penicillin,S-u,0,-9.898410290426485e-05,0.7063154818755516,,3.205,0.00533409408192268,0.08779167325009439,1.5645000075892308e-06,0.08779323775010195,supervised,0.016027279714066617,100.0,0.0,,400,20260783,C:\Users\admin\Desktop\深度学习+CBF\kkt_collocation\results\multiseed10_penicillin_k10_cpu_20260803_v1\supervised\penicillin\seed20260783\S-u.pth,C:\Users\admin\Desktop\深度学习+CBF\kkt_collocation\results\multiseed30_penicillin_k10_refined_lambda_cached_margin1e6_20260804_v1\supervised\penicillin\seed20260783\test_per_sample_S-u.csv
400,penicillin,S-u,0,-2.7665503857576823e-05,0.5510469691537578,,3.2575,0.004126209268983723,0.08594815050008947,1.5337500008172362e-06,0.08594968425009028,supervised,0.0170306054009208,100.0,0.0,,400,20260784,C:\Users\admin\Desktop\深度学习+CBF\kkt_collocation\results\multiseed10_penicillin_k10_cpu_20260803_v1\supervised\penicillin\seed20260784\S-u.pth,C:\Users\admin\Desktop\深度学习+CBF\kkt_collocation\results\multiseed30_penicillin_k10_refined_lambda_cached_margin1e6_20260804_v1\supervised\penicillin\seed20260784\test_per_sample_S-u.csv
400,penicillin,S-u,0,-1.66258420627452e-05,0.5994258087249499,,3.03,0.004536916604087949,0.08672677050006314,2.3232500006997726e-06,0.08672909375006384,supervised,0.012212617567220068,99.5,0.0,,400,20260785,C:\Users\admin\Desktop\深度学习+CBF\kkt_collocation\results\multiseed10_penicillin_k10_cpu_20260803_v1\supervised\penicillin\seed20260785\S-u.pth,C:\Users\admin\Desktop\深度学习+CBF\kkt_collocation\results\multiseed30_penicillin_k10_refined_lambda_cached_margin1e6_20260804_v1\supervised\penicillin\seed20260785\test_per_sample_S-u.csv
400,penicillin,S-u,0,-3.2075070122150606e-07,0.5690109912633133,,3.21,0.004307464016507188,0.08519364374988982,1.6842500008351641e-06,0.08519532799989066,supervised,0.011560189360291472,99.75,0.0,,400,20260786,C:\Users\admin\Desktop\深度学习+CBF\kkt_collocation\results\multiseed10_penicillin_k10_cpu_20260803_v1\supervised\penicillin\seed20260786\S-u.pth,C:\Users\admin\Desktop\深度学习+CBF\kkt_collocation\results\multiseed30_penicillin_k10_refined_lambda_cached_margin1e6_20260804_v1\supervised\penicillin\seed20260786\test_per_sample_S-u.csv
400,penicillin,S-u,0,-9.624641518213295e-07,0.37583406186873164,,2.9275,0.0027897411515916087,0.07785019625000132,2.0975000006728807e-06,0.077852293750002,supervised,0.01477096415815981,97.5,0.0,,400,20260787,C:\Users\admin\Desktop\深度学习+CBF\kkt_collocation\results\multiseed10_penicillin_k10_cpu_20260803_v1\supervised\penicillin\seed20260787\S-u.pth,C:\Users\admin\Desktop\深度学习+CBF\kkt_collocation\results\multiseed30_penicillin_k10_refined_lambda_cached_margin1e6_20260804_v1\supervised\penicillin\seed20260787\test_per_sample_S-u.csv
400,penicillin,S-u,0,-4.919533292346845e-06,0.6635633384104107,,3.4325,0.005040458844342332,0.08503793475000748,1.585749996593222e-06,0.08503952050000409,supervised,0.01128156219231158,99.25,0.0,,400,20260788,C:\Users\admin\Desktop\深度学习+CBF\kkt_collocation\results\multiseed10_penicillin_k10_cpu_20260803_v1\supervised\penicillin\seed20260788\S-u.pth,C:\Users\admin\Desktop\深度学习+CBF\kkt_collocation\results\multiseed30_penicillin_k10_refined_lambda_cached_margin1e6_20260804_v1\supervised\penicillin\seed20260788\test_per_sample_S-u.csv
400,penicillin,S-u,0,-4.294158986728469e-06,0.5903042364420008,,3.3125,0.0044300399236725015,0.08207343700001729,2.0177500027784844e-06,0.08207545475002007,supervised,0.01692989888641,100.0,0.0,,400,20260789,C:\Users\admin\Desktop\深度学习+CBF\kkt_collocation\results\multiseed10_penicillin_k10_cpu_20260803_v1\supervised\penicillin\seed20260789\S-u.pth,C:\Users\admin\Desktop\深度学习+CBF\kkt_collocation\results\multiseed30_penicillin_k10_refined_lambda_cached_margin1e6_20260804_v1\supervised\penicillin\seed20260789\test_per_sample_S-u.csv
400,penicillin,S-u,0,-8.202492881193013e-06,0.671477195459677,,3.2825,0.0050926131611462545,0.0864141744999506,1.5865000023040916e-06,0.08641576099995288,supervised,0.012380651917917013,99.5,0.0,,400,20260790,C:\Users\admin\Desktop\深度学习+CBF\kkt_collocation\results\multiseed10_penicillin_k10_cpu_20260803_v1\supervised\penicillin\seed20260790\S-u.pth,C:\Users\admin\Desktop\深度学习+CBF\kkt_collocation\results\multiseed30_penicillin_k10_refined_lambda_cached_margin1e6_20260804_v1\supervised\penicillin\seed20260790\test_per_sample_S-u.csv
400,penicillin,S-u,0,-8.251117743135472e-05,0.6760423319825215,,3.1075,0.005085083223964925,0.08393546074980804,1.5475000054721022e-06,0.08393700824981351,supervised,0.01779883052988812,99.5,0.0,,400,20260791,C:\Users\admin\Desktop\深度学习+CBF\kkt_collocation\results\multiseed_penicillin_k10_cpu_seeds21_30_20260803_v1\supervised\penicillin\seed20260791\S-u.pth,C:\Users\admin\Desktop\深度学习+CBF\kkt_collocation\results\multiseed30_penicillin_k10_refined_lambda_cached_margin1e6_20260804_v1\supervised\penicillin\seed20260791\test_per_sample_S-u.csv
400,penicillin,S-u,0,-4.5182954489131344e-05,0.5135509427932771,,3.23,0.0038554886982851786,0.08147233274990867,1.573250001456472e-06,0.08147390599991013,supervised,0.01461588220690657,100.0,0.0,,400,20260792,C:\Users\admin\Desktop\深度学习+CBF\kkt_collocation\results\multiseed_penicillin_k10_cpu_seeds21_30_20260803_v1\supervised\penicillin\seed20260792\S-u.pth,C:\Users\admin\Desktop\深度学习+CBF\kkt_collocation\results\multiseed30_penicillin_k10_refined_lambda_cached_margin1e6_20260804_v1\supervised\penicillin\seed20260792\test_per_sample_S-u.csv
400,penicillin,S-u,0,-7.0380842313588765e-06,0.595727085818637,,3.2625,0.004475946485055303,0.08182436025012066,4.406499992910541e-06,0.08182876675011358,supervised,0.01646868393276158,95.75,0.0,,400,20260793,C:\Users\admin\Desktop\深度学习+CBF\kkt_collocation\results\multiseed_penicillin_k10_cpu_seeds21_30_20260803_v1\supervised\penicillin\seed20260793\S-u.pth,C:\Users\admin\Desktop\深度学习+CBF\kkt_collocation\results\multiseed30_penicillin_k10_refined_lambda_cached_margin1e6_20260804_v1\supervised\penicillin\seed20260793\test_per_sample_S-u.csv
400,penicillin,S-u,0,-6.557893097558498e-06,0.6436634545775495,,3.0825,0.004874324836570751,0.0852830252500371,1.6567500006203776e-06,0.08528468200003772,supervised,0.01280150227213638,100.0,0.0,,400,20260794,C:\Users\admin\Desktop\深度学习+CBF\kkt_collocation\results\multiseed_penicillin_k10_cpu_seeds21_30_20260803_v1\supervised\penicillin\seed20260794\S-u.pth,C:\Users\admin\Desktop\深度学习+CBF\kkt_collocation\results\multiseed30_penicillin_k10_refined_lambda_cached_margin1e6_20260804_v1\supervised\penicillin\seed20260794\test_per_sample_S-u.csv
400,penicillin,S-u,0,-2.42034255601431e-05,0.5553878157985491,,3.28,0.004173766772132464,0.08149197124997955,1.7852500059234447e-06,0.08149375649998547,supervised,0.015218084148361496,98.75,0.0,,400,20260795,C:\Users\admin\Desktop\深度学习+CBF\kkt_collocation\results\multiseed_penicillin_k10_cpu_seeds21_30_20260803_v1\supervised\penicillin\seed20260795\S-u.pth,C:\Users\admin\Desktop\深度学习+CBF\kkt_collocation\results\multiseed30_penicillin_k10_refined_lambda_cached_margin1e6_20260804_v1\supervised\penicillin\seed20260795\test_per_sample_S-u.csv
400,penicillin,S-u,0,-1.1467024455869002e-05,0.6248429923865735,,3.0,0.004745602469678303,0.08226211650010555,2.5350000032631215e-06,0.08226465150010881,supervised,0.010640183985317238,96.75,0.0,,400,20260796,C:\Users\admin\Desktop\深度学习+CBF\kkt_collocation\results\multiseed_penicillin_k10_cpu_seeds21_30_20260803_v1\supervised\penicillin\seed20260796\S-u.pth,C:\Users\admin\Desktop\深度学习+CBF\kkt_collocation\results\multiseed30_penicillin_k10_refined_lambda_cached_margin1e6_20260804_v1\supervised\penicillin\seed20260796\test_per_sample_S-u.csv
400,penicillin,S-u,0,-4.1984529942085125e-05,0.6053762219198476,,3.0025,0.004580966725575873,0.08347511425003176,2.2480000006908086e-06,0.08347736225003245,supervised,0.01253250460305384,100.0,0.0,,400,20260797,C:\Users\admin\Desktop\深度学习+CBF\kkt_collocation\results\multiseed_penicillin_k10_cpu_seeds21_30_20260803_v1\supervised\penicillin\seed20260797\S-u.pth,C:\Users\admin\Desktop\深度学习+CBF\kkt_collocation\results\multiseed30_penicillin_k10_refined_lambda_cached_margin1e6_20260804_v1\supervised\penicillin\seed20260797\test_per_sample_S-u.csv
400,penicillin,S-u,0,-1.42941480357206e-05,0.6679015534677896,,3.0525,0.005089039693142996,0.08421045675017921,2.4255000062112235e-06,0.08421288225018543,supervised,0.009246533241296814,98.25,0.0,,400,20260798,C:\Users\admin\Desktop\深度学习+CBF\kkt_collocation\results\multiseed_penicillin_k10_cpu_seeds21_30_20260803_v1\supervised\penicillin\seed20260798\S-u.pth,C:\Users\admin\Desktop\深度学习+CBF\kkt_collocation\results\multiseed30_penicillin_k10_refined_lambda_cached_margin1e6_20260804_v1\supervised\penicillin\seed20260798\test_per_sample_S-u.csv
400,penicillin,S-u,0,-8.172235599346322e-07,0.5853397315162675,,3.155,0.004414836377370636,0.08215874399998939,2.5645000005170003e-06,0.08216130849998991,supervised,0.013952933821965248,100.0,0.0,,400,20260799,C:\Users\admin\Desktop\深度学习+CBF\kkt_collocation\results\multiseed_penicillin_k10_cpu_seeds21_30_20260803_v1\supervised\penicillin\seed20260799\S-u.pth,C:\Users\admin\Desktop\深度学习+CBF\kkt_collocation\results\multiseed30_penicillin_k10_refined_lambda_cached_margin1e6_20260804_v1\supervised\penicillin\seed20260799\test_per_sample_S-u.csv
400,penicillin,S-u,0,-9.263222240929458e-06,0.7543089248916729,,3.28,0.005743728313147674,0.08597019349999754,1.8272499983140738e-06,0.08597202074999587,supervised,0.010907215839603388,99.0,0.0,,400,20260800,C:\Users\admin\Desktop\深度学习+CBF\kkt_collocation\results\multiseed_penicillin_k10_cpu_seeds21_30_20260803_v1\supervised\penicillin\seed20260800\S-u.pth,C:\Users\admin\Desktop\深度学习+CBF\kkt_collocation\results\multiseed30_penicillin_k10_refined_lambda_cached_margin1e6_20260804_v1\supervised\penicillin\seed20260800\test_per_sample_S-u.csv
400,penicillin,S-u+K,0,-0.00011066742994730872,0.42073666575043317,,2.275,0.0017232448692442693,0.07402616625008704,2.1934999949735356e-06,0.07402835975008201,unprocessed,0.19770533528414633,100.0,0.0,,400,20260771,C:\Users\admin\Desktop\深度学习+CBF\kkt_collocation\results\multiseed10_penicillin_k10_cpu_20260803_v1\unprocessed\penicillin\seed20260771\S-u+K.pth,C:\Users\admin\Desktop\深度学习+CBF\kkt_collocation\results\multiseed30_penicillin_k10_refined_lambda_cached_margin1e6_20260804_v1\unprocessed\penicillin\seed20260771\test_per_sample_S-u+K.csv
400,penicillin,S-u+K,0,-3.646601519941006e-05,0.25916988417618864,,1.61,0.0009651614289516772,0.07281839674998082,1.846750001277542e-06,0.07282024349998208,unprocessed,0.13426559002942812,95.0,0.0,,400,20260772,C:\Users\admin\Desktop\深度学习+CBF\kkt_collocation\results\multiseed10_penicillin_k10_cpu_20260803_v1\unprocessed\penicillin\seed20260772\S-u+K.pth,C:\Users\admin\Desktop\深度学习+CBF\kkt_collocation\results\multiseed30_penicillin_k10_refined_lambda_cached_margin1e6_20260804_v1\unprocessed\penicillin\seed20260772\test_per_sample_S-u+K.csv
400,penicillin,S-u+K,0,-3.022212259840007e-06,0.24138603743423323,,1.3875,0.0007922229750288228,0.07058341625001048,1.6522500027349452e-06,0.0705850685000132,unprocessed,0.1388553630570205,86.5,0.0,,400,20260773,C:\Users\admin\Desktop\深度学习+CBF\kkt_collocation\results\multiseed10_penicillin_k10_cpu_20260803_v1\unprocessed\penicillin\seed20260773\S-u+K.pth,C:\Users\admin\Desktop\深度学习+CBF\kkt_collocation\results\multiseed30_penicillin_k10_refined_lambda_cached_margin1e6_20260804_v1\unprocessed\penicillin\seed20260773\test_per_sample_S-u+K.csv
400,penicillin,S-u+K,0,-3.208858222342181e-05,0.3301977330620232,,1.7225,0.0015076373471444816,0.07156196249997265,2.130249995389022e-06,0.07156409274996804,unprocessed,0.13509596803537569,87.75,0.0,,400,20260774,C:\Users\admin\Desktop\深度学习+CBF\kkt_collocation\results\multiseed10_penicillin_k10_cpu_20260803_v1\unprocessed\penicillin\seed20260774\S-u+K.pth,C:\Users\admin\Desktop\深度学习+CBF\kkt_collocation\results\multiseed30_penicillin_k10_refined_lambda_cached_margin1e6_20260804_v1\unprocessed\penicillin\seed20260774\test_per_sample_S-u+K.csv
400,penicillin,S-u+K,0,-6.332761642413587e-06,0.21114477445254368,,1.415,0.0008050142585903705,0.06914645299997574,1.6037500063248445e-06,0.06914805674998208,unprocessed,0.10695071323201938,81.75,0.0,,400,20260775,C:\Users\admin\Desktop\深度学习+CBF\kkt_collocation\results\multiseed10_penicillin_k10_cpu_20260803_v1\unprocessed\penicillin\seed20260775\S-u+K.pth,C:\Users\admin\Desktop\深度学习+CBF\kkt_collocation\results\multiseed30_penicillin_k10_refined_lambda_cached_margin1e6_20260804_v1\unprocessed\penicillin\seed20260775\test_per_sample_S-u+K.csv
400,penicillin,S-u+K,0,-1.649751204640948e-05,0.2842486911769233,,1.8375,0.0011774352771900714,0.07243229124999744,3.919000000678352e-06,0.07243621024999813,unprocessed,0.1318577359333418,96.0,0.0,,400,20260776,C:\Users\admin\Desktop\深度学习+CBF\kkt_collocation\results\multiseed10_penicillin_k10_cpu_20260803_v1\unprocessed\penicillin\seed20260776\S-u+K.pth,C:\Users\admin\Desktop\深度学习+CBF\kkt_collocation\results\multiseed30_penicillin_k10_refined_lambda_cached_margin1e6_20260804_v1\unprocessed\penicillin\seed20260776\test_per_sample_S-u+K.csv
400,penicillin,S-u+K,0,-1.680976286833058e-06,0.3507379786163176,,1.3375,0.0019284835933583426,0.0724275502499404,2.073750001727604e-06,0.07242962399994213,unprocessed,0.10112431605687427,78.0,0.0,,400,20260777,C:\Users\admin\Desktop\深度学习+CBF\kkt_collocation\results\multiseed10_penicillin_k10_cpu_20260803_v1\unprocessed\penicillin\seed20260777\S-u+K.pth,C:\Users\admin\Desktop\深度学习+CBF\kkt_collocation\results\multiseed30_penicillin_k10_refined_lambda_cached_margin1e6_20260804_v1\unprocessed\penicillin\seed20260777\test_per_sample_S-u+K.csv
400,penicillin,S-u+K,0,-4.7247002870953736e-05,0.2638404652127584,,1.4225,0.0009377872160865258,0.07096631075020923,2.1359999936976234e-06,0.07096844675020292,unprocessed,0.142480846535412,91.5,0.0,,400,20260778,C:\Users\admin\Desktop\深度学习+CBF\kkt_collocation\results\multiseed10_penicillin_k10_cpu_20260803_v1\unprocessed\penicillin\seed20260778\S-u+K.pth,C:\Users\admin\Desktop\深度学习+CBF\kkt_collocation\results\multiseed30_penicillin_k10_refined_lambda_cached_margin1e6_20260804_v1\unprocessed\penicillin\seed20260778\test_per_sample_S-u+K.csv
400,penicillin,S-u+K,0,-1.095277264440142e-07,0.3978422640741962,,2.245,0.0016167088915223446,0.0746249227500175,2.25374999899941e-06,0.07462717650001649,unprocessed,0.1886123046160008,100.0,0.0,,400,20260779,C:\Users\admin\Desktop\深度学习+CBF\kkt_collocation\results\multiseed10_penicillin_k10_cpu_20260803_v1\unprocessed\penicillin\seed20260779\S-u+K.pth,C:\Users\admin\Desktop\深度学习+CBF\kkt_collocation\results\multiseed30_penicillin_k10_refined_lambda_cached_margin1e6_20260804_v1\unprocessed\penicillin\seed20260779\test_per_sample_S-u+K.csv
400,penicillin,S-u+K,0,-7.443508509674679e-06,0.2913186718647405,,1.8025,0.00125288607363076,0.07374788950007315,3.88800000109768e-06,0.07375177750007424,unprocessed,0.12917106553636504,91.5,0.0,,400,20260780,C:\Users\admin\Desktop\深度学习+CBF\kkt_collocation\results\multiseed10_penicillin_k10_cpu_20260803_v1\unprocessed\penicillin\seed20260780\S-u+K.pth,C:\Users\admin\Desktop\深度学习+CBF\kkt_collocation\results\multiseed30_penicillin_k10_refined_lambda_cached_margin1e6_20260804_v1\unprocessed\penicillin\seed20260780\test_per_sample_S-u+K.csv
400,penicillin,S-u+K,0,-1.1806104594780376e-05,0.26652201539628406,,1.69,0.0010672333241191969,0.072477031000044,2.35725000493403e-06,0.07247938825004895,unprocessed,0.1284097005577997,86.5,0.0,,400,20260781,C:\Users\admin\Desktop\深度学习+CBF\kkt_collocation\results\multiseed10_penicillin_k10_cpu_20260803_v1\unprocessed\penicillin\seed20260781\S-u+K.pth,C:\Users\admin\Desktop\深度学习+CBF\kkt_collocation\results\multiseed30_penicillin_k10_refined_lambda_cached_margin1e6_20260804_v1\unprocessed\penicillin\seed20260781\test_per_sample_S-u+K.csv
400,penicillin,S-u+K,0,-6.158237734810168e-06,0.3556345758669395,,1.8675,0.001158479849948799,0.07591299000008803,1.5622499995515676e-06,0.07591455225008759,unprocessed,0.20570535469188783,100.0,0.0,,400,20260782,C:\Users\admin\Desktop\深度学习+CBF\kkt_collocation\results\multiseed10_penicillin_k10_cpu_20260803_v1\unprocessed\penicillin\seed20260782\S-u+K.pth,C:\Users\admin\Desktop\深度学习+CBF\kkt_collocation\results\multiseed30_penicillin_k10_refined_lambda_cached_margin1e6_20260804_v1\unprocessed\penicillin\seed20260782\test_per_sample_S-u+K.csv
400,penicillin,S-u+K,0,-1.448640860401973e-05,0.38423250576777984,,1.94,0.0012375895350402758,0.0750716677499986,3.5884999942936695e-06,0.07507525624999287,unprocessed,0.22406661488762092,93.5,0.0,,400,20260783,C:\Users\admin\Desktop\深度学习+CBF\kkt_collocation\results\multiseed10_penicillin_k10_cpu_20260803_v1\unprocessed\penicillin\seed20260783\S-u+K.pth,C:\Users\admin\Desktop\深度学习+CBF\kkt_collocation\results\multiseed30_penicillin_k10_refined_lambda_cached_margin1e6_20260804_v1\unprocessed\penicillin\seed20260783\test_per_sample_S-u+K.csv
400,penicillin,S-u+K,0,-6.481594965246362e-05,0.38618039169688323,,1.8025,0.0011873928665484298,0.07567652425008418,1.941499995155027e-06,0.07567846575007936,unprocessed,0.23251038105264957,90.75,0.0,,400,20260784,C:\Users\admin\Desktop\深度学习+CBF\kkt_collocation\results\multiseed10_penicillin_k10_cpu_20260803_v1\unprocessed\penicillin\seed20260784\S-u+K.pth,C:\Users\admin\Desktop\深度学习+CBF\kkt_collocation\results\multiseed30_penicillin_k10_refined_lambda_cached_margin1e6_20260804_v1\unprocessed\penicillin\seed20260784\test_per_sample_S-u+K.csv
400,penicillin,S-u+K,0,-3.13607609833122e-05,0.2874623846314015,,1.5975,0.0009243017134664372,0.07317501124990486,3.684249995785649e-06,0.07317869549990064,unprocessed,0.16784799272153964,100.0,0.0,,400,20260785,C:\Users\admin\Desktop\深度学习+CBF\kkt_collocation\results\multiseed10_penicillin_k10_cpu_20260803_v1\unprocessed\penicillin\seed20260785\S-u+K.pth,C:\Users\admin\Desktop\深度学习+CBF\kkt_collocation\results\multiseed30_penicillin_k10_refined_lambda_cached_margin1e6_20260804_v1\unprocessed\penicillin\seed20260785\test_per_sample_S-u+K.csv
400,penicillin,S-u+K,0,-2.578878192771583e-06,0.25950177500006844,,1.365,0.001304750878579042,0.07366245900011563,2.2782499945606104e-06,0.07366473725011019,unprocessed,0.09060301641939364,84.75,0.0,,400,20260786,C:\Users\admin\Desktop\深度学习+CBF\kkt_collocation\results\multiseed10_penicillin_k10_cpu_20260803_v1\unprocessed\penicillin\seed20260786\S-u+K.pth,C:\Users\admin\Desktop\深度学习+CBF\kkt_collocation\results\multiseed30_penicillin_k10_refined_lambda_cached_margin1e6_20260804_v1\unprocessed\penicillin\seed20260786\test_per_sample_S-u+K.csv
400,penicillin,S-u+K,0,-4.563647500893664e-05,0.46111372958242813,,2.2875,0.001767196839796115,0.07858884949997445,1.9964999955846e-06,0.07859084599997004,unprocessed,0.23240999474726445,100.0,0.0,,400,20260787,C:\Users\admin\Desktop\深度学习+CBF\kkt_collocation\results\multiseed10_penicillin_k10_cpu_20260803_v1\unprocessed\penicillin\seed20260787\S-u+K.pth,C:\Users\admin\Desktop\深度学习+CBF\kkt_collocation\results\multiseed30_penicillin_k10_refined_lambda_cached_margin1e6_20260804_v1\unprocessed\penicillin\seed20260787\test_per_sample_S-u+K.csv
400,penicillin,S-u+K,0,-2.4747325287344246e-06,0.32876605607364623,,1.805,0.0018312018213196154,0.07652722274990992,3.922500000044238e-06,0.07653114524990996,unprocessed,0.09172948441281906,94.5,0.0,,400,20260788,C:\Users\admin\Desktop\深度学习+CBF\kkt_collocation\results\multiseed10_penicillin_k10_cpu_20260803_v1\unprocessed\penicillin\seed20260788\S-u+K.pth,C:\Users\admin\Desktop\深度学习+CBF\kkt_collocation\results\multiseed30_penicillin_k10_refined_lambda_cached_margin1e6_20260804_v1\unprocessed\penicillin\seed20260788\test_per_sample_S-u+K.csv
400,penicillin,S-u+K,0,-1.5195641951792904e-05,0.37869712357863144,,1.8525,0.0011137862369127007,0.08099978524999642,2.298250001331326e-06,0.08100208349999775,unprocessed,0.23455143457245367,100.0,0.0,,400,20260789,C:\Users\admin\Desktop\深度学习+CBF\kkt_collocation\results\multiseed10_penicillin_k10_cpu_20260803_v1\unprocessed\penicillin\seed20260789\S-u+K.pth,C:\Users\admin\Desktop\深度学习+CBF\kkt_collocation\results\multiseed30_penicillin_k10_refined_lambda_cached_margin1e6_20260804_v1\unprocessed\penicillin\seed20260789\test_per_sample_S-u+K.csv
400,penicillin,S-u+K,0,-8.787414674304994e-06,0.37559928535051035,,1.7525,0.0018833487650674352,0.08250206574998628,2.16550000004645e-06,0.08250423124998632,unprocessed,0.131823434959983,85.0,0.0,,400,20260790,C:\Users\admin\Desktop\深度学习+CBF\kkt_collocation\results\multiseed10_penicillin_k10_cpu_20260803_v1\unprocessed\penicillin\seed20260790\S-u+K.pth,C:\Users\admin\Desktop\深度学习+CBF\kkt_collocation\results\multiseed30_penicillin_k10_refined_lambda_cached_margin1e6_20260804_v1\unprocessed\penicillin\seed20260790\test_per_sample_S-u+K.csv
400,penicillin,S-u+K,0,-5.619999139644394e-05,0.434498504602862,,2.115,0.001524384250834082,0.08328187349987275,2.8420000035112024e-06,0.08328471549987629,unprocessed,0.23722280294835454,100.0,0.0,,400,20260791,C:\Users\admin\Desktop\深度学习+CBF\kkt_collocation\results\multiseed_penicillin_k10_cpu_seeds21_30_20260803_v1\unprocessed\penicillin\seed20260791\S-u+K.pth,C:\Users\admin\Desktop\深度学习+CBF\kkt_collocation\results\multiseed30_penicillin_k10_refined_lambda_cached_margin1e6_20260804_v1\unprocessed\penicillin\seed20260791\test_per_sample_S-u+K.csv
400,penicillin,S-u+K,0,-7.4380044405852885e-06,0.3356445015649808,,1.9675,0.0014606871595923315,0.08221410724993802,3.922249998140616e-06,0.08221802949993616,unprocessed,0.14661067406571418,98.25,0.0,,400,20260792,C:\Users\admin\Desktop\深度学习+CBF\kkt_collocation\results\multiseed_penicillin_k10_cpu_seeds21_30_20260803_v1\unprocessed\penicillin\seed20260792\S-u+K.pth,C:\Users\admin\Desktop\深度学习+CBF\kkt_collocation\results\multiseed30_penicillin_k10_refined_lambda_cached_margin1e6_20260804_v1\unprocessed\penicillin\seed20260792\test_per_sample_S-u+K.csv
400,penicillin,S-u+K,0,-6.7425396462761356e-06,0.35911183052963913,,2.135,0.0013116313850161832,0.0821163205000903,2.9232500037323917e-06,0.08211924375009402,unprocessed,0.18936307688553516,100.0,0.0,,400,20260793,C:\Users\admin\Desktop\深度学习+CBF\kkt_collocation\results\multiseed_penicillin_k10_cpu_seeds21_30_20260803_v1\unprocessed\penicillin\seed20260793\S-u+K.pth,C:\Users\admin\Desktop\深度学习+CBF\kkt_collocation\results\multiseed30_penicillin_k10_refined_lambda_cached_margin1e6_20260804_v1\unprocessed\penicillin\seed20260793\test_per_sample_S-u+K.csv
400,penicillin,S-u+K,0,-6.388496708253921e-06,0.2894874612845615,,1.5475,0.001156968745893161,0.08052492700006042,2.166999993278296e-06,0.08052709400005367,unprocessed,0.13971988636560267,86.5,0.0,,400,20260794,C:\Users\admin\Desktop\深度学习+CBF\kkt_collocation\results\multiseed_penicillin_k10_cpu_seeds21_30_20260803_v1\unprocessed\penicillin\seed20260794\S-u+K.pth,C:\Users\admin\Desktop\深度学习+CBF\kkt_collocation\results\multiseed30_penicillin_k10_refined_lambda_cached_margin1e6_20260804_v1\unprocessed\penicillin\seed20260794\test_per_sample_S-u+K.csv
400,penicillin,S-u+K,0,-7.904830800481433e-05,0.32724602431795313,,1.7225,0.001152082198095161,0.08104056775000572,2.0235000010870865e-06,0.0810425912500068,unprocessed,0.17813093947097822,95.5,0.0,,400,20260795,C:\Users\admin\Desktop\深度学习+CBF\kkt_collocation\results\multiseed_penicillin_k10_cpu_seeds21_30_20260803_v1\unprocessed\penicillin\seed20260795\S-u+K.pth,C:\Users\admin\Desktop\深度学习+CBF\kkt_collocation\results\multiseed30_penicillin_k10_refined_lambda_cached_margin1e6_20260804_v1\unprocessed\penicillin\seed20260795\test_per_sample_S-u+K.csv
400,penicillin,S-u+K,0,-3.1730731751333785e-05,0.19806588605828873,,1.1625,0.0006264772885008802,0.07662335700003496,2.078500001516659e-06,0.07662543550003649,unprocessed,0.11699141790944864,79.75,0.0,,400,20260796,C:\Users\admin\Desktop\深度学习+CBF\kkt_collocation\results\multiseed_penicillin_k10_cpu_seeds21_30_20260803_v1\unprocessed\penicillin\seed20260796\S-u+K.pth,C:\Users\admin\Desktop\深度学习+CBF\kkt_collocation\results\multiseed30_penicillin_k10_refined_lambda_cached_margin1e6_20260804_v1\unprocessed\penicillin\seed20260796\test_per_sample_S-u+K.csv
400,penicillin,S-u+K,0,-8.779561732619179e-07,0.3722479280973872,,1.915,0.0013128728189090583,0.08201286649999019,2.0257500000298025e-06,0.08201489224999019,unprocessed,0.20232024593204292,98.5,0.0,,400,20260797,C:\Users\admin\Desktop\深度学习+CBF\kkt_collocation\results\multiseed_penicillin_k10_cpu_seeds21_30_20260803_v1\unprocessed\penicillin\seed20260797\S-u+K.pth,C:\Users\admin\Desktop\深度学习+CBF\kkt_collocation\results\multiseed30_penicillin_k10_refined_lambda_cached_margin1e6_20260804_v1\unprocessed\penicillin\seed20260797\test_per_sample_S-u+K.csv
400,penicillin,S-u+K,0,-1.4072971583622973e-06,0.28680946498906046,,1.735,0.0011389396159644646,0.08082265274989368,2.0867500006716e-06,0.08082473949989435,unprocessed,0.13941502310513953,89.25,0.0,,400,20260798,C:\Users\admin\Desktop\深度学习+CBF\kkt_collocation\results\multiseed_penicillin_k10_cpu_seeds21_30_20260803_v1\unprocessed\penicillin\seed20260798\S-u+K.pth,C:\Users\admin\Desktop\深度学习+CBF\kkt_collocation\results\multiseed30_penicillin_k10_refined_lambda_cached_margin1e6_20260804_v1\unprocessed\penicillin\seed20260798\test_per_sample_S-u+K.csv
400,penicillin,S-u+K,0,-9.50576574537676e-06,0.511787820947677,,2.1775,0.00176581036261445,0.08490882875013994,2.0602499989763597e-06,0.08491088900013892,unprocessed,0.28327194377345466,100.0,0.0,,400,20260799,C:\Users\admin\Desktop\深度学习+CBF\kkt_collocation\results\multiseed_penicillin_k10_cpu_seeds21_30_20260803_v1\unprocessed\penicillin\seed20260799\S-u+K.pth,C:\Users\admin\Desktop\深度学习+CBF\kkt_collocation\results\multiseed30_penicillin_k10_refined_lambda_cached_margin1e6_20260804_v1\unprocessed\penicillin\seed20260799\test_per_sample_S-u+K.csv
400,penicillin,S-u+K,0,-4.216602754014698e-06,0.2874391687838619,,1.6975,0.0011524472539303368,0.08014252499990107,2.206749995821156e-06,0.08014473174989689,unprocessed,0.13829898731465973,89.0,0.0,,400,20260800,C:\Users\admin\Desktop\深度学习+CBF\kkt_collocation\results\multiseed_penicillin_k10_cpu_seeds21_30_20260803_v1\unprocessed\penicillin\seed20260800\S-u+K.pth,C:\Users\admin\Desktop\深度学习+CBF\kkt_collocation\results\multiseed30_penicillin_k10_refined_lambda_cached_margin1e6_20260804_v1\unprocessed\penicillin\seed20260800\test_per_sample_S-u+K.csv
400,vdp,S-u+K,0,-1.623959731406055e-05,0.2009890230205627,,0.1925,0.0012198126385224084,0.007559962499981338,3.341999999975087e-06,0.007563304499981314,linear_cosine,0.15949607789191528,18.75,0.0,,400,20260771,C:\Users\admin\Desktop\深度学习+CBF\kkt_collocation\results\multiseed10_vdp_k10_cuda_20260803_v1\linear_cosine\vdp\seed20260771\S-u+K.pth,C:\Users\admin\Desktop\深度学习+CBF\kkt_collocation\results\multiseed30_vdp_k10_refined_lambda_cached_margin1e6_20260804_v1\linear_cosine\vdp\seed20260771\test_per_sample_S-u+K.csv
400,vdp,S-u+K,0,-2.0296193574076415e-05,0.2257536327206843,,0.1725,0.0018614683972471248,0.007343646500048635,2.4812500032567186e-06,0.0073461277500518896,linear_cosine,0.16047242898967,17.25,0.0,,400,20260772,C:\Users\admin\Desktop\深度学习+CBF\kkt_collocation\results\multiseed10_vdp_k10_cuda_20260803_v1\linear_cosine\vdp\seed20260772\S-u+K.pth,C:\Users\admin\Desktop\深度学习+CBF\kkt_collocation\results\multiseed30_vdp_k10_refined_lambda_cached_margin1e6_20260804_v1\linear_cosine\vdp\seed20260772\test_per_sample_S-u+K.csv
400,vdp,S-u+K,0,-1.7821284570451734e-05,0.1722452658730159,,0.11,0.0013333252046883104,0.0074177130000680335,2.9512499986594775e-06,0.007420664250066694,linear_cosine,0.12748607710347054,11.0,0.0,,400,20260773,C:\Users\admin\Desktop\深度学习+CBF\kkt_collocation\results\multiseed10_vdp_k10_cuda_20260803_v1\linear_cosine\vdp\seed20260773\S-u+K.pth,C:\Users\admin\Desktop\深度学习+CBF\kkt_collocation\results\multiseed30_vdp_k10_refined_lambda_cached_margin1e6_20260804_v1\linear_cosine\vdp\seed20260773\test_per_sample_S-u+K.csv
400,vdp,S-u+K,0,-1.0605099569516163e-05,0.16013544277665476,,0.065,0.0004891080459380682,0.007671636250015581,3.2927500069490646e-06,0.00767492900002253,linear_cosine,0.14353048101862542,6.5,0.0,,400,20260774,C:\Users\admin\Desktop\深度学习+CBF\kkt_collocation\results\multiseed10_vdp_k10_cuda_20260803_v1\linear_cosine\vdp\seed20260774\S-u+K.pth,C:\Users\admin\Desktop\深度学习+CBF\kkt_collocation\results\multiseed30_vdp_k10_refined_lambda_cached_margin1e6_20260804_v1\linear_cosine\vdp\seed20260774\test_per_sample_S-u+K.csv
400,vdp,S-u+K,0,-4.0118992333804115e-07,0.1512350655949816,,0.045,0.0005134909760241224,0.007415243999967061,2.6712499948189363e-06,0.007417915249961877,linear_cosine,0.13444296567192798,4.5,0.0,,400,20260775,C:\Users\admin\Desktop\深度学习+CBF\kkt_collocation\results\multiseed10_vdp_k10_cuda_20260803_v1\linear_cosine\vdp\seed20260775\S-u+K.pth,C:\Users\admin\Desktop\深度学习+CBF\kkt_collocation\results\multiseed30_vdp_k10_refined_lambda_cached_margin1e6_20260804_v1\linear_cosine\vdp\seed20260775\test_per_sample_S-u+K.csv
400,vdp,S-u+K,0,-1.0467435740346698e-05,0.17752285183006075,,0.145,0.0011724125088943527,0.007439245249988744,2.6414999956614338e-06,0.007441886749984405,linear_cosine,0.13659046972886632,14.000000000000002,0.0,,400,20260776,C:\Users\admin\Desktop\深度学习+CBF\kkt_collocation\results\multiseed10_vdp_k10_cuda_20260803_v1\linear_cosine\vdp\seed20260776\S-u+K.pth,C:\Users\admin\Desktop\深度学习+CBF\kkt_collocation\results\multiseed30_vdp_k10_refined_lambda_cached_margin1e6_20260804_v1\linear_cosine\vdp\seed20260776\test_per_sample_S-u+K.csv
400,vdp,S-u+K,0,-1.0163079470437708e-05,0.19832513707247662,,0.095,0.000762238431893888,0.007415405250058029,3.225249993192847e-06,0.007418630500051222,linear_cosine,0.1712801809417786,9.5,0.0,,400,20260777,C:\Users\admin\Desktop\深度学习+CBF\kkt_collocation\results\multiseed10_vdp_k10_cuda_20260803_v1\linear_cosine\vdp\seed20260777\S-u+K.pth,C:\Users\admin\Desktop\深度学习+CBF\kkt_collocation\results\multiseed30_vdp_k10_refined_lambda_cached_margin1e6_20260804_v1\linear_cosine\vdp\seed20260777\test_per_sample_S-u+K.csv
400,vdp,S-u+K,0,-3.747500072759369e-06,0.13124325224066302,,0.03,0.0001943142987667712,0.007484879750008986,3.333000004204222e-06,0.007488212750013189,linear_cosine,0.12440986038943866,3.0,0.0,,400,20260778,C:\Users\admin\Desktop\深度学习+CBF\kkt_collocation\results\multiseed10_vdp_k10_cuda_20260803_v1\linear_cosine\vdp\seed20260778\S-u+K.pth,C:\Users\admin\Desktop\深度学习+CBF\kkt_collocation\results\multiseed30_vdp_k10_refined_lambda_cached_margin1e6_20260804_v1\linear_cosine\vdp\seed20260778\test_per_sample_S-u+K.csv
400,vdp,S-u+K,0,-1.992378582821308e-05,0.17855147481866124,,0.0875,0.0014156886611799968,0.007539908750104587,3.3815000006143235e-06,0.007543290250105203,linear_cosine,0.1328363994665012,8.75,0.0,,400,20260779,C:\Users\admin\Desktop\深度学习+CBF\kkt_collocation\results\multiseed10_vdp_k10_cuda_20260803_v1\linear_cosine\vdp\seed20260779\S-u+K.pth,C:\Users\admin\Desktop\深度学习+CBF\kkt_collocation\results\multiseed30_vdp_k10_refined_lambda_cached_margin1e6_20260804_v1\linear_cosine\vdp\seed20260779\test_per_sample_S-u+K.csv
400,vdp,S-u+K,0,-6.480634979433297e-06,0.16279812351069087,,0.2325,0.0019919120814794,0.0075898094999502065,3.474250006547664e-06,0.007593283749956754,linear_cosine,0.09592409841526259,23.0,0.0,,400,20260780,C:\Users\admin\Desktop\深度学习+CBF\kkt_collocation\results\multiseed10_vdp_k10_cuda_20260803_v1\linear_cosine\vdp\seed20260780\S-u+K.pth,C:\Users\admin\Desktop\深度学习+CBF\kkt_collocation\results\multiseed30_vdp_k10_refined_lambda_cached_margin1e6_20260804_v1\linear_cosine\vdp\seed20260780\test_per_sample_S-u+K.csv
400,vdp,S-u+K,0,-0.00011523314719474875,0.1452289546471634,,0.07,0.0004488037326678862,0.007663551999958145,3.3159999929921463e-06,0.007666867999951139,linear_cosine,0.13075860468892994,7.000000000000001,0.0,,400,20260781,C:\Users\admin\Desktop\深度学习+CBF\kkt_collocation\results\multiseed10_vdp_k10_cuda_20260803_v1\linear_cosine\vdp\seed20260781\S-u+K.pth,C:\Users\admin\Desktop\深度学习+CBF\kkt_collocation\results\multiseed30_vdp_k10_refined_lambda_cached_margin1e6_20260804_v1\linear_cosine\vdp\seed20260781\test_per_sample_S-u+K.csv
400,vdp,S-u+K,0,-1.183855151815072e-05,0.1535313215242685,,0.055,0.0003532826535640876,0.007371505749943026,3.260500006945223e-06,0.007374766249949971,linear_cosine,0.1419601804269457,5.5,0.0,,400,20260782,C:\Users\admin\Desktop\深度学习+CBF\kkt_collocation\results\multiseed10_vdp_k10_cuda_20260803_v1\linear_cosine\vdp\seed20260782\S-u+K.pth,C:\Users\admin\Desktop\深度学习+CBF\kkt_collocation\results\multiseed30_vdp_k10_refined_lambda_cached_margin1e6_20260804_v1\linear_cosine\vdp\seed20260782\test_per_sample_S-u+K.csv
400,vdp,S-u+K,0,-2.9949910427373716e-05,0.14153766813120544,,0.1575,0.0008991933602131774,0.007532923749949987,2.959499997814419e-06,0.007535883249947803,linear_cosine,0.11117952160239676,15.75,0.0,,400,20260783,C:\Users\admin\Desktop\深度学习+CBF\kkt_collocation\results\multiseed10_vdp_k10_cuda_20260803_v1\linear_cosine\vdp\seed20260783\S-u+K.pth,C:\Users\admin\Desktop\深度学习+CBF\kkt_collocation\results\multiseed30_vdp_k10_refined_lambda_cached_margin1e6_20260804_v1\linear_cosine\vdp\seed20260783\test_per_sample_S-u+K.csv
400,vdp,S-u+K,0,-5.782588685609991e-06,0.1557435975257563,,0.085,0.0006498105838258128,0.007382310999964829,3.3230000008188655e-06,0.0073856339999656484,linear_cosine,0.13289385671195925,8.5,0.0,,400,20260784,C:\Users\admin\Desktop\深度学习+CBF\kkt_collocation\results\multiseed10_vdp_k10_cuda_20260803_v1\linear_cosine\vdp\seed20260784\S-u+K.pth,C:\Users\admin\Desktop\深度学习+CBF\kkt_collocation\results\multiseed30_vdp_k10_refined_lambda_cached_margin1e6_20260804_v1\linear_cosine\vdp\seed20260784\test_per_sample_S-u+K.csv
400,vdp,S-u+K,0,-1.201468303807518e-05,0.1792261723476246,,0.1525,0.001615369946970091,0.0074815367498558775,3.315250005471171e-06,0.007484851999861346,linear_cosine,0.12533313525034284,14.499999999999998,0.0,,400,20260785,C:\Users\admin\Desktop\深度学习+CBF\kkt_collocation\results\multiseed10_vdp_k10_cuda_20260803_v1\linear_cosine\vdp\seed20260785\S-u+K.pth,C:\Users\admin\Desktop\深度学习+CBF\kkt_collocation\results\multiseed30_vdp_k10_refined_lambda_cached_margin1e6_20260804_v1\linear_cosine\vdp\seed20260785\test_per_sample_S-u+K.csv
400,vdp,S-u+K,0,-1.618670419223367e-05,0.14271831842110372,,0.1175,0.001032469311223786,0.007528267749958104,5.786499996247585e-06,0.007534054249954352,linear_cosine,0.10820765539998221,11.75,0.0,,400,20260786,C:\Users\admin\Desktop\深度学习+CBF\kkt_collocation\results\multiseed10_vdp_k10_cuda_20260803_v1\linear_cosine\vdp\seed20260786\S-u+K.pth,C:\Users\admin\Desktop\深度学习+CBF\kkt_collocation\results\multiseed30_vdp_k10_refined_lambda_cached_margin1e6_20260804_v1\linear_cosine\vdp\seed20260786\test_per_sample_S-u+K.csv
400,vdp,S-u+K,0,-3.643754849841363e-05,0.16456269121669959,,0.09,0.0011174124035177957,0.007419620749878959,6.477249999079503e-06,0.007426097999878038,linear_cosine,0.1276835726340953,9.0,0.0,,400,20260787,C:\Users\admin\Desktop\深度学习+CBF\kkt_collocation\results\multiseed10_vdp_k10_cuda_20260803_v1\linear_cosine\vdp\seed20260787\S-u+K.pth,C:\Users\admin\Desktop\深度学习+CBF\kkt_collocation\results\multiseed30_vdp_k10_refined_lambda_cached_margin1e6_20260804_v1\linear_cosine\vdp\seed20260787\test_per_sample_S-u+K.csv
400,vdp,S-u+K,0,-2.7914481758317677e-06,0.16743226157151342,,0.0625,0.000692997952484472,0.007268075249985486,3.2892499984882307e-06,0.007271364499983974,linear_cosine,0.14299788525896645,6.25,0.0,,400,20260788,C:\Users\admin\Desktop\深度学习+CBF\kkt_collocation\results\multiseed10_vdp_k10_cuda_20260803_v1\linear_cosine\vdp\seed20260788\S-u+K.pth,C:\Users\admin\Desktop\深度学习+CBF\kkt_collocation\results\multiseed30_vdp_k10_refined_lambda_cached_margin1e6_20260804_v1\linear_cosine\vdp\seed20260788\test_per_sample_S-u+K.csv
400,vdp,S-u+K,0,-2.383177752474097e-06,0.15976919391182887,,0.1275,0.001156069171117371,0.0076081072499891884,2.5872499918477844e-06,0.007610694499981034,linear_cosine,0.11930055941976818,12.75,0.0,,400,20260789,C:\Users\admin\Desktop\深度学习+CBF\kkt_collocation\results\multiseed10_vdp_k10_cuda_20260803_v1\linear_cosine\vdp\seed20260789\S-u+K.pth,C:\Users\admin\Desktop\深度学习+CBF\kkt_collocation\results\multiseed30_vdp_k10_refined_lambda_cached_margin1e6_20260804_v1\linear_cosine\vdp\seed20260789\test_per_sample_S-u+K.csv
400,vdp,S-u+K,0,-5.700083725967975e-06,0.15463501112050324,,0.065,0.0007152441827272127,0.007379156499891906,6.497500007753844e-06,0.007385653999899659,linear_cosine,0.1301826089276485,6.5,0.0,,400,20260790,C:\Users\admin\Desktop\深度学习+CBF\kkt_collocation\results\multiseed10_vdp_k10_cuda_20260803_v1\linear_cosine\vdp\seed20260790\S-u+K.pth,C:\Users\admin\Desktop\深度学习+CBF\kkt_collocation\results\multiseed30_vdp_k10_refined_lambda_cached_margin1e6_20260804_v1\linear_cosine\vdp\seed20260790\test_per_sample_S-u+K.csv
400,vdp,S-u+K,0,-6.523258967716661e-06,0.15951645522925195,,0.0775,0.000528411225774299,0.007422620249981264,6.984499996178781e-06,0.007429604749977443,linear_cosine,0.1423190091866388,7.75,0.0,,400,20260791,C:\Users\admin\Desktop\深度学习+CBF\kkt_collocation\results\multiseed_vdp_k10_cuda_seeds21_30_20260803_v1\linear_cosine\vdp\seed20260791\S-u+K.pth,C:\Users\admin\Desktop\深度学习+CBF\kkt_collocation\results\multiseed30_vdp_k10_refined_lambda_cached_margin1e6_20260804_v1\linear_cosine\vdp\seed20260791\test_per_sample_S-u+K.csv
400,vdp,S-u+K,0,-5.787965495107628e-06,0.1458076326515481,,0.0775,0.0005592431130844677,0.007368080999922313,6.974249999984749e-06,0.007375055249922297,linear_cosine,0.1264240592670185,7.75,0.0,,400,20260792,C:\Users\admin\Desktop\深度学习+CBF\kkt_collocation\results\multiseed_vdp_k10_cuda_seeds21_30_20260803_v1\linear_cosine\vdp\seed20260792\S-u+K.pth,C:\Users\admin\Desktop\深度学习+CBF\kkt_collocation\results\multiseed30_vdp_k10_refined_lambda_cached_margin1e6_20260804_v1\linear_cosine\vdp\seed20260792\test_per_sample_S-u+K.csv
400,vdp,S-u+K,0,-7.429588837037926e-06,0.13632728838017505,,0.06,0.00027140202542988987,0.007443877749901731,2.488000000084867e-06,0.007446365749901813,linear_cosine,0.126476633908258,6.0,0.0,,400,20260793,C:\Users\admin\Desktop\深度学习+CBF\kkt_collocation\results\multiseed_vdp_k10_cuda_seeds21_30_20260803_v1\linear_cosine\vdp\seed20260793\S-u+K.pth,C:\Users\admin\Desktop\深度学习+CBF\kkt_collocation\results\multiseed30_vdp_k10_refined_lambda_cached_margin1e6_20260804_v1\linear_cosine\vdp\seed20260793\test_per_sample_S-u+K.csv
400,vdp,S-u+K,0,-2.397599506270831e-05,0.15675490789976856,,0.1,0.000587426768304189,0.007443258499915828,2.8775000009773066e-06,0.007446135999916805,linear_cosine,0.13653862512452808,9.75,0.0,,400,20260794,C:\Users\admin\Desktop\深度学习+CBF\kkt_collocation\results\multiseed_vdp_k10_cuda_seeds21_30_20260803_v1\linear_cosine\vdp\seed20260794\S-u+K.pth,C:\Users\admin\Desktop\深度学习+CBF\kkt_collocation\results\multiseed30_vdp_k10_refined_lambda_cached_margin1e6_20260804_v1\linear_cosine\vdp\seed20260794\test_per_sample_S-u+K.csv
400,vdp,S-u+K,0,-9.973162551413228e-06,0.18249139149148988,,0.1475,0.0023332210963121058,0.0075978825001402584,2.5709999954415254e-06,0.0076004535001357,linear_cosine,0.10412946858803336,14.75,0.0,,400,20260795,C:\Users\admin\Desktop\深度学习+CBF\kkt_collocation\results\multiseed_vdp_k10_cuda_seeds21_30_20260803_v1\linear_cosine\vdp\seed20260795\S-u+K.pth,C:\Users\admin\Desktop\深度学习+CBF\kkt_collocation\results\multiseed30_vdp_k10_refined_lambda_cached_margin1e6_20260804_v1\linear_cosine\vdp\seed20260795\test_per_sample_S-u+K.csv
400,vdp,S-u+K,0,-8.433802229423915e-06,0.1729724653203899,,0.1675,0.0018259318896612941,0.007791642750007668,2.641000000949134e-06,0.0077942837500086185,linear_cosine,0.11365367332801912,16.75,0.0,,400,20260796,C:\Users\admin\Desktop\深度学习+CBF\kkt_collocation\results\multiseed_vdp_k10_cuda_seeds21_30_20260803_v1\linear_cosine\vdp\seed20260796\S-u+K.pth,C:\Users\admin\Desktop\深度学习+CBF\kkt_collocation\results\multiseed30_vdp_k10_refined_lambda_cached_margin1e6_20260804_v1\linear_cosine\vdp\seed20260796\test_per_sample_S-u+K.csv
400,vdp,S-u+K,0,-9.833860035057818e-06,0.18207185563323885,,0.1625,0.001395669312800415,0.007620507500087114,3.315000003567547e-06,0.007623822500090685,linear_cosine,0.1350007809377373,16.25,0.0,,400,20260797,C:\Users\admin\Desktop\深度学习+CBF\kkt_collocation\results\multiseed_vdp_k10_cuda_seeds21_30_20260803_v1\linear_cosine\vdp\seed20260797\S-u+K.pth,C:\Users\admin\Desktop\深度学习+CBF\kkt_collocation\results\multiseed30_vdp_k10_refined_lambda_cached_margin1e6_20260804_v1\linear_cosine\vdp\seed20260797\test_per_sample_S-u+K.csv
400,vdp,S-u+K,0,-1.3403594133154506e-05,0.17617605650029539,,0.1925,0.00214152456557694,0.007618578999963575,2.5265000022045564e-06,0.007621105499965779,linear_cosine,0.1068096776616694,19.25,0.0,,400,20260798,C:\Users\admin\Desktop\深度学习+CBF\kkt_collocation\results\multiseed_vdp_k10_cuda_seeds21_30_20260803_v1\linear_cosine\vdp\seed20260798\S-u+K.pth,C:\Users\admin\Desktop\深度学习+CBF\kkt_collocation\results\multiseed30_vdp_k10_refined_lambda_cached_margin1e6_20260804_v1\linear_cosine\vdp\seed20260798\test_per_sample_S-u+K.csv
400,vdp,S-u+K,0,-7.210245017263972e-06,0.19461247035431586,,0.1375,0.0021270990543986747,0.007548724999869591,3.3222500042029413e-06,0.007552047249873794,linear_cosine,0.12283104051443491,13.25,0.0,,400,20260799,C:\Users\admin\Desktop\深度学习+CBF\kkt_collocation\results\multiseed_vdp_k10_cuda_seeds21_30_20260803_v1\linear_cosine\vdp\seed20260799\S-u+K.pth,C:\Users\admin\Desktop\深度学习+CBF\kkt_collocation\results\multiseed30_vdp_k10_refined_lambda_cached_margin1e6_20260804_v1\linear_cosine\vdp\seed20260799\test_per_sample_S-u+K.csv
400,vdp,S-u+K,0,-4.320634221932629e-05,0.13781129979032067,,0.0775,0.00044439677708834057,0.007502361500000916,2.569250000306056e-06,0.007504930750001222,linear_cosine,0.1226775743253888,7.75,0.0,,400,20260800,C:\Users\admin\Desktop\深度学习+CBF\kkt_collocation\results\multiseed_vdp_k10_cuda_seeds21_30_20260803_v1\linear_cosine\vdp\seed20260800\S-u+K.pth,C:\Users\admin\Desktop\深度学习+CBF\kkt_collocation\results\multiseed30_vdp_k10_refined_lambda_cached_margin1e6_20260804_v1\linear_cosine\vdp\seed20260800\test_per_sample_S-u+K.csv
400,vdp,S-u+K,0,-1.0931736814767667e-05,0.21668445559235688,,0.2375,0.002568380001729402,0.007749230999970678,2.6352499935455843e-06,0.0077518662499642225,standard_pcgrad,0.1318955252322525,23.5,0.0,,400,20260771,C:\Users\admin\Desktop\深度学习+CBF\kkt_collocation\results\multiseed10_vdp_k10_cuda_20260803_v1\standard_pcgrad\vdp\seed20260771\S-u+K.pth,C:\Users\admin\Desktop\深度学习+CBF\kkt_collocation\results\multiseed30_vdp_k10_refined_lambda_cached_margin1e6_20260804_v1\standard_pcgrad\vdp\seed20260771\test_per_sample_S-u+K.csv
400,vdp,S-u+K,0,-7.523703234313395e-07,0.24098751626369552,,0.255,0.0032155477406282697,0.007643917999903351,2.8442500024539187e-06,0.007646762249905803,standard_pcgrad,0.13403114698970475,25.5,0.0,,400,20260772,C:\Users\admin\Desktop\深度学习+CBF\kkt_collocation\results\multiseed10_vdp_k10_cuda_20260803_v1\standard_pcgrad\vdp\seed20260772\S-u+K.pth,C:\Users\admin\Desktop\深度学习+CBF\kkt_collocation\results\multiseed30_vdp_k10_refined_lambda_cached_margin1e6_20260804_v1\standard_pcgrad\vdp\seed20260772\test_per_sample_S-u+K.csv
400,vdp,S-u+K,0,-5.674494670648844e-06,0.16543639098393537,,0.1275,0.00154680948044706,0.007688948249879104,3.3377500039932783e-06,0.007692285999883098,standard_pcgrad,0.11326151526023674,12.75,0.0,,400,20260773,C:\Users\admin\Desktop\深度学习+CBF\kkt_collocation\results\multiseed10_vdp_k10_cuda_20260803_v1\standard_pcgrad\vdp\seed20260773\S-u+K.pth,C:\Users\admin\Desktop\深度学习+CBF\kkt_collocation\results\multiseed30_vdp_k10_refined_lambda_cached_margin1e6_20260804_v1\standard_pcgrad\vdp\seed20260773\test_per_sample_S-u+K.csv
400,vdp,S-u+K,0,-1.5244593733199086e-05,0.15487847804107843,,0.085,0.0006176171314741385,0.007565269750048173,2.628499996717437e-06,0.00756789825004489,standard_pcgrad,0.13378900956441753,8.5,0.0,,400,20260774,C:\Users\admin\Desktop\深度学习+CBF\kkt_collocation\results\multiseed10_vdp_k10_cuda_20260803_v1\standard_pcgrad\vdp\seed20260774\S-u+K.pth,C:\Users\admin\Desktop\深度学习+CBF\kkt_collocation\results\multiseed30_vdp_k10_refined_lambda_cached_margin1e6_20260804_v1\standard_pcgrad\vdp\seed20260774\test_per_sample_S-u+K.csv
400,vdp,S-u+K,0,-1.8572771414482325e-05,0.1504881240400614,,0.055,0.0007788279977685142,0.007362664749834948,6.702250002490474e-06,0.007369366999837438,standard_pcgrad,0.1250304517285037,5.5,0.0,,400,20260775,C:\Users\admin\Desktop\深度学习+CBF\kkt_collocation\results\multiseed10_vdp_k10_cuda_20260803_v1\standard_pcgrad\vdp\seed20260775\S-u+K.pth,C:\Users\admin\Desktop\深度学习+CBF\kkt_collocation\results\multiseed30_vdp_k10_refined_lambda_cached_margin1e6_20260804_v1\standard_pcgrad\vdp\seed20260775\test_per_sample_S-u+K.csv
400,vdp,S-u+K,0,-1.5086680451581458e-06,0.1839553021455643,,0.205,0.0023444374592597626,0.0075802992500121034,2.872750001188252e-06,0.0075831720000132915,standard_pcgrad,0.10605709370950032,20.5,0.0,,400,20260776,C:\Users\admin\Desktop\深度学习+CBF\kkt_collocation\results\multiseed10_vdp_k10_cuda_20260803_v1\standard_pcgrad\vdp\seed20260776\S-u+K.pth,C:\Users\admin\Desktop\深度学习+CBF\kkt_collocation\results\multiseed30_vdp_k10_refined_lambda_cached_margin1e6_20260804_v1\standard_pcgrad\vdp\seed20260776\test_per_sample_S-u+K.csv
400,vdp,S-u+K,0,-4.8466975700045545e-06,0.18407162796227972,,0.195,0.0021832131318385473,0.007645011499935208,2.658749999682186e-06,0.00764767024993489,standard_pcgrad,0.11026834240698961,19.25,0.0,,400,20260777,C:\Users\admin\Desktop\深度学习+CBF\kkt_collocation\results\multiseed10_vdp_k10_cuda_20260803_v1\standard_pcgrad\vdp\seed20260777\S-u+K.pth,C:\Users\admin\Desktop\深度学习+CBF\kkt_collocation\results\multiseed30_vdp_k10_refined_lambda_cached_margin1e6_20260804_v1\standard_pcgrad\vdp\seed20260777\test_per_sample_S-u+K.csv
400,vdp,S-u+K,0,-1.3365144989896383e-05,0.12548065828887617,,0.0625,0.000710045424693404,0.007325463249944732,3.2862500029295914e-06,0.0073287494999476595,standard_pcgrad,0.102343363134345,6.25,0.0,,400,20260778,C:\Users\admin\Desktop\深度学习+CBF\kkt_collocation\results\multiseed10_vdp_k10_cuda_20260803_v1\standard_pcgrad\vdp\seed20260778\S-u+K.pth,C:\Users\admin\Desktop\深度学习+CBF\kkt_collocation\results\multiseed30_vdp_k10_refined_lambda_cached_margin1e6_20260804_v1\standard_pcgrad\vdp\seed20260778\test_per_sample_S-u+K.csv
400,vdp,S-u+K,0,-9.06296027669562e-06,0.17840927420219477,,0.115,0.0020005785613386663,0.007556897249987742,3.347000001667767e-06,0.007560244249989409,standard_pcgrad,0.1137437148287682,11.5,0.0,,400,20260779,C:\Users\admin\Desktop\深度学习+CBF\kkt_collocation\results\multiseed10_vdp_k10_cuda_20260803_v1\standard_pcgrad\vdp\seed20260779\S-u+K.pth,C:\Users\admin\Desktop\深度学习+CBF\kkt_collocation\results\multiseed30_vdp_k10_refined_lambda_cached_margin1e6_20260804_v1\standard_pcgrad\vdp\seed20260779\test_per_sample_S-u+K.csv
400,vdp,S-u+K,0,-2.9031435411219775e-07,0.24648750463954713,,0.43,0.0057462878177704105,0.008085755000010977,3.0717499976162797e-06,0.00808882675000859,standard_pcgrad,0.0626801490727006,42.75,0.0,,400,20260780,C:\Users\admin\Desktop\深度学习+CBF\kkt_collocation\results\multiseed10_vdp_k10_cuda_20260803_v1\standard_pcgrad\vdp\seed20260780\S-u+K.pth,C:\Users\admin\Desktop\深度学习+CBF\kkt_collocation\results\multiseed30_vdp_k10_refined_lambda_cached_margin1e6_20260804_v1\standard_pcgrad\vdp\seed20260780\test_per_sample_S-u+K.csv
400,vdp,S-u+K,0,-3.118829754100716e-05,0.1312773093777502,,0.085,0.0005979658400027655,0.007480161250095989,2.6292500024283074e-06,0.007482790500098415,standard_pcgrad,0.1117631252250823,8.5,0.0,,400,20260781,C:\Users\admin\Desktop\深度学习+CBF\kkt_collocation\results\multiseed10_vdp_k10_cuda_20260803_v1\standard_pcgrad\vdp\seed20260781\S-u+K.pth,C:\Users\admin\Desktop\深度学习+CBF\kkt_collocation\results\multiseed30_vdp_k10_refined_lambda_cached_margin1e6_20260804_v1\standard_pcgrad\vdp\seed20260781\test_per_sample_S-u+K.csv
400,vdp,S-u+K,0,-3.2014974611360714e-06,0.1339510104594645,,0.1075,0.0011438034960312672,0.007288336999890816,3.3062500006053595e-06,0.007291643249891424,standard_pcgrad,0.09591539816731379,10.75,0.0,,400,20260782,C:\Users\admin\Desktop\深度学习+CBF\kkt_collocation\results\multiseed10_vdp_k10_cuda_20260803_v1\standard_pcgrad\vdp\seed20260782\S-u+K.pth,C:\Users\admin\Desktop\深度学习+CBF\kkt_collocation\results\multiseed30_vdp_k10_refined_lambda_cached_margin1e6_20260804_v1\standard_pcgrad\vdp\seed20260782\test_per_sample_S-u+K.csv
400,vdp,S-u+K,0,-1.746162631599546e-06,0.1498602316889081,,0.26,0.002284644999753962,0.0076903567499994096,2.492249996066676e-06,0.0076928489999954774,standard_pcgrad,0.07715771571685653,26.0,0.0,,400,20260783,C:\Users\admin\Desktop\深度学习+CBF\kkt_collocation\results\multiseed10_vdp_k10_cuda_20260803_v1\standard_pcgrad\vdp\seed20260783\S-u+K.pth,C:\Users\admin\Desktop\深度学习+CBF\kkt_collocation\results\multiseed30_vdp_k10_refined_lambda_cached_margin1e6_20260804_v1\standard_pcgrad\vdp\seed20260783\test_per_sample_S-u+K.csv
400,vdp,S-u+K,0,-4.205366985421399e-06,0.19061020768806253,,0.27,0.00350084781490708,0.007712244249914874,6.80799999827286e-06,0.00771905224991315,standard_pcgrad,0.07783201855541023,27.0,0.0,,400,20260784,C:\Users\admin\Desktop\深度学习+CBF\kkt_collocation\results\multiseed10_vdp_k10_cuda_20260803_v1\standard_pcgrad\vdp\seed20260784\S-u+K.pth,C:\Users\admin\Desktop\深度学习+CBF\kkt_collocation\results\multiseed30_vdp_k10_refined_lambda_cached_margin1e6_20260804_v1\standard_pcgrad\vdp\seed20260784\test_per_sample_S-u+K.csv
400,vdp,S-u+K,0,-9.08312743908013e-08,0.19399435136894053,,0.225,0.003089331884123856,0.007592717249945053,3.335499995955616e-06,0.007596052749941009,standard_pcgrad,0.09504866130749237,21.75,0.0,,400,20260785,C:\Users\admin\Desktop\深度学习+CBF\kkt_collocation\results\multiseed10_vdp_k10_cuda_20260803_v1\standard_pcgrad\vdp\seed20260785\S-u+K.pth,C:\Users\admin\Desktop\深度学习+CBF\kkt_collocation\results\multiseed30_vdp_k10_refined_lambda_cached_margin1e6_20260804_v1\standard_pcgrad\vdp\seed20260785\test_per_sample_S-u+K.csv
400,vdp,S-u+K,0,-7.10855179442138e-07,0.18523096767352437,,0.225,0.0031892169220379928,0.00768592724993141,3.4057500033668462e-06,0.007689332999934775,standard_pcgrad,0.08037015007697584,22.5,0.0,,400,20260786,C:\Users\admin\Desktop\深度学习+CBF\kkt_collocation\results\multiseed10_vdp_k10_cuda_20260803_v1\standard_pcgrad\vdp\seed20260786\S-u+K.pth,C:\Users\admin\Desktop\深度学习+CBF\kkt_collocation\results\multiseed30_vdp_k10_refined_lambda_cached_margin1e6_20260804_v1\standard_pcgrad\vdp\seed20260786\test_per_sample_S-u+K.csv
400,vdp,S-u+K,0,-9.570650152668225e-06,0.1631895106861,,0.1025,0.0014485688359644143,0.007563810250085226,3.3005000022967578e-06,0.007567110750087523,standard_pcgrad,0.11579486398019742,10.25,0.0,,400,20260787,C:\Users\admin\Desktop\深度学习+CBF\kkt_collocation\results\multiseed10_vdp_k10_cuda_20260803_v1\standard_pcgrad\vdp\seed20260787\S-u+K.pth,C:\Users\admin\Desktop\深度学习+CBF\kkt_collocation\results\multiseed30_vdp_k10_refined_lambda_cached_margin1e6_20260804_v1\standard_pcgrad\vdp\seed20260787\test_per_sample_S-u+K.csv
400,vdp,S-u+K,0,-5.8252560103944084e-05,0.1583078725287987,,0.075,0.0007478855419278729,0.007245207750129339,2.8662499971687795e-06,0.007248074000126506,standard_pcgrad,0.1320336883064492,7.5,0.0,,400,20260788,C:\Users\admin\Desktop\深度学习+CBF\kkt_collocation\results\multiseed10_vdp_k10_cuda_20260803_v1\standard_pcgrad\vdp\seed20260788\S-u+K.pth,C:\Users\admin\Desktop\深度学习+CBF\kkt_collocation\results\multiseed30_vdp_k10_refined_lambda_cached_margin1e6_20260804_v1\standard_pcgrad\vdp\seed20260788\test_per_sample_S-u+K.csv
400,vdp,S-u+K,0,-6.047004305065329e-07,0.22938141487192548,,0.35,0.005184115788833907,0.0077980520001256085,2.5282499973400263e-06,0.007800580250122951,standard_pcgrad,0.05912990508737974,35.0,0.0,,400,20260789,C:\Users\admin\Desktop\深度学习+CBF\kkt_collocation\results\multiseed10_vdp_k10_cuda_20260803_v1\standard_pcgrad\vdp\seed20260789\S-u+K.pth,C:\Users\admin\Desktop\深度学习+CBF\kkt_collocation\results\multiseed30_vdp_k10_refined_lambda_cached_margin1e6_20260804_v1\standard_pcgrad\vdp\seed20260789\test_per_sample_S-u+K.csv
400,vdp,S-u+K,0,-3.256840775012204e-06,0.1563846358596827,,0.1625,0.0021664429355491553,0.00782956699998067,3.6397500025486812e-06,0.007833206749983217,standard_pcgrad,0.08321456789050517,16.25,0.0,,400,20260790,C:\Users\admin\Desktop\深度学习+CBF\kkt_collocation\results\multiseed10_vdp_k10_cuda_20260803_v1\standard_pcgrad\vdp\seed20260790\S-u+K.pth,C:\Users\admin\Desktop\深度学习+CBF\kkt_collocation\results\multiseed30_vdp_k10_refined_lambda_cached_margin1e6_20260804_v1\standard_pcgrad\vdp\seed20260790\test_per_sample_S-u+K.csv
400,vdp,S-u+K,0,-4.293637327068556e-06,0.15486521255534844,,0.105,0.0007677094815819762,0.007405218500052797,3.2427499991172214e-06,0.007408461250051914,standard_pcgrad,0.12926718417652477,10.5,0.0,,400,20260791,C:\Users\admin\Desktop\深度学习+CBF\kkt_collocation\results\multiseed_vdp_k10_cuda_seeds21_30_20260803_v1\standard_pcgrad\vdp\seed20260791\S-u+K.pth,C:\Users\admin\Desktop\深度学习+CBF\kkt_collocation\results\multiseed30_vdp_k10_refined_lambda_cached_margin1e6_20260804_v1\standard_pcgrad\vdp\seed20260791\test_per_sample_S-u+K.csv
400,vdp,S-u+K,0,-1.1341178611179448e-05,0.1474049024970955,,0.0975,0.0011450856875675974,0.0076706614999693555,6.518500003949155e-06,0.007677179999973307,standard_pcgrad,0.10864749125049543,9.75,0.0,,400,20260792,C:\Users\admin\Desktop\深度学习+CBF\kkt_collocation\results\multiseed_vdp_k10_cuda_seeds21_30_20260803_v1\standard_pcgrad\vdp\seed20260792\S-u+K.pth,C:\Users\admin\Desktop\深度学习+CBF\kkt_collocation\results\multiseed30_vdp_k10_refined_lambda_cached_margin1e6_20260804_v1\standard_pcgrad\vdp\seed20260792\test_per_sample_S-u+K.csv
400,vdp,S-u+K,0,-1.6423206033788773e-05,0.13445869392638019,,0.08,0.0005494776769275745,0.007768974750097186,2.583249997769599e-06,0.007771558000094958,standard_pcgrad,0.114085561221747,8.0,0.0,,400,20260793,C:\Users\admin\Desktop\深度学习+CBF\kkt_collocation\results\multiseed_vdp_k10_cuda_seeds21_30_20260803_v1\standard_pcgrad\vdp\seed20260793\S-u+K.pth,C:\Users\admin\Desktop\深度学习+CBF\kkt_collocation\results\multiseed30_vdp_k10_refined_lambda_cached_margin1e6_20260804_v1\standard_pcgrad\vdp\seed20260793\test_per_sample_S-u+K.csv
400,vdp,S-u+K,0,-5.359773831037362e-06,0.15134100233612213,,0.1275,0.0009581870608584342,0.007775337250068333,2.599499994175857e-06,0.007777936750062509,standard_pcgrad,0.11883314412680371,12.25,0.0,,400,20260794,C:\Users\admin\Desktop\深度学习+CBF\kkt_collocation\results\multiseed_vdp_k10_cuda_seeds21_30_20260803_v1\standard_pcgrad\vdp\seed20260794\S-u+K.pth,C:\Users\admin\Desktop\深度学习+CBF\kkt_collocation\results\multiseed30_vdp_k10_refined_lambda_cached_margin1e6_20260804_v1\standard_pcgrad\vdp\seed20260794\test_per_sample_S-u+K.csv
400,vdp,S-u+K,0,-1.994507799873979e-05,0.20245497675707336,,0.2575,0.004067097379135714,0.008164493999884144,3.0755000079807373e-06,0.008167569499892127,standard_pcgrad,0.06942739538478362,25.25,0.0,,400,20260795,C:\Users\admin\Desktop\深度学习+CBF\kkt_collocation\results\multiseed_vdp_k10_cuda_seeds21_30_20260803_v1\standard_pcgrad\vdp\seed20260795\S-u+K.pth,C:\Users\admin\Desktop\深度学习+CBF\kkt_collocation\results\multiseed30_vdp_k10_refined_lambda_cached_margin1e6_20260804_v1\standard_pcgrad\vdp\seed20260795\test_per_sample_S-u+K.csv
400,vdp,S-u+K,0,-3.1826822621816575e-06,0.1985410194715789,,0.2725,0.0037970305605533037,0.008234286999868345,5.2845000027446095e-06,0.008239571499871088,standard_pcgrad,0.0786148934376142,27.0,0.0,,400,20260796,C:\Users\admin\Desktop\深度学习+CBF\kkt_collocation\results\multiseed_vdp_k10_cuda_seeds21_30_20260803_v1\standard_pcgrad\vdp\seed20260796\S-u+K.pth,C:\Users\admin\Desktop\深度学习+CBF\kkt_collocation\results\multiseed30_vdp_k10_refined_lambda_cached_margin1e6_20260804_v1\standard_pcgrad\vdp\seed20260796\test_per_sample_S-u+K.csv
400,vdp,S-u+K,0,-2.9709576345182676e-06,0.19013784059864192,,0.225,0.002746954513714964,0.007915379999931247,3.3242500012420357e-06,0.007918704249932488,standard_pcgrad,0.10121687732146104,22.0,0.0,,400,20260797,C:\Users\admin\Desktop\深度学习+CBF\kkt_collocation\results\multiseed_vdp_k10_cuda_seeds21_30_20260803_v1\standard_pcgrad\vdp\seed20260797\S-u+K.pth,C:\Users\admin\Desktop\深度学习+CBF\kkt_collocation\results\multiseed30_vdp_k10_refined_lambda_cached_margin1e6_20260804_v1\standard_pcgrad\vdp\seed20260797\test_per_sample_S-u+K.csv
400,vdp,S-u+K,0,-1.0574606011948262e-06,0.2385758386847926,,0.2775,0.0051154251353627165,0.008070504250154044,3.327250005895621e-06,0.008073831500159943,standard_pcgrad,0.07271706148737042,27.500000000000004,0.0,,400,20260798,C:\Users\admin\Desktop\深度学习+CBF\kkt_collocation\results\multiseed_vdp_k10_cuda_seeds21_30_20260803_v1\standard_pcgrad\vdp\seed20260798\S-u+K.pth,C:\Users\admin\Desktop\深度学习+CBF\kkt_collocation\results\multiseed30_vdp_k10_refined_lambda_cached_margin1e6_20260804_v1\standard_pcgrad\vdp\seed20260798\test_per_sample_S-u+K.csv
400,vdp,S-u+K,0,-3.0935739342430324e-06,0.2283632634504034,,0.2425,0.004522878309309067,0.008194139000015638,2.7505000070959806e-06,0.008196889500022736,standard_pcgrad,0.07901103146607974,24.25,0.0,,400,20260799,C:\Users\admin\Desktop\深度学习+CBF\kkt_collocation\results\multiseed_vdp_k10_cuda_seeds21_30_20260803_v1\standard_pcgrad\vdp\seed20260799\S-u+K.pth,C:\Users\admin\Desktop\深度学习+CBF\kkt_collocation\results\multiseed30_vdp_k10_refined_lambda_cached_margin1e6_20260804_v1\standard_pcgrad\vdp\seed20260799\test_per_sample_S-u+K.csv
400,vdp,S-u+K,0,-6.925115295708384e-06,0.13357875149605283,,0.12,0.0009657749253540481,0.00800545824998153,5.594750000454951e-06,0.008011052999981982,standard_pcgrad,0.10064355499697139,12.0,0.0,,400,20260800,C:\Users\admin\Desktop\深度学习+CBF\kkt_collocation\results\multiseed_vdp_k10_cuda_seeds21_30_20260803_v1\standard_pcgrad\vdp\seed20260800\S-u+K.pth,C:\Users\admin\Desktop\深度学习+CBF\kkt_collocation\results\multiseed30_vdp_k10_refined_lambda_cached_margin1e6_20260804_v1\standard_pcgrad\vdp\seed20260800\test_per_sample_S-u+K.csv
400,vdp,S-u,0,-5.808509715821142e-06,0.4604925050815999,,0.55,0.013389790308903506,0.0087981695000326,5.263499997454348e-06,0.008803433000030052,supervised,0.02765607807566091,55.00000000000001,0.0,,400,20260771,C:\Users\admin\Desktop\深度学习+CBF\kkt_collocation\results\multiseed10_vdp_k10_cuda_20260803_v1\supervised\vdp\seed20260771\S-u.pth,C:\Users\admin\Desktop\深度学习+CBF\kkt_collocation\results\multiseed30_vdp_k10_refined_lambda_cached_margin1e6_20260804_v1\supervised\vdp\seed20260771\test_per_sample_S-u.csv
400,vdp,S-u,0,-2.0734698831237353e-06,0.5383426888203069,,0.6325,0.01627104668217626,0.008741296250118467,1.1755499999708263e-05,0.008753051750118175,supervised,0.01741749218212299,62.5,0.0,,400,20260772,C:\Users\admin\Desktop\深度学习+CBF\kkt_collocation\results\multiseed10_vdp_k10_cuda_20260803_v1\supervised\vdp\seed20260772\S-u.pth,C:\Users\admin\Desktop\深度学习+CBF\kkt_collocation\results\multiseed30_vdp_k10_refined_lambda_cached_margin1e6_20260804_v1\supervised\vdp\seed20260772\test_per_sample_S-u.csv
400,vdp,S-u,0,-2.341044155751426e-06,0.3908459839674328,,0.5525,0.01157267439705962,0.008727464500043424,6.124749997979964e-06,0.008733589250041402,supervised,0.01383920164098638,54.50000000000001,0.0,,400,20260773,C:\Users\admin\Desktop\深度学习+CBF\kkt_collocation\results\multiseed10_vdp_k10_cuda_20260803_v1\supervised\vdp\seed20260773\S-u.pth,C:\Users\admin\Desktop\深度学习+CBF\kkt_collocation\results\multiseed30_vdp_k10_refined_lambda_cached_margin1e6_20260804_v1\supervised\vdp\seed20260773\test_per_sample_S-u.csv
400,vdp,S-u,0,-1.4682312958202992e-06,0.3935925596679238,,0.5825,0.011924859010242867,0.0088406169999962,5.969750000076601e-06,0.008846586749996277,supervised,0.010609109231705945,58.25,0.0,,400,20260774,C:\Users\admin\Desktop\深度学习+CBF\kkt_collocation\results\multiseed10_vdp_k10_cuda_20260803_v1\supervised\vdp\seed20260774\S-u.pth,C:\Users\admin\Desktop\深度学习+CBF\kkt_collocation\results\multiseed30_vdp_k10_refined_lambda_cached_margin1e6_20260804_v1\supervised\vdp\seed20260774\test_per_sample_S-u.csv
400,vdp,S-u,0,-1.7566029543725215e-06,0.39592557120024624,,0.5575,0.012163963351527852,0.008701469750049,6.4230000043608e-06,0.008707892750053361,supervised,0.007886404821031328,55.50000000000001,0.0,,400,20260775,C:\Users\admin\Desktop\深度学习+CBF\kkt_collocation\results\multiseed10_vdp_k10_cuda_20260803_v1\supervised\vdp\seed20260775\S-u.pth,C:\Users\admin\Desktop\深度学习+CBF\kkt_collocation\results\multiseed30_vdp_k10_refined_lambda_cached_margin1e6_20260804_v1\supervised\vdp\seed20260775\test_per_sample_S-u.csv
400,vdp,S-u,0,-3.0910675981044022e-06,0.49617266837311097,,0.6775,0.015545122548918324,0.009161669500035713,5.281749999994645e-06,0.009166951250035709,supervised,0.005287086263040814,67.5,0.0,,400,20260776,C:\Users\admin\Desktop\深度学习+CBF\kkt_collocation\results\multiseed10_vdp_k10_cuda_20260803_v1\supervised\vdp\seed20260776\S-u.pth,C:\Users\admin\Desktop\深度学习+CBF\kkt_collocation\results\multiseed30_vdp_k10_refined_lambda_cached_margin1e6_20260804_v1\supervised\vdp\seed20260776\test_per_sample_S-u.csv
400,vdp,S-u,0,-4.205120873679302e-06,0.34236189158431946,,0.51,0.009989423086701156,0.008507042749970424,6.598250001843552e-06,0.008513640999972268,supervised,0.016297326648072943,50.0,0.0,,400,20260777,C:\Users\admin\Desktop\深度学习+CBF\kkt_collocation\results\multiseed10_vdp_k10_cuda_20260803_v1\supervised\vdp\seed20260777\S-u.pth,C:\Users\admin\Desktop\深度学习+CBF\kkt_collocation\results\multiseed30_vdp_k10_refined_lambda_cached_margin1e6_20260804_v1\supervised\vdp\seed20260777\test_per_sample_S-u.csv
400,vdp,S-u,0,-3.1408245322883666e-06,0.40424857376076373,,0.5975,0.012487945501268288,0.008700876499970036,5.133000004207132e-06,0.008706009499974245,supervised,0.006534524118567996,59.0,0.0,,400,20260778,C:\Users\admin\Desktop\深度学习+CBF\kkt_collocation\results\multiseed10_vdp_k10_cuda_20260803_v1\supervised\vdp\seed20260778\S-u.pth,C:\Users\admin\Desktop\深度学习+CBF\kkt_collocation\results\multiseed30_vdp_k10_refined_lambda_cached_margin1e6_20260804_v1\supervised\vdp\seed20260778\test_per_sample_S-u.csv
400,vdp,S-u,0,-1.7204676254767293e-06,0.4228337413687495,,0.605,0.013075258331259904,0.008435214499968424,3.345249997437351e-06,0.008438559749965864,supervised,0.004260783217377584,60.5,0.0,,400,20260779,C:\Users\admin\Desktop\深度学习+CBF\kkt_collocation\results\multiseed10_vdp_k10_cuda_20260803_v1\supervised\vdp\seed20260779\S-u.pth,C:\Users\admin\Desktop\深度学习+CBF\kkt_collocation\results\multiseed30_vdp_k10_refined_lambda_cached_margin1e6_20260804_v1\supervised\vdp\seed20260779\test_per_sample_S-u.csv
400,vdp,S-u,0,-4.656398552405072e-06,0.4637131862330682,,0.6075,0.014241185786471964,0.008698473499971443,3.1360000048152863e-06,0.008701609499976257,supervised,0.01308581246740548,60.25,0.0,,400,20260780,C:\Users\admin\Desktop\深度学习+CBF\kkt_collocation\results\multiseed10_vdp_k10_cuda_20260803_v1\supervised\vdp\seed20260780\S-u.pth,C:\Users\admin\Desktop\深度学习+CBF\kkt_collocation\results\multiseed30_vdp_k10_refined_lambda_cached_margin1e6_20260804_v1\supervised\vdp\seed20260780\test_per_sample_S-u.csv
400,vdp,S-u,0,-3.3506894020485234e-07,0.3413353467272151,,0.54,0.010058112421380404,0.008375609500071733,2.8550000024551993e-06,0.008378464500074186,supervised,0.014730963219122262,53.25,0.0,,400,20260781,C:\Users\admin\Desktop\深度学习+CBF\kkt_collocation\results\multiseed10_vdp_k10_cuda_20260803_v1\supervised\vdp\seed20260781\S-u.pth,C:\Users\admin\Desktop\深度学习+CBF\kkt_collocation\results\multiseed30_vdp_k10_refined_lambda_cached_margin1e6_20260804_v1\supervised\vdp\seed20260781\test_per_sample_S-u.csv
400,vdp,S-u,0,-7.693576627831877e-06,0.2912927720548319,,0.485,0.00789951195768409,0.008162071749948154,3.350250008224975e-06,0.008165421999956377,supervised,0.026571687334451782,47.75,0.0,,400,20260782,C:\Users\admin\Desktop\深度学习+CBF\kkt_collocation\results\multiseed10_vdp_k10_cuda_20260803_v1\supervised\vdp\seed20260782\S-u.pth,C:\Users\admin\Desktop\深度学习+CBF\kkt_collocation\results\multiseed30_vdp_k10_refined_lambda_cached_margin1e6_20260804_v1\supervised\vdp\seed20260782\test_per_sample_S-u.csv
400,vdp,S-u,0,-9.784795329537133e-08,0.41205722793893373,,0.5925,0.012389659439751977,0.008349257000027137,3.2684999951015925e-06,0.008352525500022238,supervised,0.018933491020316617,57.99999999999999,0.0,,400,20260783,C:\Users\admin\Desktop\深度学习+CBF\kkt_collocation\results\multiseed10_vdp_k10_cuda_20260803_v1\supervised\vdp\seed20260783\S-u.pth,C:\Users\admin\Desktop\深度学习+CBF\kkt_collocation\results\multiseed30_vdp_k10_refined_lambda_cached_margin1e6_20260804_v1\supervised\vdp\seed20260783\test_per_sample_S-u.csv
400,vdp,S-u,0,-5.127720191011598e-06,0.3489516451544979,,0.495,0.009769589831547904,0.008228706000127204,2.5202500000887086e-06,0.00823122625012729,supervised,0.03392833312525915,49.25,0.0,,400,20260784,C:\Users\admin\Desktop\深度学习+CBF\kkt_collocation\results\multiseed10_vdp_k10_cuda_20260803_v1\supervised\vdp\seed20260784\S-u.pth,C:\Users\admin\Desktop\深度学习+CBF\kkt_collocation\results\multiseed30_vdp_k10_refined_lambda_cached_margin1e6_20260804_v1\supervised\vdp\seed20260784\test_per_sample_S-u.csv
400,vdp,S-u,0,-4.932570072613274e-06,0.491021939724546,,0.595,0.014991582351878302,0.008568408499959332,3.290250006102724e-06,0.008571698749965434,supervised,0.013396630374241424,59.5,0.0,,400,20260785,C:\Users\admin\Desktop\深度学习+CBF\kkt_collocation\results\multiseed10_vdp_k10_cuda_20260803_v1\supervised\vdp\seed20260785\S-u.pth,C:\Users\admin\Desktop\深度学习+CBF\kkt_collocation\results\multiseed30_vdp_k10_refined_lambda_cached_margin1e6_20260804_v1\supervised\vdp\seed20260785\test_per_sample_S-u.csv
400,vdp,S-u,0,-1.6008629112329587e-06,0.3737817203165471,,0.555,0.011171398483414108,0.008326860499892064,6.526249999296851e-06,0.008333386749891359,supervised,0.010091528792168649,55.00000000000001,0.0,,400,20260786,C:\Users\admin\Desktop\深度学习+CBF\kkt_collocation\results\multiseed10_vdp_k10_cuda_20260803_v1\supervised\vdp\seed20260786\S-u.pth,C:\Users\admin\Desktop\深度学习+CBF\kkt_collocation\results\multiseed30_vdp_k10_refined_lambda_cached_margin1e6_20260804_v1\supervised\vdp\seed20260786\test_per_sample_S-u.csv
400,vdp,S-u,0,-7.292809768633113e-06,0.3531533278004291,,0.56,0.010699344590431335,0.008288602499960688,3.3534999965922917e-06,0.008291955999957282,supervised,0.009747369351811206,55.25,0.0,,400,20260787,C:\Users\admin\Desktop\深度学习+CBF\kkt_collocation\results\multiseed10_vdp_k10_cuda_20260803_v1\supervised\vdp\seed20260787\S-u.pth,C:\Users\admin\Desktop\深度学习+CBF\kkt_collocation\results\multiseed30_vdp_k10_refined_lambda_cached_margin1e6_20260804_v1\supervised\vdp\seed20260787\test_per_sample_S-u.csv
400,vdp,S-u,0,-1.4202639200822098e-06,0.3792216116015761,,0.52,0.011451008565618107,0.00853482500006976,2.8762500005541368e-06,0.008537701250070315,supervised,0.015139155055635237,51.5,0.0,,400,20260788,C:\Users\admin\Desktop\深度学习+CBF\kkt_collocation\results\multiseed10_vdp_k10_cuda_20260803_v1\supervised\vdp\seed20260788\S-u.pth,C:\Users\admin\Desktop\深度学习+CBF\kkt_collocation\results\multiseed30_vdp_k10_refined_lambda_cached_margin1e6_20260804_v1\supervised\vdp\seed20260788\test_per_sample_S-u.csv
400,vdp,S-u,0,-8.267857883881291e-07,0.39332961346182516,,0.5775,0.011856450736735753,0.008490286500091315,2.634499996929662e-06,0.008492921000088244,supervised,0.01284521078998995,57.25,0.0,,400,20260789,C:\Users\admin\Desktop\深度学习+CBF\kkt_collocation\results\multiseed10_vdp_k10_cuda_20260803_v1\supervised\vdp\seed20260789\S-u.pth,C:\Users\admin\Desktop\深度学习+CBF\kkt_collocation\results\multiseed30_vdp_k10_refined_lambda_cached_margin1e6_20260804_v1\supervised\vdp\seed20260789\test_per_sample_S-u.csv
400,vdp,S-u,0,-8.85368472225423e-06,0.33308286702070683,,0.49,0.009757759717987561,0.008144762250094573,6.937000007383176e-06,0.008151699250101957,supervised,0.018167723925550383,48.75,0.0,,400,20260790,C:\Users\admin\Desktop\深度学习+CBF\kkt_collocation\results\multiseed10_vdp_k10_cuda_20260803_v1\supervised\vdp\seed20260790\S-u.pth,C:\Users\admin\Desktop\深度学习+CBF\kkt_collocation\results\multiseed30_vdp_k10_refined_lambda_cached_margin1e6_20260804_v1\supervised\vdp\seed20260790\test_per_sample_S-u.csv
400,vdp,S-u,0,-1.999221736215251e-06,0.3637294936458152,,0.5125,0.01083132568059855,0.008087644000024739,3.3894999978656416e-06,0.008091033500022606,supervised,0.016473946713910843,51.24999999999999,0.0,,400,20260791,C:\Users\admin\Desktop\深度学习+CBF\kkt_collocation\results\multiseed_vdp_k10_cuda_seeds21_30_20260803_v1\supervised\vdp\seed20260791\S-u.pth,C:\Users\admin\Desktop\深度学习+CBF\kkt_collocation\results\multiseed30_vdp_k10_refined_lambda_cached_margin1e6_20260804_v1\supervised\vdp\seed20260791\test_per_sample_S-u.csv
400,vdp,S-u,0,-3.228931880705499e-06,0.41461012438710415,,0.6325,0.013061477573283704,0.008284429500072292,2.592999999251332e-06,0.008287022500071541,supervised,-0.0018326143704047865,62.74999999999999,0.0,,400,20260792,C:\Users\admin\Desktop\深度学习+CBF\kkt_collocation\results\multiseed_vdp_k10_cuda_seeds21_30_20260803_v1\supervised\vdp\seed20260792\S-u.pth,C:\Users\admin\Desktop\深度学习+CBF\kkt_collocation\results\multiseed30_vdp_k10_refined_lambda_cached_margin1e6_20260804_v1\supervised\vdp\seed20260792\test_per_sample_S-u.csv
400,vdp,S-u,0,-2.9803123408056464e-07,0.38845915224358085,,0.5425,0.011660012647735675,0.008358131749982931,6.97250000484928e-06,0.00836510424998778,supervised,0.01891380192865135,54.25,0.0,,400,20260793,C:\Users\admin\Desktop\深度学习+CBF\kkt_collocation\results\multiseed_vdp_k10_cuda_seeds21_30_20260803_v1\supervised\vdp\seed20260793\S-u.pth,C:\Users\admin\Desktop\深度学习+CBF\kkt_collocation\results\multiseed30_vdp_k10_refined_lambda_cached_margin1e6_20260804_v1\supervised\vdp\seed20260793\test_per_sample_S-u.csv
400,vdp,S-u,0,-4.067505797900051e-06,0.3898731170522072,,0.5675,0.011660496737350985,0.00843660725009613,3.3577500016690477e-06,0.0084399650000978,supervised,0.014155747174153853,55.50000000000001,0.0,,400,20260794,C:\Users\admin\Desktop\深度学习+CBF\kkt_collocation\results\multiseed_vdp_k10_cuda_seeds21_30_20260803_v1\supervised\vdp\seed20260794\S-u.pth,C:\Users\admin\Desktop\深度学习+CBF\kkt_collocation\results\multiseed30_vdp_k10_refined_lambda_cached_margin1e6_20260804_v1\supervised\vdp\seed20260794\test_per_sample_S-u.csv
400,vdp,S-u,0,-9.189686690946886e-06,0.43261650317156064,,0.59,0.013281106016818702,0.00926153075010916,2.6412500028527573e-06,0.00926417200011201,supervised,0.0062220676524727386,58.75,0.0,,400,20260795,C:\Users\admin\Desktop\深度学习+CBF\kkt_collocation\results\multiseed_vdp_k10_cuda_seeds21_30_20260803_v1\supervised\vdp\seed20260795\S-u.pth,C:\Users\admin\Desktop\深度学习+CBF\kkt_collocation\results\multiseed30_vdp_k10_refined_lambda_cached_margin1e6_20260804_v1\supervised\vdp\seed20260795\test_per_sample_S-u.csv
400,vdp,S-u,0,-3.88294091213659e-07,0.3548152487695011,,0.5125,0.010249274466838267,0.009108517750164538,6.455250004364642e-06,0.009114973000168902,supervised,0.019966103599917392,51.24999999999999,0.0,,400,20260796,C:\Users\admin\Desktop\深度学习+CBF\kkt_collocation\results\multiseed_vdp_k10_cuda_seeds21_30_20260803_v1\supervised\vdp\seed20260796\S-u.pth,C:\Users\admin\Desktop\深度学习+CBF\kkt_collocation\results\multiseed30_vdp_k10_refined_lambda_cached_margin1e6_20260804_v1\supervised\vdp\seed20260796\test_per_sample_S-u.csv
400,vdp,S-u,0,-1.3800216723480752e-05,0.36560605892767845,,0.4775,0.010353033314781207,0.009164422999901944,3.320499999972526e-06,0.009167743499901918,supervised,0.0256600171247211,47.5,0.0,,400,20260797,C:\Users\admin\Desktop\深度学习+CBF\kkt_collocation\results\multiseed_vdp_k10_cuda_seeds21_30_20260803_v1\supervised\vdp\seed20260797\S-u.pth,C:\Users\admin\Desktop\深度学习+CBF\kkt_collocation\results\multiseed30_vdp_k10_refined_lambda_cached_margin1e6_20260804_v1\supervised\vdp\seed20260797\test_per_sample_S-u.csv
400,vdp,S-u,0,-2.408864577818637e-05,0.383948757404569,,0.505,0.011000914859610482,0.009111310499965839,3.687999997055158e-06,0.009114998499962897,supervised,0.018937299828759212,50.5,0.0,,400,20260798,C:\Users\admin\Desktop\深度学习+CBF\kkt_collocation\results\multiseed_vdp_k10_cuda_seeds21_30_20260803_v1\supervised\vdp\seed20260798\S-u.pth,C:\Users\admin\Desktop\深度学习+CBF\kkt_collocation\results\multiseed30_vdp_k10_refined_lambda_cached_margin1e6_20260804_v1\supervised\vdp\seed20260798\test_per_sample_S-u.csv
400,vdp,S-u,0,-6.068728470420837e-06,0.32470547121643545,,0.455,0.008969495198867519,0.009204661250005302,2.674750003279769e-06,0.00920733600000858,supervised,0.02392813901903528,45.5,0.0,,400,20260799,C:\Users\admin\Desktop\深度学习+CBF\kkt_collocation\results\multiseed_vdp_k10_cuda_seeds21_30_20260803_v1\supervised\vdp\seed20260799\S-u.pth,C:\Users\admin\Desktop\深度学习+CBF\kkt_collocation\results\multiseed30_vdp_k10_refined_lambda_cached_margin1e6_20260804_v1\supervised\vdp\seed20260799\test_per_sample_S-u.csv
400,vdp,S-u,0,-7.714632952460221e-07,0.42578601022540946,,0.6275,0.013197446370343853,0.009448244750046797,3.365500006111688e-06,0.009451610250052908,supervised,0.006598364571218921,61.75000000000001,0.0,,400,20260800,C:\Users\admin\Desktop\深度学习+CBF\kkt_collocation\results\multiseed_vdp_k10_cuda_seeds21_30_20260803_v1\supervised\vdp\seed20260800\S-u.pth,C:\Users\admin\Desktop\深度学习+CBF\kkt_collocation\results\multiseed30_vdp_k10_refined_lambda_cached_margin1e6_20260804_v1\supervised\vdp\seed20260800\test_per_sample_S-u.csv
400,vdp,S-u+K,0,-1.6181052293229303e-05,0.2113875537264923,,0.1425,0.0005561136562120017,0.008348440250001659,2.840249999280785e-06,0.008351280500000937,unprocessed,0.19251015491221846,14.000000000000002,0.0,,400,20260771,C:\Users\admin\Desktop\深度学习+CBF\kkt_collocation\results\multiseed10_vdp_k10_cuda_20260803_v1\unprocessed\vdp\seed20260771\S-u+K.pth,C:\Users\admin\Desktop\深度学习+CBF\kkt_collocation\results\multiseed30_vdp_k10_refined_lambda_cached_margin1e6_20260804_v1\unprocessed\vdp\seed20260771\test_per_sample_S-u+K.csv
400,vdp,S-u+K,0,-3.1375692214286044e-05,0.23196231485713975,,0.145,0.0014980629951792013,0.008574458750044868,2.4902499990275825e-06,0.008576949000043896,unprocessed,0.17860375841443737,14.499999999999998,0.0,,400,20260772,C:\Users\admin\Desktop\深度学习+CBF\kkt_collocation\results\multiseed10_vdp_k10_cuda_20260803_v1\unprocessed\vdp\seed20260772\S-u+K.pth,C:\Users\admin\Desktop\深度学习+CBF\kkt_collocation\results\multiseed30_vdp_k10_refined_lambda_cached_margin1e6_20260804_v1\unprocessed\vdp\seed20260772\test_per_sample_S-u+K.csv
400,vdp,S-u+K,0,-1.990049072297939e-05,0.17807744397372685,,0.105,0.001204316117826657,0.007695261499911794,4.457499999261926e-06,0.007699718999911056,unprocessed,0.13735458332758171,10.5,0.0,,400,20260773,C:\Users\admin\Desktop\深度学习+CBF\kkt_collocation\results\multiseed10_vdp_k10_cuda_20260803_v1\unprocessed\vdp\seed20260773\S-u+K.pth,C:\Users\admin\Desktop\深度学习+CBF\kkt_collocation\results\multiseed30_vdp_k10_refined_lambda_cached_margin1e6_20260804_v1\unprocessed\vdp\seed20260773\test_per_sample_S-u+K.csv
400,vdp,S-u+K,0,-1.3314799452879278e-05,0.16094506331269834,,0.065,0.00048751345608301746,0.007719051499952912,4.292249996069586e-06,0.007723343749948981,unprocessed,0.14439853094972777,6.5,0.0,,400,20260774,C:\Users\admin\Desktop\深度学习+CBF\kkt_collocation\results\multiseed10_vdp_k10_cuda_20260803_v1\unprocessed\vdp\seed20260774\S-u+K.pth,C:\Users\admin\Desktop\深度学习+CBF\kkt_collocation\results\multiseed30_vdp_k10_refined_lambda_cached_margin1e6_20260804_v1\unprocessed\vdp\seed20260774\test_per_sample_S-u+K.csv
400,vdp,S-u+K,0,-1.635546746658889e-05,0.15233544126013057,,0.045,0.000513279184463783,0.007631904749996465,3.2815000031405363e-06,0.007635186249999608,unprocessed,0.1355510844338779,4.5,0.0,,400,20260775,C:\Users\admin\Desktop\深度学习+CBF\kkt_collocation\results\multiseed10_vdp_k10_cuda_20260803_v1\unprocessed\vdp\seed20260775\S-u+K.pth,C:\Users\admin\Desktop\深度学习+CBF\kkt_collocation\results\multiseed30_vdp_k10_refined_lambda_cached_margin1e6_20260804_v1\unprocessed\vdp\seed20260775\test_per_sample_S-u+K.csv
400,vdp,S-u+K,0,-3.410769177925044e-05,0.20311255371787537,,0.1025,0.0006959817425378212,0.0077062537501115,3.357250006956748e-06,0.007709611000118457,unprocessed,0.17841797062447717,10.0,0.0,,400,20260776,C:\Users\admin\Desktop\深度学习+CBF\kkt_collocation\results\multiseed10_vdp_k10_cuda_20260803_v1\unprocessed\vdp\seed20260776\S-u+K.pth,C:\Users\admin\Desktop\深度学习+CBF\kkt_collocation\results\multiseed30_vdp_k10_refined_lambda_cached_margin1e6_20260804_v1\unprocessed\vdp\seed20260776\test_per_sample_S-u+K.csv
400,vdp,S-u+K,0,-4.2593427906911785e-06,0.20188138752402413,,0.0775,0.0004689036425727744,0.007664796750041205,3.831249996437692e-06,0.007668628000037643,unprocessed,0.18557418331061726,7.5,0.0,,400,20260777,C:\Users\admin\Desktop\深度学习+CBF\kkt_collocation\results\multiseed10_vdp_k10_cuda_20260803_v1\unprocessed\vdp\seed20260777\S-u+K.pth,C:\Users\admin\Desktop\深度学习+CBF\kkt_collocation\results\multiseed30_vdp_k10_refined_lambda_cached_margin1e6_20260804_v1\unprocessed\vdp\seed20260777\test_per_sample_S-u+K.csv
400,vdp,S-u+K,0,-2.372180627924214e-05,0.13398840885889268,,0.0275,0.0001645545476407484,0.007599876250123998,3.4755000069708343e-06,0.007603351750130969,unprocessed,0.12812091549414492,2.75,0.0,,400,20260778,C:\Users\admin\Desktop\深度学习+CBF\kkt_collocation\results\multiseed10_vdp_k10_cuda_20260803_v1\unprocessed\vdp\seed20260778\S-u+K.pth,C:\Users\admin\Desktop\深度学习+CBF\kkt_collocation\results\multiseed30_vdp_k10_refined_lambda_cached_margin1e6_20260804_v1\unprocessed\vdp\seed20260778\test_per_sample_S-u+K.csv
400,vdp,S-u+K,0,-9.17717452375566e-06,0.18332862835093588,,0.085,0.001367358272715954,0.007794247749952774,4.209000007904252e-06,0.007798456749960676,unprocessed,0.1392499751760808,8.5,0.0,,400,20260779,C:\Users\admin\Desktop\深度学习+CBF\kkt_collocation\results\multiseed10_vdp_k10_cuda_20260803_v1\unprocessed\vdp\seed20260779\S-u+K.pth,C:\Users\admin\Desktop\深度学习+CBF\kkt_collocation\results\multiseed30_vdp_k10_refined_lambda_cached_margin1e6_20260804_v1\unprocessed\vdp\seed20260779\test_per_sample_S-u+K.csv
400,vdp,S-u+K,0,-1.265096786523534e-05,0.16772249380104376,,0.145,0.0008379542889430713,0.007837331000000631,4.559750004773376e-06,0.007841890750005402,unprocessed,0.13918369643311893,14.499999999999998,0.0,,400,20260780,C:\Users\admin\Desktop\深度学习+CBF\kkt_collocation\results\multiseed10_vdp_k10_cuda_20260803_v1\unprocessed\vdp\seed20260780\S-u+K.pth,C:\Users\admin\Desktop\深度学习+CBF\kkt_collocation\results\multiseed30_vdp_k10_refined_lambda_cached_margin1e6_20260804_v1\unprocessed\vdp\seed20260780\test_per_sample_S-u+K.csv
400,vdp,S-u+K,0,-2.0776632474184265e-05,0.14744251258775298,,0.065,0.000375788556190455,0.007460894999858283,3.255000001445297e-06,0.0074641499998597295,unprocessed,0.13510951035207042,6.5,0.0,,400,20260781,C:\Users\admin\Desktop\深度学习+CBF\kkt_collocation\results\multiseed10_vdp_k10_cuda_20260803_v1\unprocessed\vdp\seed20260781\S-u+K.pth,C:\Users\admin\Desktop\深度学习+CBF\kkt_collocation\results\multiseed30_vdp_k10_refined_lambda_cached_margin1e6_20260804_v1\unprocessed\vdp\seed20260781\test_per_sample_S-u+K.csv
400,vdp,S-u+K,0,-4.7872078085209324e-05,0.16090115080876785,,0.0475,0.00030741997743131575,0.007210073749993171,2.5917499988281623e-06,0.007212665499991999,unprocessed,0.1507732509756799,4.75,0.0,,400,20260782,C:\Users\admin\Desktop\深度学习+CBF\kkt_collocation\results\multiseed10_vdp_k10_cuda_20260803_v1\unprocessed\vdp\seed20260782\S-u+K.pth,C:\Users\admin\Desktop\深度学习+CBF\kkt_collocation\results\multiseed30_vdp_k10_refined_lambda_cached_margin1e6_20260804_v1\unprocessed\vdp\seed20260782\test_per_sample_S-u+K.csv
400,vdp,S-u+K,0,-1.6268915123407446e-06,0.15722301935859267,,0.1125,0.0005534723912416006,0.007348651499951302,3.2979999923554713e-06,0.007351949499943655,unprocessed,0.13828517804920964,11.25,0.0,,400,20260783,C:\Users\admin\Desktop\深度学习+CBF\kkt_collocation\results\multiseed10_vdp_k10_cuda_20260803_v1\unprocessed\vdp\seed20260783\S-u+K.pth,C:\Users\admin\Desktop\深度学习+CBF\kkt_collocation\results\multiseed30_vdp_k10_refined_lambda_cached_margin1e6_20260804_v1\unprocessed\vdp\seed20260783\test_per_sample_S-u+K.csv
400,vdp,S-u+K,0,-3.783248110122983e-06,0.16611836503247654,,0.075,0.0005482748079604649,0.007338718750070257,4.948000005242648e-06,0.0073436667500754995,unprocessed,0.1466520240228914,7.5,0.0,,400,20260784,C:\Users\admin\Desktop\深度学习+CBF\kkt_collocation\results\multiseed10_vdp_k10_cuda_20260803_v1\unprocessed\vdp\seed20260784\S-u+K.pth,C:\Users\admin\Desktop\深度学习+CBF\kkt_collocation\results\multiseed30_vdp_k10_refined_lambda_cached_margin1e6_20260804_v1\unprocessed\vdp\seed20260784\test_per_sample_S-u+K.csv
400,vdp,S-u+K,0,-1.8208900058325206e-06,0.18944144737154062,,0.095,0.0005272572650639761,0.007422050249942913,2.851999997801613e-06,0.007424902249940717,unprocessed,0.17093077788631106,9.5,0.0,,400,20260785,C:\Users\admin\Desktop\深度学习+CBF\kkt_collocation\results\multiseed10_vdp_k10_cuda_20260803_v1\unprocessed\vdp\seed20260785\S-u+K.pth,C:\Users\admin\Desktop\深度学习+CBF\kkt_collocation\results\multiseed30_vdp_k10_refined_lambda_cached_margin1e6_20260804_v1\unprocessed\vdp\seed20260785\test_per_sample_S-u+K.csv
400,vdp,S-u+K,0,-3.380078775216955e-05,0.15884781122446176,,0.085,0.0006027247895062992,0.0075969087500379825,6.495999996332103e-06,0.007603404750034315,unprocessed,0.1387762046248579,8.5,0.0,,400,20260786,C:\Users\admin\Desktop\深度学习+CBF\kkt_collocation\results\multiseed10_vdp_k10_cuda_20260803_v1\unprocessed\vdp\seed20260786\S-u+K.pth,C:\Users\admin\Desktop\深度学习+CBF\kkt_collocation\results\multiseed30_vdp_k10_refined_lambda_cached_margin1e6_20260804_v1\unprocessed\vdp\seed20260786\test_per_sample_S-u+K.csv
400,vdp,S-u+K,0,-6.662259589618191e-06,0.16532954765831603,,0.09,0.0010859149955600932,0.007338798749960915,6.399499998224198e-06,0.007345198249959142,unprocessed,0.12946691656359205,9.0,0.0,,400,20260787,C:\Users\admin\Desktop\深度学习+CBF\kkt_collocation\results\multiseed10_vdp_k10_cuda_20260803_v1\unprocessed\vdp\seed20260787\S-u+K.pth,C:\Users\admin\Desktop\深度学习+CBF\kkt_collocation\results\multiseed30_vdp_k10_refined_lambda_cached_margin1e6_20260804_v1\unprocessed\vdp\seed20260787\test_per_sample_S-u+K.csv
400,vdp,S-u+K,0,-9.792885347081892e-07,0.16932767000741122,,0.06,0.0006826970278890188,0.007546257000058176,6.485750000138071e-06,0.007552742750058314,unprocessed,0.14520551063579168,6.0,0.0,,400,20260788,C:\Users\admin\Desktop\深度学习+CBF\kkt_collocation\results\multiseed10_vdp_k10_cuda_20260803_v1\unprocessed\vdp\seed20260788\S-u+K.pth,C:\Users\admin\Desktop\深度学习+CBF\kkt_collocation\results\multiseed30_vdp_k10_refined_lambda_cached_margin1e6_20260804_v1\unprocessed\vdp\seed20260788\test_per_sample_S-u+K.csv
400,vdp,S-u+K,0,-2.3391304715014716e-05,0.16427462529745057,,0.085,0.0007619801141417282,0.007490469250005845,3.3010000061040047e-06,0.007493770250011949,unprocessed,0.13684863056742952,8.5,0.0,,400,20260789,C:\Users\admin\Desktop\深度学习+CBF\kkt_collocation\results\multiseed10_vdp_k10_cuda_20260803_v1\unprocessed\vdp\seed20260789\S-u+K.pth,C:\Users\admin\Desktop\深度学习+CBF\kkt_collocation\results\multiseed30_vdp_k10_refined_lambda_cached_margin1e6_20260804_v1\unprocessed\vdp\seed20260789\test_per_sample_S-u+K.csv
400,vdp,S-u+K,0,-1.1982823733602821e-05,0.1569275897286187,,0.0625,0.0006919093036139657,0.007465607000058299,3.274999999121063e-06,0.00746888200005742,unprocessed,0.13320536143042241,6.25,0.0,,400,20260790,C:\Users\admin\Desktop\深度学习+CBF\kkt_collocation\results\multiseed10_vdp_k10_cuda_20260803_v1\unprocessed\vdp\seed20260790\S-u+K.pth,C:\Users\admin\Desktop\深度学习+CBF\kkt_collocation\results\multiseed30_vdp_k10_refined_lambda_cached_margin1e6_20260804_v1\unprocessed\vdp\seed20260790\test_per_sample_S-u+K.csv
400,vdp,S-u+K,0,-2.258879646932499e-05,0.16114386371382644,,0.0775,0.0005283728292855894,0.0072698649998983456,3.8467499962280285e-06,0.007273711749894575,unprocessed,0.14394883884088583,7.75,0.0,,400,20260791,C:\Users\admin\Desktop\深度学习+CBF\kkt_collocation\results\multiseed_vdp_k10_cuda_seeds21_30_20260803_v1\unprocessed\vdp\seed20260791\S-u+K.pth,C:\Users\admin\Desktop\深度学习+CBF\kkt_collocation\results\multiseed30_vdp_k10_refined_lambda_cached_margin1e6_20260804_v1\unprocessed\vdp\seed20260791\test_per_sample_S-u+K.csv
400,vdp,S-u+K,0,-2.559319753325795e-05,0.15898606198216722,,0.0625,0.0004738351053786871,0.007382234750102725,3.3362500016664865e-06,0.007385571000104392,unprocessed,0.14257916389828806,6.25,0.0,,400,20260792,C:\Users\admin\Desktop\深度学习+CBF\kkt_collocation\results\multiseed_vdp_k10_cuda_seeds21_30_20260803_v1\unprocessed\vdp\seed20260792\S-u+K.pth,C:\Users\admin\Desktop\深度学习+CBF\kkt_collocation\results\multiseed30_vdp_k10_refined_lambda_cached_margin1e6_20260804_v1\unprocessed\vdp\seed20260792\test_per_sample_S-u+K.csv
400,vdp,S-u+K,0,-1.7236793025510178e-05,0.13794661151886586,,0.06,0.0002711648549548307,0.007622286749947307,2.9667499984498137e-06,0.007625253499945757,unprocessed,0.12810607999515422,6.0,0.0,,400,20260793,C:\Users\admin\Desktop\深度学习+CBF\kkt_collocation\results\multiseed_vdp_k10_cuda_seeds21_30_20260803_v1\unprocessed\vdp\seed20260793\S-u+K.pth,C:\Users\admin\Desktop\深度学习+CBF\kkt_collocation\results\multiseed30_vdp_k10_refined_lambda_cached_margin1e6_20260804_v1\unprocessed\vdp\seed20260793\test_per_sample_S-u+K.csv
400,vdp,S-u+K,0,-1.3391535236773056e-05,0.15841555109941297,,0.09,0.0005263187468945085,0.007231658000018797,6.86374999531836e-06,0.007238521750014113,unprocessed,0.1403337364443313,9.0,0.0,,400,20260794,C:\Users\admin\Desktop\深度学习+CBF\kkt_collocation\results\multiseed_vdp_k10_cuda_seeds21_30_20260803_v1\unprocessed\vdp\seed20260794\S-u+K.pth,C:\Users\admin\Desktop\深度学习+CBF\kkt_collocation\results\multiseed30_vdp_k10_refined_lambda_cached_margin1e6_20260804_v1\unprocessed\vdp\seed20260794\test_per_sample_S-u+K.csv
400,vdp,S-u+K,0,-2.370188068978596e-06,0.16830091280121764,,0.085,0.0011021425916373385,0.007284730999963358,5.972500002826566e-06,0.007290703499966182,unprocessed,0.13161828666695613,8.5,0.0,,400,20260795,C:\Users\admin\Desktop\深度学习+CBF\kkt_collocation\results\multiseed_vdp_k10_cuda_seeds21_30_20260803_v1\unprocessed\vdp\seed20260795\S-u+K.pth,C:\Users\admin\Desktop\深度学习+CBF\kkt_collocation\results\multiseed30_vdp_k10_refined_lambda_cached_margin1e6_20260804_v1\unprocessed\vdp\seed20260795\test_per_sample_S-u+K.csv
400,vdp,S-u+K,0,-2.358706634358887e-05,0.18964353901967995,,0.115,0.0010114968598768715,0.00751897550006106,2.683250004338333e-06,0.007521658750065398,unprocessed,0.156246553954293,11.5,0.0,,400,20260796,C:\Users\admin\Desktop\深度学习+CBF\kkt_collocation\results\multiseed_vdp_k10_cuda_seeds21_30_20260803_v1\unprocessed\vdp\seed20260796\S-u+K.pth,C:\Users\admin\Desktop\深度学习+CBF\kkt_collocation\results\multiseed30_vdp_k10_refined_lambda_cached_margin1e6_20260804_v1\unprocessed\vdp\seed20260796\test_per_sample_S-u+K.csv
400,vdp,S-u+K,0,-1.3315539387770414e-07,0.19866773929084505,,0.115,0.00050603325889787,0.0074352222500692735,2.5825000011536765e-06,0.007437804750070427,unprocessed,0.18193621547492872,11.25,0.0,,400,20260797,C:\Users\admin\Desktop\深度学习+CBF\kkt_collocation\results\multiseed_vdp_k10_cuda_seeds21_30_20260803_v1\unprocessed\vdp\seed20260797\S-u+K.pth,C:\Users\admin\Desktop\深度学习+CBF\kkt_collocation\results\multiseed30_vdp_k10_refined_lambda_cached_margin1e6_20260804_v1\unprocessed\vdp\seed20260797\test_per_sample_S-u+K.csv
400,vdp,S-u+K,0,-1.605277136218497e-07,0.16874989074058613,,0.1275,0.0008562052124014563,0.007483965000028547,3.3394999991287465e-06,0.007487304500027676,unprocessed,0.1396099011436629,12.75,0.0,,400,20260798,C:\Users\admin\Desktop\深度学习+CBF\kkt_collocation\results\multiseed_vdp_k10_cuda_seeds21_30_20260803_v1\unprocessed\vdp\seed20260798\S-u+K.pth,C:\Users\admin\Desktop\深度学习+CBF\kkt_collocation\results\multiseed30_vdp_k10_refined_lambda_cached_margin1e6_20260804_v1\unprocessed\vdp\seed20260798\test_per_sample_S-u+K.csv
400,vdp,S-u+K,0,-7.659153901329319e-06,0.20184992401717528,,0.1175,0.0016163334492007486,0.007517850750036814,3.4117499944841257e-06,0.007521262500031298,unprocessed,0.14734076113130562,11.5,0.0,,400,20260799,C:\Users\admin\Desktop\深度学习+CBF\kkt_collocation\results\multiseed_vdp_k10_cuda_seeds21_30_20260803_v1\unprocessed\vdp\seed20260799\S-u+K.pth,C:\Users\admin\Desktop\深度学习+CBF\kkt_collocation\results\multiseed30_vdp_k10_refined_lambda_cached_margin1e6_20260804_v1\unprocessed\vdp\seed20260799\test_per_sample_S-u+K.csv
400,vdp,S-u+K,0,-3.7639840800240965e-05,0.14193319895882955,,0.0825,0.00046432910412412044,0.0074180137500570705,6.3807500009716025e-06,0.007424394500058044,unprocessed,0.126288945020206,8.25,0.0,,400,20260800,C:\Users\admin\Desktop\深度学习+CBF\kkt_collocation\results\multiseed_vdp_k10_cuda_seeds21_30_20260803_v1\unprocessed\vdp\seed20260800\S-u+K.pth,C:\Users\admin\Desktop\深度学习+CBF\kkt_collocation\results\multiseed30_vdp_k10_refined_lambda_cached_margin1e6_20260804_v1\unprocessed\vdp\seed20260800\test_per_sample_S-u+K.csv
400,cstr,S-u+K,0,-1.0346850431997012e-08,0.25848208829260744,0.21849140931712843,12.2275,0.0038742383436706274,0.09237122600003204,3.808999999819207e-06,0.09237503500003186,linear_cosine,0.003628290489745813,98.75,0.0,286,400,20260771,C:\Users\admin\Desktop\深度学习+CBF\kkt_collocation\results\multiseed10_cstr_k10_cuda_20260803_v1\linear_cosine\cstr\seed20260771\S-u+K.pth,C:\Users\admin\Desktop\深度学习+CBF\kkt_collocation\results\multiseed30_cstr_k10_refined_lambda_cached_margin1e6_20260804_v1\linear_cosine\cstr\seed20260771\hds_test400_margin1e6\test_per_sample_S-u+K.csv
400,cstr,S-u+K,0,-1.7790331763301026e-08,0.23512595310631945,0.19873495678599984,10.775,0.0030383794265108387,0.08835736874994836,3.7792500006617045e-06,0.08836114799994906,linear_cosine,0.034959662975804086,100.0,0.0,286,400,20260772,C:\Users\admin\Desktop\深度学习+CBF\kkt_collocation\results\multiseed10_cstr_k10_cuda_20260803_v1\linear_cosine\cstr\seed20260772\S-u+K.pth,C:\Users\admin\Desktop\深度学习+CBF\kkt_collocation\results\multiseed30_cstr_k10_refined_lambda_cached_margin1e6_20260804_v1\linear_cosine\cstr\seed20260772\hds_test400_margin1e6\test_per_sample_S-u+K.csv
400,cstr,S-u+K,0,-9.783358301262979e-08,0.26213801101379836,0.23167798747171608,12.445,0.003842000021810855,0.09298020125014773,3.873000005114591e-06,0.09298407425015284,linear_cosine,0.009610264563346127,100.0,0.0,286,400,20260773,C:\Users\admin\Desktop\深度学习+CBF\kkt_collocation\results\multiseed10_cstr_k10_cuda_20260803_v1\linear_cosine\cstr\seed20260773\S-u+K.pth,C:\Users\admin\Desktop\深度学习+CBF\kkt_collocation\results\multiseed30_cstr_k10_refined_lambda_cached_margin1e6_20260804_v1\linear_cosine\cstr\seed20260773\hds_test400_margin1e6\test_per_sample_S-u+K.csv
400,cstr,S-u+K,0,-1.673785438027764e-08,0.19356748802335644,0.14566547351255876,11.6525,0.0034881039746350114,0.09059623249994729,3.6629999976867123e-06,0.09059989549994497,linear_cosine,-0.036122309121216924,100.0,0.0,286,400,20260774,C:\Users\admin\Desktop\深度学习+CBF\kkt_collocation\results\multiseed10_cstr_k10_cuda_20260803_v1\linear_cosine\cstr\seed20260774\S-u+K.pth,C:\Users\admin\Desktop\深度学习+CBF\kkt_collocation\results\multiseed30_cstr_k10_refined_lambda_cached_margin1e6_20260804_v1\linear_cosine\cstr\seed20260774\hds_test400_margin1e6\test_per_sample_S-u+K.csv
400,cstr,S-u+K,0,-2.9677418744711304e-08,0.25751080234828305,0.22882012426402873,12.2075,0.0035041595020721596,0.08852835274992685,3.6739999995916144e-06,0.08853202674992644,linear_cosine,0.026958166507304444,100.0,0.0,286,400,20260775,C:\Users\admin\Desktop\深度学习+CBF\kkt_collocation\results\multiseed10_cstr_k10_cuda_20260803_v1\linear_cosine\cstr\seed20260775\S-u+K.pth,C:\Users\admin\Desktop\深度学习+CBF\kkt_collocation\results\multiseed30_cstr_k10_refined_lambda_cached_margin1e6_20260804_v1\linear_cosine\cstr\seed20260775\hds_test400_margin1e6\test_per_sample_S-u+K.csv
400,cstr,S-u+K,0,-1.1663373267190025e-08,0.24771277053553786,0.2095680377120549,11.76,0.0034323099156224157,0.08795819100004337,3.670750002129353e-06,0.08796186175004551,linear_cosine,0.02182146075750151,100.0,0.0,286,400,20260776,C:\Users\admin\Desktop\深度学习+CBF\kkt_collocation\results\multiseed10_cstr_k10_cuda_20260803_v1\linear_cosine\cstr\seed20260776\S-u+K.pth,C:\Users\admin\Desktop\深度学习+CBF\kkt_collocation\results\multiseed30_cstr_k10_refined_lambda_cached_margin1e6_20260804_v1\linear_cosine\cstr\seed20260776\hds_test400_margin1e6\test_per_sample_S-u+K.csv
400,cstr,S-u+K,0,-2.7034266769643267e-08,0.2724325227602691,0.25103843389634073,14.66,0.0046517105831437285,0.09394176199991307,3.5792499966191837e-06,0.09394534124990969,linear_cosine,-0.032788798739772564,100.0,0.0,286,400,20260777,C:\Users\admin\Desktop\深度学习+CBF\kkt_collocation\results\multiseed10_cstr_k10_cuda_20260803_v1\linear_cosine\cstr\seed20260777\S-u+K.pth,C:\Users\admin\Desktop\深度学习+CBF\kkt_collocation\results\multiseed30_cstr_k10_refined_lambda_cached_margin1e6_20260804_v1\linear_cosine\cstr\seed20260777\hds_test400_margin1e6\test_per_sample_S-u+K.csv
400,cstr,S-u+K,0,-1.3627810824257125e-08,0.23731123835314882,0.19633397286862603,11.515,0.0032781778179905613,0.08791067949994613,3.860250008074216e-06,0.0879145397499542,linear_cosine,0.021355236419894685,98.5,0.0,286,400,20260778,C:\Users\admin\Desktop\深度学习+CBF\kkt_collocation\results\multiseed10_cstr_k10_cuda_20260803_v1\linear_cosine\cstr\seed20260778\S-u+K.pth,C:\Users\admin\Desktop\深度学习+CBF\kkt_collocation\results\multiseed30_cstr_k10_refined_lambda_cached_margin1e6_20260804_v1\linear_cosine\cstr\seed20260778\hds_test400_margin1e6\test_per_sample_S-u+K.csv
400,cstr,S-u+K,0,-1.3759460848472571e-08,0.23671923395825828,0.19918488764886658,10.605,0.002970086929185488,0.0870808487499562,5.113500001243665e-06,0.08708596224995745,linear_cosine,0.04093084476701649,100.0,0.0,286,400,20260779,C:\Users\admin\Desktop\深度学习+CBF\kkt_collocation\results\multiseed10_cstr_k10_cuda_20260803_v1\linear_cosine\cstr\seed20260779\S-u+K.pth,C:\Users\admin\Desktop\深度学习+CBF\kkt_collocation\results\multiseed30_cstr_k10_refined_lambda_cached_margin1e6_20260804_v1\linear_cosine\cstr\seed20260779\hds_test400_margin1e6\test_per_sample_S-u+K.csv
400,cstr,S-u+K,0,-1.980928843181573e-08,0.27439116561821303,0.24956019500389592,12.98,0.004001965737090775,0.0912840124998911,5.006999999750405e-06,0.09128901949989085,linear_cosine,0.011472782701226392,100.0,0.0,286,400,20260780,C:\Users\admin\Desktop\深度学习+CBF\kkt_collocation\results\multiseed10_cstr_k10_cuda_20260803_v1\linear_cosine\cstr\seed20260780\S-u+K.pth,C:\Users\admin\Desktop\深度学习+CBF\kkt_collocation\results\multiseed30_cstr_k10_refined_lambda_cached_margin1e6_20260804_v1\linear_cosine\cstr\seed20260780\hds_test400_margin1e6\test_per_sample_S-u+K.csv
400,cstr,S-u+K,0,-1.553522249730932e-08,0.2849893565377791,0.25053040238244295,12.66,0.0037295034484409405,0.09036222950002411,3.7359999987529586e-06,0.09036596550002285,linear_cosine,0.039697699560516934,100.0,0.0,286,400,20260781,C:\Users\admin\Desktop\深度学习+CBF\kkt_collocation\results\multiseed10_cstr_k10_cuda_20260803_v1\linear_cosine\cstr\seed20260781\S-u+K.pth,C:\Users\admin\Desktop\深度学习+CBF\kkt_collocation\results\multiseed30_cstr_k10_refined_lambda_cached_margin1e6_20260804_v1\linear_cosine\cstr\seed20260781\hds_test400_margin1e6\test_per_sample_S-u+K.csv
400,cstr,S-u+K,0,-4.699549904785272e-08,0.21155965890577075,0.17362973522814246,9.94,0.002935216798136248,0.08597599724999781,3.665000003820751e-06,0.08597966225000164,linear_cosine,0.01783009288129165,79.0,0.0,286,400,20260782,C:\Users\admin\Desktop\深度学习+CBF\kkt_collocation\results\multiseed10_cstr_k10_cuda_20260803_v1\linear_cosine\cstr\seed20260782\S-u+K.pth,C:\Users\admin\Desktop\深度学习+CBF\kkt_collocation\results\multiseed30_cstr_k10_refined_lambda_cached_margin1e6_20260804_v1\linear_cosine\cstr\seed20260782\hds_test400_margin1e6\test_per_sample_S-u+K.csv
400,cstr,S-u+K,0,-5.659831903148671e-08,0.21642185956763463,0.1807945583992275,10.5375,0.0030680612321897865,0.08702419600020221,3.496999997878446e-06,0.0870276930002001,linear_cosine,0.014160498515185922,98.75,0.0,286,400,20260783,C:\Users\admin\Desktop\深度学习+CBF\kkt_collocation\results\multiseed10_cstr_k10_cuda_20260803_v1\linear_cosine\cstr\seed20260783\S-u+K.pth,C:\Users\admin\Desktop\深度学习+CBF\kkt_collocation\results\multiseed30_cstr_k10_refined_lambda_cached_margin1e6_20260804_v1\linear_cosine\cstr\seed20260783\hds_test400_margin1e6\test_per_sample_S-u+K.csv
400,cstr,S-u+K,0,-4.275234338768641e-08,0.22868172195638206,0.19373435787597332,12.205,0.003468068251923071,0.0906317869999475,3.6197499957779655e-06,0.09063540674994329,linear_cosine,0.0005964625883054203,100.0,0.0,286,400,20260784,C:\Users\admin\Desktop\深度学习+CBF\kkt_collocation\results\multiseed10_cstr_k10_cuda_20260803_v1\linear_cosine\cstr\seed20260784\S-u+K.pth,C:\Users\admin\Desktop\深度学习+CBF\kkt_collocation\results\multiseed30_cstr_k10_refined_lambda_cached_margin1e6_20260804_v1\linear_cosine\cstr\seed20260784\hds_test400_margin1e6\test_per_sample_S-u+K.csv
400,cstr,S-u+K,0,-1.517061354316951e-08,0.2608686476886082,0.2234890423801039,11.875,0.0035337426305369086,0.09043856100000994,3.644499993242789e-06,0.09044220550000319,linear_cosine,0.02814494334983099,100.0,0.0,286,400,20260785,C:\Users\admin\Desktop\深度学习+CBF\kkt_collocation\results\multiseed10_cstr_k10_cuda_20260803_v1\linear_cosine\cstr\seed20260785\S-u+K.pth,C:\Users\admin\Desktop\深度学习+CBF\kkt_collocation\results\multiseed30_cstr_k10_refined_lambda_cached_margin1e6_20260804_v1\linear_cosine\cstr\seed20260785\hds_test400_margin1e6\test_per_sample_S-u+K.csv
400,cstr,S-u+K,0,-1.967250984336033e-08,0.25834820820894566,0.22428683977427186,11.795,0.0033436955037071357,0.08960691650001536,5.0360000022919845e-06,0.08961195250001767,linear_cosine,0.03812861099653758,99.0,0.0,286,400,20260786,C:\Users\admin\Desktop\深度学习+CBF\kkt_collocation\results\multiseed10_cstr_k10_cuda_20260803_v1\linear_cosine\cstr\seed20260786\S-u+K.pth,C:\Users\admin\Desktop\深度学习+CBF\kkt_collocation\results\multiseed30_cstr_k10_refined_lambda_cached_margin1e6_20260804_v1\linear_cosine\cstr\seed20260786\hds_test400_margin1e6\test_per_sample_S-u+K.csv
400,cstr,S-u+K,0,-3.19543126958699e-08,0.24748854158748507,0.21272254861266487,11.5375,0.003429676199607525,0.08662922549986433,3.658499999801279e-06,0.08663288399986413,linear_cosine,0.021957394979988297,100.0,0.0,286,400,20260787,C:\Users\admin\Desktop\深度学习+CBF\kkt_collocation\results\multiseed10_cstr_k10_cuda_20260803_v1\linear_cosine\cstr\seed20260787\S-u+K.pth,C:\Users\admin\Desktop\深度学习+CBF\kkt_collocation\results\multiseed30_cstr_k10_refined_lambda_cached_margin1e6_20260804_v1\linear_cosine\cstr\seed20260787\hds_test400_margin1e6\test_per_sample_S-u+K.csv
400,cstr,S-u+K,0,-2.0329991579082218e-08,0.2572917189364914,0.22085069193149492,11.45,0.0033559620329251766,0.08385829575010575,3.7197500023467e-06,0.0838620155001081,linear_cosine,0.036311887374371146,99.75,0.0,286,400,20260788,C:\Users\admin\Desktop\深度学习+CBF\kkt_collocation\results\multiseed10_cstr_k10_cuda_20260803_v1\linear_cosine\cstr\seed20260788\S-u+K.pth,C:\Users\admin\Desktop\深度学习+CBF\kkt_collocation\results\multiseed30_cstr_k10_refined_lambda_cached_margin1e6_20260804_v1\linear_cosine\cstr\seed20260788\hds_test400_margin1e6\test_per_sample_S-u+K.csv
400,cstr,S-u+K,0,-2.2040178848659053e-08,0.2118042590410793,0.17062230439934928,9.775,0.002711910356486087,0.08341479699997763,3.625999997893813e-06,0.08341842299997553,linear_cosine,0.033151833074848945,87.75,0.0,286,400,20260789,C:\Users\admin\Desktop\深度学习+CBF\kkt_collocation\results\multiseed10_cstr_k10_cuda_20260803_v1\linear_cosine\cstr\seed20260789\S-u+K.pth,C:\Users\admin\Desktop\深度学习+CBF\kkt_collocation\results\multiseed30_cstr_k10_refined_lambda_cached_margin1e6_20260804_v1\linear_cosine\cstr\seed20260789\hds_test400_margin1e6\test_per_sample_S-u+K.csv
400,cstr,S-u+K,0,-2.357924411278134e-08,0.2741896538441637,0.2380200767218157,10.54,0.003005356890607981,0.08417895750012576,4.972500000803848e-06,0.08418393000012658,linear_cosine,0.0760246270861135,100.0,0.0,286,400,20260790,C:\Users\admin\Desktop\深度学习+CBF\kkt_collocation\results\multiseed10_cstr_k10_cuda_20260803_v1\linear_cosine\cstr\seed20260790\S-u+K.pth,C:\Users\admin\Desktop\深度学习+CBF\kkt_collocation\results\multiseed30_cstr_k10_refined_lambda_cached_margin1e6_20260804_v1\linear_cosine\cstr\seed20260790\hds_test400_margin1e6\test_per_sample_S-u+K.csv
400,cstr,S-u+K,0,-2.8853272604489888e-08,0.2528679033090486,0.22237471961059513,11.24,0.0031853223444591105,0.08576088374984465,3.529250006977237e-06,0.08576441299985163,linear_cosine,0.04316212668393935,100.0,0.0,286,400,20260791,C:\Users\admin\Desktop\深度学习+CBF\kkt_collocation\results\multiseed_cstr_k10_cuda_seeds21_30_20260803_v1\linear_cosine\cstr\seed20260791\S-u+K.pth,C:\Users\admin\Desktop\深度学习+CBF\kkt_collocation\results\multiseed30_cstr_k10_refined_lambda_cached_margin1e6_20260804_v1\linear_cosine\cstr\seed20260791\hds_test400_margin1e6\test_per_sample_S-u+K.csv
400,cstr,S-u+K,0,-2.4978256685237454e-08,0.2223172737227492,0.18309338991524934,10.74,0.003048421580684151,0.08766279725002278,3.7109999993845113e-06,0.08766650825002216,linear_cosine,0.02126223690271954,91.5,0.0,286,400,20260792,C:\Users\admin\Desktop\深度学习+CBF\kkt_collocation\results\multiseed_cstr_k10_cuda_seeds21_30_20260803_v1\linear_cosine\cstr\seed20260792\S-u+K.pth,C:\Users\admin\Desktop\深度学习+CBF\kkt_collocation\results\multiseed30_cstr_k10_refined_lambda_cached_margin1e6_20260804_v1\linear_cosine\cstr\seed20260792\hds_test400_margin1e6\test_per_sample_S-u+K.csv
400,cstr,S-u+K,0,-9.271803641519583e-08,0.2307538003674174,0.19057579781181153,9.89,0.0027370884829374747,0.08459190125011445,3.5564999961934527e-06,0.08459545775011065,linear_cosine,0.050073624808163665,91.75,0.0,286,400,20260793,C:\Users\admin\Desktop\深度学习+CBF\kkt_collocation\results\multiseed_cstr_k10_cuda_seeds21_30_20260803_v1\linear_cosine\cstr\seed20260793\S-u+K.pth,C:\Users\admin\Desktop\深度学习+CBF\kkt_collocation\results\multiseed30_cstr_k10_refined_lambda_cached_margin1e6_20260804_v1\linear_cosine\cstr\seed20260793\hds_test400_margin1e6\test_per_sample_S-u+K.csv
400,cstr,S-u+K,0,-3.4688224570533777e-08,0.19976127610498304,0.16817749203201574,9.7875,0.002709710459700238,0.08504509874991527,3.5772499995800893e-06,0.08504867599991485,linear_cosine,0.02119022958133119,99.25,0.0,286,400,20260794,C:\Users\admin\Desktop\深度学习+CBF\kkt_collocation\results\multiseed_cstr_k10_cuda_seeds21_30_20260803_v1\linear_cosine\cstr\seed20260794\S-u+K.pth,C:\Users\admin\Desktop\深度学习+CBF\kkt_collocation\results\multiseed30_cstr_k10_refined_lambda_cached_margin1e6_20260804_v1\linear_cosine\cstr\seed20260794\hds_test400_margin1e6\test_per_sample_S-u+K.csv
400,cstr,S-u+K,0,-3.46564949516015e-08,0.26095118000236267,0.22764929371332568,12.6625,0.00373130678168797,0.09186730125001304,3.659500007415773e-06,0.09187096075002048,linear_cosine,0.015603589637903072,100.0,0.0,286,400,20260795,C:\Users\admin\Desktop\深度学习+CBF\kkt_collocation\results\multiseed_cstr_k10_cuda_seeds21_30_20260803_v1\linear_cosine\cstr\seed20260795\S-u+K.pth,C:\Users\admin\Desktop\深度学习+CBF\kkt_collocation\results\multiseed30_cstr_k10_refined_lambda_cached_margin1e6_20260804_v1\linear_cosine\cstr\seed20260795\hds_test400_margin1e6\test_per_sample_S-u+K.csv
400,cstr,S-u+K,0,-4.1805406247874544e-08,0.2539078754435242,0.21109297658896975,11.8725,0.0035011127411317534,0.09059055624999018,3.6012500004289905e-06,0.09059415749999061,linear_cosine,0.023430800484002513,94.5,0.0,286,400,20260796,C:\Users\admin\Desktop\深度学习+CBF\kkt_collocation\results\multiseed_cstr_k10_cuda_seeds21_30_20260803_v1\linear_cosine\cstr\seed20260796\S-u+K.pth,C:\Users\admin\Desktop\深度学习+CBF\kkt_collocation\results\multiseed30_cstr_k10_refined_lambda_cached_margin1e6_20260804_v1\linear_cosine\cstr\seed20260796\hds_test400_margin1e6\test_per_sample_S-u+K.csv
400,cstr,S-u+K,0,-4.26785659590756e-08,0.2257370938355348,0.1862154298348016,11.75,0.003279682710438904,0.08950464175003617,3.6457499936659577e-06,0.08950828750002984,linear_cosine,0.0098697371449131,100.0,0.0,286,400,20260797,C:\Users\admin\Desktop\深度学习+CBF\kkt_collocation\results\multiseed_cstr_k10_cuda_seeds21_30_20260803_v1\linear_cosine\cstr\seed20260797\S-u+K.pth,C:\Users\admin\Desktop\深度学习+CBF\kkt_collocation\results\multiseed30_cstr_k10_refined_lambda_cached_margin1e6_20260804_v1\linear_cosine\cstr\seed20260797\hds_test400_margin1e6\test_per_sample_S-u+K.csv
400,cstr,S-u+K,0,-1.7644895766721902e-08,0.2436444494100301,0.20534323790046125,11.1725,0.003127835286397532,0.08987989024998569,4.07325000196579e-06,0.08988396349998766,linear_cosine,0.037672612544803113,100.0,0.0,286,400,20260798,C:\Users\admin\Desktop\深度学习+CBF\kkt_collocation\results\multiseed_cstr_k10_cuda_seeds21_30_20260803_v1\linear_cosine\cstr\seed20260798\S-u+K.pth,C:\Users\admin\Desktop\深度学习+CBF\kkt_collocation\results\multiseed30_cstr_k10_refined_lambda_cached_margin1e6_20260804_v1\linear_cosine\cstr\seed20260798\hds_test400_margin1e6\test_per_sample_S-u+K.csv
400,cstr,S-u+K,0,-3.395515907334001e-08,0.24944403788334063,0.21570688009303166,12.045,0.0036259053396102,0.08869938800006821,3.7915000029897794e-06,0.0887031795000712,linear_cosine,0.010922628800276722,100.0,0.0,286,400,20260799,C:\Users\admin\Desktop\深度学习+CBF\kkt_collocation\results\multiseed_cstr_k10_cuda_seeds21_30_20260803_v1\linear_cosine\cstr\seed20260799\S-u+K.pth,C:\Users\admin\Desktop\深度学习+CBF\kkt_collocation\results\multiseed30_cstr_k10_refined_lambda_cached_margin1e6_20260804_v1\linear_cosine\cstr\seed20260799\hds_test400_margin1e6\test_per_sample_S-u+K.csv
400,cstr,S-u+K,0,-1.4424926808587202e-08,0.2531366093987289,0.22220877198200373,10.66,0.0030229085596423615,0.08653077274992939,3.670750002129353e-06,0.08653444349993153,linear_cosine,0.05395373596437203,98.25,0.0,286,400,20260800,C:\Users\admin\Desktop\深度学习+CBF\kkt_collocation\results\multiseed_cstr_k10_cuda_seeds21_30_20260803_v1\linear_cosine\cstr\seed20260800\S-u+K.pth,C:\Users\admin\Desktop\深度学习+CBF\kkt_collocation\results\multiseed30_cstr_k10_refined_lambda_cached_margin1e6_20260804_v1\linear_cosine\cstr\seed20260800\hds_test400_margin1e6\test_per_sample_S-u+K.csv
400,cstr,S-u+K,0,-5.954594795021251e-08,0.25721290829745685,0.2181434544627609,12.11,0.0038532154396318553,0.09065986649996376,4.560249999485676e-06,0.09066442674996324,standard_pcgrad,0.0037552691838145585,98.75,0.0,286,400,20260771,C:\Users\admin\Desktop\深度学习+CBF\kkt_collocation\results\multiseed10_cstr_k10_cuda_20260803_v1\standard_pcgrad\cstr\seed20260771\S-u+K.pth,C:\Users\admin\Desktop\深度学习+CBF\kkt_collocation\results\multiseed30_cstr_k10_refined_lambda_cached_margin1e6_20260804_v1\standard_pcgrad\cstr\seed20260771\hds_test400_margin1e6\test_per_sample_S-u+K.csv
400,cstr,S-u+K,0,-4.0721083116590506e-08,0.23453461044062318,0.19911603328361574,10.7025,0.003023653727020059,0.08830899600005068,3.8115000006655462e-06,0.08831280750005137,standard_pcgrad,0.03534249716070233,100.0,0.0,286,400,20260772,C:\Users\admin\Desktop\深度学习+CBF\kkt_collocation\results\multiseed10_cstr_k10_cuda_20260803_v1\standard_pcgrad\cstr\seed20260772\S-u+K.pth,C:\Users\admin\Desktop\深度学习+CBF\kkt_collocation\results\multiseed30_cstr_k10_refined_lambda_cached_margin1e6_20260804_v1\standard_pcgrad\cstr\seed20260772\hds_test400_margin1e6\test_per_sample_S-u+K.csv
400,cstr,S-u+K,0,-2.531808940275937e-08,0.2617387039102012,0.2318725026273838,12.3025,0.0038334866697991394,0.08876688224992904,5.030749998695682e-06,0.08877191299992773,standard_pcgrad,0.009778031454274177,100.0,0.0,286,400,20260773,C:\Users\admin\Desktop\深度学习+CBF\kkt_collocation\results\multiseed10_cstr_k10_cuda_20260803_v1\standard_pcgrad\cstr\seed20260773\S-u+K.pth,C:\Users\admin\Desktop\深度学习+CBF\kkt_collocation\results\multiseed30_cstr_k10_refined_lambda_cached_margin1e6_20260804_v1\standard_pcgrad\cstr\seed20260773\hds_test400_margin1e6\test_per_sample_S-u+K.csv
400,cstr,S-u+K,0,-4.12128623450414e-08,0.19076758954819248,0.14416875788520436,11.4525,0.003436307824977142,0.08581374999997933,8.494249996147119e-06,0.08582224424997548,standard_pcgrad,-0.03552453465767497,100.0,0.0,286,400,20260774,C:\Users\admin\Desktop\深度学习+CBF\kkt_collocation\results\multiseed10_cstr_k10_cuda_20260803_v1\standard_pcgrad\cstr\seed20260774\S-u+K.pth,C:\Users\admin\Desktop\深度学习+CBF\kkt_collocation\results\multiseed30_cstr_k10_refined_lambda_cached_margin1e6_20260804_v1\standard_pcgrad\cstr\seed20260774\hds_test400_margin1e6\test_per_sample_S-u+K.csv
400,cstr,S-u+K,0,-6.073487285318535e-08,0.2574051311364602,0.22970962432951877,12.13,0.0034962934314912513,0.08838266999999178,3.639999995357357e-06,0.08838630999998717,standard_pcgrad,0.027385772474163496,100.0,0.0,286,400,20260775,C:\Users\admin\Desktop\深度学习+CBF\kkt_collocation\results\multiseed10_cstr_k10_cuda_20260803_v1\standard_pcgrad\cstr\seed20260775\S-u+K.pth,C:\Users\admin\Desktop\深度学习+CBF\kkt_collocation\results\multiseed30_cstr_k10_refined_lambda_cached_margin1e6_20260804_v1\standard_pcgrad\cstr\seed20260775\hds_test400_margin1e6\test_per_sample_S-u+K.csv
400,cstr,S-u+K,0,-7.892711378909567e-08,0.24624834203465717,0.2091173140949519,11.57,0.003405037944565075,0.08558499425000264,5.184000001463574e-06,0.0855901782500041,standard_pcgrad,0.022162306408633484,100.0,0.0,286,400,20260776,C:\Users\admin\Desktop\深度学习+CBF\kkt_collocation\results\multiseed10_cstr_k10_cuda_20260803_v1\standard_pcgrad\cstr\seed20260776\S-u+K.pth,C:\Users\admin\Desktop\深度学习+CBF\kkt_collocation\results\multiseed30_cstr_k10_refined_lambda_cached_margin1e6_20260804_v1\standard_pcgrad\cstr\seed20260776\hds_test400_margin1e6\test_per_sample_S-u+K.csv
400,cstr,S-u+K,0,-2.7716490713647346e-08,0.2720011337257324,0.2511356212731579,14.4775,0.004638248675952749,0.09532747774991548,5.175500000405009e-06,0.09533265324991586,standard_pcgrad,-0.032325046642419225,100.0,0.0,286,400,20260777,C:\Users\admin\Desktop\深度学习+CBF\kkt_collocation\results\multiseed10_cstr_k10_cuda_20260803_v1\standard_pcgrad\cstr\seed20260777\S-u+K.pth,C:\Users\admin\Desktop\深度学习+CBF\kkt_collocation\results\multiseed30_cstr_k10_refined_lambda_cached_margin1e6_20260804_v1\standard_pcgrad\cstr\seed20260777\hds_test400_margin1e6\test_per_sample_S-u+K.csv
400,cstr,S-u+K,0,-5.193652730106635e-08,0.23532904758952836,0.19483806460489783,11.2375,0.0032484966233323497,0.088289667750023,4.247750002832616e-06,0.08829391550002583,standard_pcgrad,0.021336712820320035,98.5,0.0,286,400,20260778,C:\Users\admin\Desktop\深度学习+CBF\kkt_collocation\results\multiseed10_cstr_k10_cuda_20260803_v1\standard_pcgrad\cstr\seed20260778\S-u+K.pth,C:\Users\admin\Desktop\深度学习+CBF\kkt_collocation\results\multiseed30_cstr_k10_refined_lambda_cached_margin1e6_20260804_v1\standard_pcgrad\cstr\seed20260778\hds_test400_margin1e6\test_per_sample_S-u+K.csv
400,cstr,S-u+K,0,-1.57709255099725e-08,0.23466267855184889,0.19807536840224416,10.4175,0.0029405784176584917,0.08699456750001446,3.6129999989498163e-06,0.0869981805000134,standard_pcgrad,0.04082511591837654,100.0,0.0,286,400,20260779,C:\Users\admin\Desktop\深度学习+CBF\kkt_collocation\results\multiseed10_cstr_k10_cuda_20260803_v1\standard_pcgrad\cstr\seed20260779\S-u+K.pth,C:\Users\admin\Desktop\深度学习+CBF\kkt_collocation\results\multiseed30_cstr_k10_refined_lambda_cached_margin1e6_20260804_v1\standard_pcgrad\cstr\seed20260779\hds_test400_margin1e6\test_per_sample_S-u+K.csv
400,cstr,S-u+K,0,-1.1920460618597417e-08,0.2738885518517476,0.2498451504355905,12.8475,0.003990688719586454,0.09235871674994996,3.6022499989485358e-06,0.09236231899994891,standard_pcgrad,0.01171126425703791,100.0,0.0,286,400,20260780,C:\Users\admin\Desktop\深度学习+CBF\kkt_collocation\results\multiseed10_cstr_k10_cuda_20260803_v1\standard_pcgrad\cstr\seed20260780\S-u+K.pth,C:\Users\admin\Desktop\深度学习+CBF\kkt_collocation\results\multiseed30_cstr_k10_refined_lambda_cached_margin1e6_20260804_v1\standard_pcgrad\cstr\seed20260780\hds_test400_margin1e6\test_per_sample_S-u+K.csv
400,cstr,S-u+K,0,-1.5195210201213172e-08,0.2848841147605396,0.2510301785138962,12.5275,0.0037226988003223895,0.08963655924992964,3.979250004704225e-06,0.08964053849993434,standard_pcgrad,0.04006363409484054,100.0,0.0,286,400,20260781,C:\Users\admin\Desktop\深度学习+CBF\kkt_collocation\results\multiseed10_cstr_k10_cuda_20260803_v1\standard_pcgrad\cstr\seed20260781\S-u+K.pth,C:\Users\admin\Desktop\深度学习+CBF\kkt_collocation\results\multiseed30_cstr_k10_refined_lambda_cached_margin1e6_20260804_v1\standard_pcgrad\cstr\seed20260781\hds_test400_margin1e6\test_per_sample_S-u+K.csv
400,cstr,S-u+K,0,-1.8409938740138188e-08,0.20970250594637008,0.1732132937279781,9.79,0.002903136037176318,0.08467579849990216,3.6572499993781084e-06,0.08467945574990153,standard_pcgrad,0.018101367490936528,79.5,0.0,286,400,20260782,C:\Users\admin\Desktop\深度学习+CBF\kkt_collocation\results\multiseed10_cstr_k10_cuda_20260803_v1\standard_pcgrad\cstr\seed20260782\S-u+K.pth,C:\Users\admin\Desktop\深度学习+CBF\kkt_collocation\results\multiseed30_cstr_k10_refined_lambda_cached_margin1e6_20260804_v1\standard_pcgrad\cstr\seed20260782\hds_test400_margin1e6\test_per_sample_S-u+K.csv
400,cstr,S-u+K,0,-2.0746724838094366e-08,0.2138673356819372,0.17896118942027367,10.335,0.0030235066517474585,0.0859318692499528,3.8055000004533213e-06,0.08593567474995326,standard_pcgrad,0.01452658278454535,99.25,0.0,286,400,20260783,C:\Users\admin\Desktop\深度学习+CBF\kkt_collocation\results\multiseed10_cstr_k10_cuda_20260803_v1\standard_pcgrad\cstr\seed20260783\S-u+K.pth,C:\Users\admin\Desktop\深度学习+CBF\kkt_collocation\results\multiseed30_cstr_k10_refined_lambda_cached_margin1e6_20260804_v1\standard_pcgrad\cstr\seed20260783\hds_test400_margin1e6\test_per_sample_S-u+K.csv
400,cstr,S-u+K,0,-1.803922855536655e-08,0.22828458017509667,0.19418428035440866,12.08,0.00345403496815648,0.08987117249997936,3.688500000862405e-06,0.08987486099998022,standard_pcgrad,0.0011272206330557076,100.0,0.0,286,400,20260784,C:\Users\admin\Desktop\深度学习+CBF\kkt_collocation\results\multiseed10_cstr_k10_cuda_20260803_v1\standard_pcgrad\cstr\seed20260784\S-u+K.pth,C:\Users\admin\Desktop\深度学习+CBF\kkt_collocation\results\multiseed30_cstr_k10_refined_lambda_cached_margin1e6_20260804_v1\standard_pcgrad\cstr\seed20260784\hds_test400_margin1e6\test_per_sample_S-u+K.csv
400,cstr,S-u+K,0,-2.085852846001046e-08,0.2592390070465488,0.2225248562865708,11.8475,0.0035082386556880233,0.08961577099995338,3.683249997266103e-06,0.08961945424995063,standard_pcgrad,0.028199077812159103,100.0,0.0,286,400,20260785,C:\Users\admin\Desktop\深度学习+CBF\kkt_collocation\results\multiseed10_cstr_k10_cuda_20260803_v1\standard_pcgrad\cstr\seed20260785\S-u+K.pth,C:\Users\admin\Desktop\深度学习+CBF\kkt_collocation\results\multiseed30_cstr_k10_refined_lambda_cached_margin1e6_20260804_v1\standard_pcgrad\cstr\seed20260785\hds_test400_margin1e6\test_per_sample_S-u+K.csv
400,cstr,S-u+K,0,-1.3333509685242717e-08,0.2579334361649516,0.22472326568230125,11.61,0.0033306486457282164,0.08791823525007203,3.6447500042413584e-06,0.08792188000007627,standard_pcgrad,0.03858786826434796,99.0,0.0,286,400,20260786,C:\Users\admin\Desktop\深度学习+CBF\kkt_collocation\results\multiseed10_cstr_k10_cuda_20260803_v1\standard_pcgrad\cstr\seed20260786\S-u+K.pth,C:\Users\admin\Desktop\深度学习+CBF\kkt_collocation\results\multiseed30_cstr_k10_refined_lambda_cached_margin1e6_20260804_v1\standard_pcgrad\cstr\seed20260786\hds_test400_margin1e6\test_per_sample_S-u+K.csv
400,cstr,S-u+K,0,-1.864584064925623e-08,0.24592953108436558,0.21181370250152695,11.38,0.0034043917375521705,0.08851392625001608,4.842500002268934e-06,0.08851876875001836,standard_pcgrad,0.022052229079754078,100.0,0.0,286,400,20260787,C:\Users\admin\Desktop\深度学习+CBF\kkt_collocation\results\multiseed10_cstr_k10_cuda_20260803_v1\standard_pcgrad\cstr\seed20260787\S-u+K.pth,C:\Users\admin\Desktop\深度学习+CBF\kkt_collocation\results\multiseed30_cstr_k10_refined_lambda_cached_margin1e6_20260804_v1\standard_pcgrad\cstr\seed20260787\hds_test400_margin1e6\test_per_sample_S-u+K.csv
400,cstr,S-u+K,0,-3.843959456295565e-08,0.25720432047971165,0.22172244361194207,11.375,0.003351108759945772,0.08811721399989438,3.844749999188934e-06,0.08812105874989357,standard_pcgrad,0.03655477054765578,99.0,0.0,286,400,20260788,C:\Users\admin\Desktop\深度学习+CBF\kkt_collocation\results\multiseed10_cstr_k10_cuda_20260803_v1\standard_pcgrad\cstr\seed20260788\S-u+K.pth,C:\Users\admin\Desktop\深度学习+CBF\kkt_collocation\results\multiseed30_cstr_k10_refined_lambda_cached_margin1e6_20260804_v1\standard_pcgrad\cstr\seed20260788\hds_test400_margin1e6\test_per_sample_S-u+K.csv
400,cstr,S-u+K,0,-2.273453814094495e-08,0.21226003471048774,0.17186321379775366,9.7025,0.0027143899806717675,0.08782508500001313,3.572750001694659e-06,0.08782865775001483,standard_pcgrad,0.03346362032450258,86.25,0.0,286,400,20260789,C:\Users\admin\Desktop\深度学习+CBF\kkt_collocation\results\multiseed10_cstr_k10_cuda_20260803_v1\standard_pcgrad\cstr\seed20260789\S-u+K.pth,C:\Users\admin\Desktop\深度学习+CBF\kkt_collocation\results\multiseed30_cstr_k10_refined_lambda_cached_margin1e6_20260804_v1\standard_pcgrad\cstr\seed20260789\hds_test400_margin1e6\test_per_sample_S-u+K.csv
400,cstr,S-u+K,0,-3.7667215957437605e-08,0.2744196316801321,0.23957805536380253,10.52,0.0030042237699892177,0.08844467349990737,3.5807499989459746e-06,0.08844825424990631,standard_pcgrad,0.07635579480893549,100.0,0.0,286,400,20260790,C:\Users\admin\Desktop\深度学习+CBF\kkt_collocation\results\multiseed10_cstr_k10_cuda_20260803_v1\standard_pcgrad\cstr\seed20260790\S-u+K.pth,C:\Users\admin\Desktop\深度学习+CBF\kkt_collocation\results\multiseed30_cstr_k10_refined_lambda_cached_margin1e6_20260804_v1\standard_pcgrad\cstr\seed20260790\hds_test400_margin1e6\test_per_sample_S-u+K.csv
400,cstr,S-u+K,0,-7.637927046388882e-08,0.2526328015719008,0.22283395926349372,11.08,0.0031774939778302235,0.08944966724989172,7.74900000578782e-06,0.0894574162498975,standard_pcgrad,0.04344543341461611,100.0,0.0,286,400,20260791,C:\Users\admin\Desktop\深度学习+CBF\kkt_collocation\results\multiseed_cstr_k10_cuda_seeds21_30_20260803_v1\standard_pcgrad\cstr\seed20260791\S-u+K.pth,C:\Users\admin\Desktop\深度学习+CBF\kkt_collocation\results\multiseed30_cstr_k10_refined_lambda_cached_margin1e6_20260804_v1\standard_pcgrad\cstr\seed20260791\hds_test400_margin1e6\test_per_sample_S-u+K.csv
400,cstr,S-u+K,0,-1.4295476469250445e-08,0.22106199379090796,0.18338167294780958,10.51,0.0030222744304481907,0.09273916450009892,8.616249997430714e-06,0.09274778075009638,standard_pcgrad,0.02172541510820694,88.75,0.0,286,400,20260792,C:\Users\admin\Desktop\深度学习+CBF\kkt_collocation\results\multiseed_cstr_k10_cuda_seeds21_30_20260803_v1\standard_pcgrad\cstr\seed20260792\S-u+K.pth,C:\Users\admin\Desktop\深度学习+CBF\kkt_collocation\results\multiseed30_cstr_k10_refined_lambda_cached_margin1e6_20260804_v1\standard_pcgrad\cstr\seed20260792\hds_test400_margin1e6\test_per_sample_S-u+K.csv
400,cstr,S-u+K,0,-3.152524352678654e-08,0.22852412688270746,0.189710781707388,9.69,0.0027007180260713946,0.08977799174989741,3.687250000439235e-06,0.08978167899989785,standard_pcgrad,0.050244412768733746,90.75,0.0,286,400,20260793,C:\Users\admin\Desktop\深度学习+CBF\kkt_collocation\results\multiseed_cstr_k10_cuda_seeds21_30_20260803_v1\standard_pcgrad\cstr\seed20260793\S-u+K.pth,C:\Users\admin\Desktop\深度学习+CBF\kkt_collocation\results\multiseed30_cstr_k10_refined_lambda_cached_margin1e6_20260804_v1\standard_pcgrad\cstr\seed20260793\hds_test400_margin1e6\test_per_sample_S-u+K.csv
400,cstr,S-u+K,0,-1.4463274855547326e-08,0.19903186023809688,0.16840149015911,9.5375,0.002686045912626494,0.09045506550005485,3.6627499957830878e-06,0.09045872825005062,standard_pcgrad,0.022034083057249285,98.75,0.0,286,400,20260794,C:\Users\admin\Desktop\深度学习+CBF\kkt_collocation\results\multiseed_cstr_k10_cuda_seeds21_30_20260803_v1\standard_pcgrad\cstr\seed20260794\S-u+K.pth,C:\Users\admin\Desktop\深度学习+CBF\kkt_collocation\results\multiseed30_cstr_k10_refined_lambda_cached_margin1e6_20260804_v1\standard_pcgrad\cstr\seed20260794\hds_test400_margin1e6\test_per_sample_S-u+K.csv
400,cstr,S-u+K,0,-1.344521893820172e-08,0.25920015788226763,0.22752477874164279,12.4325,0.003700424680437876,0.09659894075000011,5.107749993840116e-06,0.09660404849999395,standard_pcgrad,0.015898198959636418,100.0,0.0,286,400,20260795,C:\Users\admin\Desktop\深度学习+CBF\kkt_collocation\results\multiseed_cstr_k10_cuda_seeds21_30_20260803_v1\standard_pcgrad\cstr\seed20260795\S-u+K.pth,C:\Users\admin\Desktop\深度学习+CBF\kkt_collocation\results\multiseed30_cstr_k10_refined_lambda_cached_margin1e6_20260804_v1\standard_pcgrad\cstr\seed20260795\hds_test400_margin1e6\test_per_sample_S-u+K.csv
400,cstr,S-u+K,0,-4.738625014599762e-08,0.25342232657728475,0.21191740059266942,11.7675,0.0034886317921868294,0.09274912425003094,4.847250002057991e-06,0.092753971500033,standard_pcgrad,0.023779029555463335,94.0,0.0,286,400,20260796,C:\Users\admin\Desktop\深度学习+CBF\kkt_collocation\results\multiseed_cstr_k10_cuda_seeds21_30_20260803_v1\standard_pcgrad\cstr\seed20260796\S-u+K.pth,C:\Users\admin\Desktop\深度学习+CBF\kkt_collocation\results\multiseed30_cstr_k10_refined_lambda_cached_margin1e6_20260804_v1\standard_pcgrad\cstr\seed20260796\hds_test400_margin1e6\test_per_sample_S-u+K.csv
400,cstr,S-u+K,0,-6.200884133944484e-08,0.22440879659179924,0.18616407152610734,11.53,0.0032474239601971953,0.09411356650000925,3.673749997687993e-06,0.09411724025000695,standard_pcgrad,0.01066813847615498,100.0,0.0,286,400,20260797,C:\Users\admin\Desktop\深度学习+CBF\kkt_collocation\results\multiseed_cstr_k10_cuda_seeds21_30_20260803_v1\standard_pcgrad\cstr\seed20260797\S-u+K.pth,C:\Users\admin\Desktop\深度学习+CBF\kkt_collocation\results\multiseed30_cstr_k10_refined_lambda_cached_margin1e6_20260804_v1\standard_pcgrad\cstr\seed20260797\hds_test400_margin1e6\test_per_sample_S-u+K.csv
400,cstr,S-u+K,0,-1.3270243681695604e-08,0.24246630365930286,0.2049444620355857,10.985,0.003104842525592887,0.09404034100003628,3.627250007411931e-06,0.09404396825004371,standard_pcgrad,0.038013665413152986,100.0,0.0,286,400,20260798,C:\Users\admin\Desktop\深度学习+CBF\kkt_collocation\results\multiseed_cstr_k10_cuda_seeds21_30_20260803_v1\standard_pcgrad\cstr\seed20260798\S-u+K.pth,C:\Users\admin\Desktop\深度学习+CBF\kkt_collocation\results\multiseed30_cstr_k10_refined_lambda_cached_margin1e6_20260804_v1\standard_pcgrad\cstr\seed20260798\hds_test400_margin1e6\test_per_sample_S-u+K.csv
400,cstr,S-u+K,0,-3.44321116618751e-08,0.2480418628393567,0.21479157342584895,11.9075,0.0036013163353969357,0.0968052254999202,3.679250003187916e-06,0.09680890474992339,standard_pcgrad,0.011141521208387777,100.0,0.0,286,400,20260799,C:\Users\admin\Desktop\深度学习+CBF\kkt_collocation\results\multiseed_cstr_k10_cuda_seeds21_30_20260803_v1\standard_pcgrad\cstr\seed20260799\S-u+K.pth,C:\Users\admin\Desktop\深度学习+CBF\kkt_collocation\results\multiseed30_cstr_k10_refined_lambda_cached_margin1e6_20260804_v1\standard_pcgrad\cstr\seed20260799\hds_test400_margin1e6\test_per_sample_S-u+K.csv
400,cstr,S-u+K,0,-1.255664083821273e-08,0.25190010131017426,0.22170885051197833,10.455,0.002996325860377541,0.0919589444999292,5.126750002091285e-06,0.09196407124993129,standard_pcgrad,0.05447640239172671,97.0,0.0,286,400,20260800,C:\Users\admin\Desktop\深度学习+CBF\kkt_collocation\results\multiseed_cstr_k10_cuda_seeds21_30_20260803_v1\standard_pcgrad\cstr\seed20260800\S-u+K.pth,C:\Users\admin\Desktop\深度学习+CBF\kkt_collocation\results\multiseed30_cstr_k10_refined_lambda_cached_margin1e6_20260804_v1\standard_pcgrad\cstr\seed20260800\hds_test400_margin1e6\test_per_sample_S-u+K.csv
400,cstr,S-u,0,-1.8989329775287445e-08,0.25828217314792545,0.22770044627904024,11.6025,0.003840022451208064,0.12192547275004471,5.153500005690148e-06,0.12193062625005037,supervised,0.0058362603448699505,98.0,0.0,286,400,20260771,C:\Users\admin\Desktop\深度学习+CBF\kkt_collocation\results\multiseed10_cstr_k10_cuda_20260803_v1\supervised\cstr\seed20260771\S-u.pth,C:\Users\admin\Desktop\深度学习+CBF\kkt_collocation\results\multiseed30_cstr_k10_refined_lambda_cached_margin1e6_20260804_v1\supervised\cstr\seed20260771\hds_test400_margin1e6\test_per_sample_S-u.csv
400,cstr,S-u,0,-1.516260239586842e-08,0.24422630459954184,0.21875805602558202,10.6975,0.003133351651825481,0.11886167124998792,8.75149999956193e-06,0.11887042274998748,supervised,0.03798681844810465,99.5,0.0,286,400,20260772,C:\Users\admin\Desktop\深度学习+CBF\kkt_collocation\results\multiseed10_cstr_k10_cuda_20260803_v1\supervised\cstr\seed20260772\S-u.pth,C:\Users\admin\Desktop\深度学习+CBF\kkt_collocation\results\multiseed30_cstr_k10_refined_lambda_cached_margin1e6_20260804_v1\supervised\cstr\seed20260772\hds_test400_margin1e6\test_per_sample_S-u.csv
400,cstr,S-u,0,-5.13320333461742e-08,0.2670254646217358,0.24533353687618528,11.685,0.0038526754600519335,0.12165486650007551,5.206750001889304e-06,0.1216600732500774,supervised,0.013927643083559595,100.0,0.0,286,400,20260773,C:\Users\admin\Desktop\深度学习+CBF\kkt_collocation\results\multiseed10_cstr_k10_cuda_20260803_v1\supervised\cstr\seed20260773\S-u.pth,C:\Users\admin\Desktop\深度学习+CBF\kkt_collocation\results\multiseed30_cstr_k10_refined_lambda_cached_margin1e6_20260804_v1\supervised\cstr\seed20260773\hds_test400_margin1e6\test_per_sample_S-u.csv
400,cstr,S-u,0,-1.9481579627278478e-08,0.19324316694487195,0.1564949965819893,11.0825,0.003416068012489312,0.12042265774991393,4.014249998363083e-06,0.12042667199991232,supervised,-0.031640850199090284,100.0,0.0,286,400,20260774,C:\Users\admin\Desktop\深度学习+CBF\kkt_collocation\results\multiseed10_cstr_k10_cuda_20260803_v1\supervised\cstr\seed20260774\S-u.pth,C:\Users\admin\Desktop\深度学习+CBF\kkt_collocation\results\multiseed30_cstr_k10_refined_lambda_cached_margin1e6_20260804_v1\supervised\cstr\seed20260774\hds_test400_margin1e6\test_per_sample_S-u.csv
400,cstr,S-u,0,-4.3667971294514274e-08,0.2667656005500778,0.24584126084081065,11.8075,0.0035776910505150687,0.12244882875009352,5.1619999976537635e-06,0.1224539907500912,supervised,0.03153504265819132,100.0,0.0,286,400,20260775,C:\Users\admin\Desktop\深度学习+CBF\kkt_collocation\results\multiseed10_cstr_k10_cuda_20260803_v1\supervised\cstr\seed20260775\S-u.pth,C:\Users\admin\Desktop\深度学习+CBF\kkt_collocation\results\multiseed30_cstr_k10_refined_lambda_cached_margin1e6_20260804_v1\supervised\cstr\seed20260775\hds_test400_margin1e6\test_per_sample_S-u.csv
400,cstr,S-u,0,-2.547330724134156e-08,0.2550967678866664,0.22557134025365724,11.155,0.003485689465679568,0.12173418799982755,4.888749999736319e-06,0.12173907674982727,supervised,0.025858967781938472,100.0,0.0,286,400,20260776,C:\Users\admin\Desktop\深度学习+CBF\kkt_collocation\results\multiseed10_cstr_k10_cuda_20260803_v1\supervised\cstr\seed20260776\S-u.pth,C:\Users\admin\Desktop\深度学习+CBF\kkt_collocation\results\multiseed30_cstr_k10_refined_lambda_cached_margin1e6_20260804_v1\supervised\cstr\seed20260776\hds_test400_margin1e6\test_per_sample_S-u.csv
400,cstr,S-u,0,-1.4709179818606088e-08,0.2835019454742366,0.26797205819842396,13.92,0.00473866185762403,0.12941336200006845,5.446249997476118e-06,0.12941880825006588,supervised,-0.027245006173436184,100.0,0.0,286,400,20260777,C:\Users\admin\Desktop\深度学习+CBF\kkt_collocation\results\multiseed10_cstr_k10_cuda_20260803_v1\supervised\cstr\seed20260777\S-u.pth,C:\Users\admin\Desktop\深度学习+CBF\kkt_collocation\results\multiseed30_cstr_k10_refined_lambda_cached_margin1e6_20260804_v1\supervised\cstr\seed20260777\hds_test400_margin1e6\test_per_sample_S-u.csv
400,cstr,S-u,0,-1.615051659076272e-08,0.23850252234139518,0.20510769053047634,10.6675,0.003264948166506426,0.11969990225000401,3.822999997282751e-06,0.11970372525000127,supervised,0.023628294072976445,98.0,0.0,286,400,20260778,C:\Users\admin\Desktop\深度学习+CBF\kkt_collocation\results\multiseed10_cstr_k10_cuda_20260803_v1\supervised\cstr\seed20260778\S-u.pth,C:\Users\admin\Desktop\深度学习+CBF\kkt_collocation\results\multiseed30_cstr_k10_refined_lambda_cached_margin1e6_20260804_v1\supervised\cstr\seed20260778\hds_test400_margin1e6\test_per_sample_S-u.csv
400,cstr,S-u,0,-6.500608834558719e-08,0.23587194039150325,0.20812227044667633,9.775,0.0029183567875550862,0.11568403374996705,4.941249999319552e-06,0.11568897499996637,supervised,0.0436138760161977,99.5,0.0,286,400,20260779,C:\Users\admin\Desktop\深度学习+CBF\kkt_collocation\results\multiseed10_cstr_k10_cuda_20260803_v1\supervised\cstr\seed20260779\S-u.pth,C:\Users\admin\Desktop\深度学习+CBF\kkt_collocation\results\multiseed30_cstr_k10_refined_lambda_cached_margin1e6_20260804_v1\supervised\cstr\seed20260779\hds_test400_margin1e6\test_per_sample_S-u.csv
400,cstr,S-u,0,-1.1022688650719203e-08,0.28828524325617433,0.2696411347223249,12.67,0.004147722906004282,0.12537786524993863,4.950249995090416e-06,0.1253828154999337,supervised,0.015893778945415767,100.0,0.0,286,400,20260780,C:\Users\admin\Desktop\深度学习+CBF\kkt_collocation\results\multiseed10_cstr_k10_cuda_20260803_v1\supervised\cstr\seed20260780\S-u.pth,C:\Users\admin\Desktop\深度学习+CBF\kkt_collocation\results\multiseed30_cstr_k10_refined_lambda_cached_margin1e6_20260804_v1\supervised\cstr\seed20260780\hds_test400_margin1e6\test_per_sample_S-u.csv
400,cstr,S-u,0,-1.4000712478257071e-08,0.2889679696707711,0.26045764959809525,11.9875,0.0037464654642949324,0.12397464024996224,5.153499996595201e-06,0.12397979374995885,supervised,0.04270781668876639,99.75,0.0,286,400,20260781,C:\Users\admin\Desktop\深度学习+CBF\kkt_collocation\results\multiseed10_cstr_k10_cuda_20260803_v1\supervised\cstr\seed20260781\S-u.pth,C:\Users\admin\Desktop\深度学习+CBF\kkt_collocation\results\multiseed30_cstr_k10_refined_lambda_cached_margin1e6_20260804_v1\supervised\cstr\seed20260781\hds_test400_margin1e6\test_per_sample_S-u.csv
400,cstr,S-u,0,-1.1733675087111095e-08,0.20989526193410066,0.18147785716136905,9.2875,0.002865606045871986,0.1160674097500123,3.6470000031840743e-06,0.11607105675001547,supervised,0.020931349971488034,85.25,0.0,286,400,20260782,C:\Users\admin\Desktop\深度学习+CBF\kkt_collocation\results\multiseed10_cstr_k10_cuda_20260803_v1\supervised\cstr\seed20260782\S-u.pth,C:\Users\admin\Desktop\深度学习+CBF\kkt_collocation\results\multiseed30_cstr_k10_refined_lambda_cached_margin1e6_20260804_v1\supervised\cstr\seed20260782\hds_test400_margin1e6\test_per_sample_S-u.csv
400,cstr,S-u,0,-1.9473887002963153e-08,0.21297272596147593,0.18595367031596044,9.6675,0.00297782101095663,0.11469755249991977,5.250000003798048e-06,0.1147028024999236,supervised,0.016693925298684673,95.75,0.0,286,400,20260783,C:\Users\admin\Desktop\深度学习+CBF\kkt_collocation\results\multiseed10_cstr_k10_cuda_20260803_v1\supervised\cstr\seed20260783\S-u.pth,C:\Users\admin\Desktop\深度学习+CBF\kkt_collocation\results\multiseed30_cstr_k10_refined_lambda_cached_margin1e6_20260804_v1\supervised\cstr\seed20260783\hds_test400_margin1e6\test_per_sample_S-u.csv
400,cstr,S-u,0,-3.447043073201428e-08,0.23236820474119163,0.20661977306054216,11.4375,0.0034264633963334555,0.11807488575003845,5.022249997637116e-06,0.11807990800003608,supervised,0.007113599964171943,100.0,0.0,286,400,20260784,C:\Users\admin\Desktop\深度学习+CBF\kkt_collocation\results\multiseed10_cstr_k10_cuda_20260803_v1\supervised\cstr\seed20260784\S-u.pth,C:\Users\admin\Desktop\深度学习+CBF\kkt_collocation\results\multiseed30_cstr_k10_refined_lambda_cached_margin1e6_20260804_v1\supervised\cstr\seed20260784\hds_test400_margin1e6\test_per_sample_S-u.csv
400,cstr,S-u,0,-2.9137137591561668e-08,0.26304907164542274,0.23319874759899867,11.41,0.003539809108239153,0.11884420349998435,4.966499991496677e-06,0.11884916999997586,supervised,0.03009978702666304,100.0,0.0,286,400,20260785,C:\Users\admin\Desktop\深度学习+CBF\kkt_collocation\results\multiseed10_cstr_k10_cuda_20260803_v1\supervised\cstr\seed20260785\S-u.pth,C:\Users\admin\Desktop\深度学习+CBF\kkt_collocation\results\multiseed30_cstr_k10_refined_lambda_cached_margin1e6_20260804_v1\supervised\cstr\seed20260785\hds_test400_margin1e6\test_per_sample_S-u.csv
400,cstr,S-u,0,-4.551684290587943e-08,0.2640480098043038,0.23937085518577383,11.2125,0.003362882343940915,0.11951825100007227,3.6477499997999985e-06,0.11952189875007209,supervised,0.04275522321324301,99.25,0.0,286,400,20260786,C:\Users\admin\Desktop\深度学习+CBF\kkt_collocation\results\multiseed10_cstr_k10_cuda_20260803_v1\supervised\cstr\seed20260786\S-u.pth,C:\Users\admin\Desktop\深度学习+CBF\kkt_collocation\results\multiseed30_cstr_k10_refined_lambda_cached_margin1e6_20260804_v1\supervised\cstr\seed20260786\hds_test400_margin1e6\test_per_sample_S-u.csv
400,cstr,S-u,0,-1.9957871244535852e-08,0.2533958428380742,0.22679463832248228,11.205,0.0034759205555883947,0.11898731625002255,4.92024999402929e-06,0.11899223650001658,supervised,0.02494208970926779,100.0,0.0,286,400,20260787,C:\Users\admin\Desktop\深度学习+CBF\kkt_collocation\results\multiseed10_cstr_k10_cuda_20260803_v1\supervised\cstr\seed20260787\S-u.pth,C:\Users\admin\Desktop\深度学习+CBF\kkt_collocation\results\multiseed30_cstr_k10_refined_lambda_cached_margin1e6_20260804_v1\supervised\cstr\seed20260787\hds_test400_margin1e6\test_per_sample_S-u.csv
400,cstr,S-u,0,-5.8780075473663373e-08,0.26334772703829123,0.23718359394372127,11.0325,0.003406949277005578,0.12050082249981642,4.579249998641898e-06,0.1205054017498151,supervised,0.03916379979706339,99.25,0.0,286,400,20260788,C:\Users\admin\Desktop\深度学习+CBF\kkt_collocation\results\multiseed10_cstr_k10_cuda_20260803_v1\supervised\cstr\seed20260788\S-u.pth,C:\Users\admin\Desktop\深度学习+CBF\kkt_collocation\results\multiseed30_cstr_k10_refined_lambda_cached_margin1e6_20260804_v1\supervised\cstr\seed20260788\hds_test400_margin1e6\test_per_sample_S-u.csv
400,cstr,S-u,0,-9.910924830824897e-08,0.22508734034859146,0.1963686032885666,9.735,0.002862827002455788,0.11666031625001778,5.0147499950981e-06,0.11666533100001285,supervised,0.03667158932496435,81.0,0.0,286,400,20260789,C:\Users\admin\Desktop\深度学习+CBF\kkt_collocation\results\multiseed10_cstr_k10_cuda_20260803_v1\supervised\cstr\seed20260789\S-u.pth,C:\Users\admin\Desktop\深度学习+CBF\kkt_collocation\results\multiseed30_cstr_k10_refined_lambda_cached_margin1e6_20260804_v1\supervised\cstr\seed20260789\hds_test400_margin1e6\test_per_sample_S-u.csv
400,cstr,S-u,0,-6.28539243430204e-08,0.2849304067736162,0.2607295031854106,10.645,0.003149337240138937,0.11984335349990943,4.297249997762265e-06,0.1198476507499072,supervised,0.07746780861866644,99.75,0.0,286,400,20260790,C:\Users\admin\Desktop\深度学习+CBF\kkt_collocation\results\multiseed10_cstr_k10_cuda_20260803_v1\supervised\cstr\seed20260790\S-u.pth,C:\Users\admin\Desktop\深度学习+CBF\kkt_collocation\results\multiseed30_cstr_k10_refined_lambda_cached_margin1e6_20260804_v1\supervised\cstr\seed20260790\hds_test400_margin1e6\test_per_sample_S-u.csv
400,cstr,S-u,0,-5.813891279515815e-08,0.2595718350436888,0.23855804365848812,10.7525,0.0032305304384581896,0.12920711550003944,8.450000004813775e-06,0.12921556550004426,supervised,0.04704650903752211,97.5,0.0,286,400,20260791,C:\Users\admin\Desktop\深度学习+CBF\kkt_collocation\results\multiseed_cstr_k10_cuda_seeds21_30_20260803_v1\supervised\cstr\seed20260791\S-u.pth,C:\Users\admin\Desktop\深度学习+CBF\kkt_collocation\results\multiseed30_cstr_k10_refined_lambda_cached_margin1e6_20260804_v1\supervised\cstr\seed20260791\hds_test400_margin1e6\test_per_sample_S-u.csv
400,cstr,S-u,0,-7.795097078933111e-08,0.23046908626202864,0.20106826389064442,10.1875,0.003105683513821644,0.12958284049997018,4.93274999826099e-06,0.12958777324996842,supervised,0.02580339159406294,86.5,0.0,286,400,20260792,C:\Users\admin\Desktop\深度学习+CBF\kkt_collocation\results\multiseed_cstr_k10_cuda_seeds21_30_20260803_v1\supervised\cstr\seed20260792\S-u.pth,C:\Users\admin\Desktop\深度学习+CBF\kkt_collocation\results\multiseed30_cstr_k10_refined_lambda_cached_margin1e6_20260804_v1\supervised\cstr\seed20260792\hds_test400_margin1e6\test_per_sample_S-u.csv
400,cstr,S-u,0,-3.348689248117154e-08,0.2343214613215588,0.2041687058123517,9.725,0.002785962474125524,0.12551231574999291,3.722500005096663e-06,0.12551603824999805,supervised,0.05066629177291631,91.75,0.0,286,400,20260793,C:\Users\admin\Desktop\深度学习+CBF\kkt_collocation\results\multiseed_cstr_k10_cuda_seeds21_30_20260803_v1\supervised\cstr\seed20260793\S-u.pth,C:\Users\admin\Desktop\深度学习+CBF\kkt_collocation\results\multiseed30_cstr_k10_refined_lambda_cached_margin1e6_20260804_v1\supervised\cstr\seed20260793\hds_test400_margin1e6\test_per_sample_S-u.csv
400,cstr,S-u,0,-6.101846994344129e-08,0.21218737815660732,0.1882873887809481,9.495,0.0028017570127504467,0.1272698787500667,5.071249997854466e-06,0.12727495000006459,supervised,0.027814994545294455,97.75,0.0,286,400,20260794,C:\Users\admin\Desktop\深度学习+CBF\kkt_collocation\results\multiseed_cstr_k10_cuda_seeds21_30_20260803_v1\supervised\cstr\seed20260794\S-u.pth,C:\Users\admin\Desktop\深度学习+CBF\kkt_collocation\results\multiseed30_cstr_k10_refined_lambda_cached_margin1e6_20260804_v1\supervised\cstr\seed20260794\hds_test400_margin1e6\test_per_sample_S-u.csv
400,cstr,S-u,0,-6.523883833153832e-08,0.26883624540917034,0.24549395310838865,12.1375,0.0037889018896515507,0.12265342649994636,4.42950000433484e-06,0.1226578559999507,supervised,0.019890792303202037,100.0,0.0,286,400,20260795,C:\Users\admin\Desktop\深度学习+CBF\kkt_collocation\results\multiseed_cstr_k10_cuda_seeds21_30_20260803_v1\supervised\cstr\seed20260795\S-u.pth,C:\Users\admin\Desktop\深度学习+CBF\kkt_collocation\results\multiseed30_cstr_k10_refined_lambda_cached_margin1e6_20260804_v1\supervised\cstr\seed20260795\hds_test400_margin1e6\test_per_sample_S-u.csv
400,cstr,S-u,0,-4.120364888171579e-08,0.2602742075099394,0.23032011841037842,11.41,0.003527629098118409,0.12035414975010099,5.114499999763211e-06,0.12035926425010075,supervised,0.028234941037595974,96.5,0.0,286,400,20260796,C:\Users\admin\Desktop\深度学习+CBF\kkt_collocation\results\multiseed_cstr_k10_cuda_seeds21_30_20260803_v1\supervised\cstr\seed20260796\S-u.pth,C:\Users\admin\Desktop\深度学习+CBF\kkt_collocation\results\multiseed30_cstr_k10_refined_lambda_cached_margin1e6_20260804_v1\supervised\cstr\seed20260796\hds_test400_margin1e6\test_per_sample_S-u.csv
400,cstr,S-u,0,-3.00368153127728e-08,0.2310961286352839,0.2018888465963551,11.0275,0.0032597118332628335,0.11811982500005797,5.206750001889304e-06,0.11812503175005987,supervised,0.016584515019027593,98.75,0.0,286,400,20260797,C:\Users\admin\Desktop\深度学习+CBF\kkt_collocation\results\multiseed_cstr_k10_cuda_seeds21_30_20260803_v1\supervised\cstr\seed20260797\S-u.pth,C:\Users\admin\Desktop\深度学习+CBF\kkt_collocation\results\multiseed30_cstr_k10_refined_lambda_cached_margin1e6_20260804_v1\supervised\cstr\seed20260797\hds_test400_margin1e6\test_per_sample_S-u.csv
400,cstr,S-u,0,-1.0673438133323998e-08,0.2547296590650037,0.2274986634412607,10.8675,0.0032373670922271423,0.11916764875001717,5.03125000250293e-06,0.11917268000001964,supervised,0.041708186979623266,100.0,0.0,286,400,20260798,C:\Users\admin\Desktop\深度学习+CBF\kkt_collocation\results\multiseed_cstr_k10_cuda_seeds21_30_20260803_v1\supervised\cstr\seed20260798\S-u.pth,C:\Users\admin\Desktop\深度学习+CBF\kkt_collocation\results\multiseed30_cstr_k10_refined_lambda_cached_margin1e6_20260804_v1\supervised\cstr\seed20260798\hds_test400_margin1e6\test_per_sample_S-u.csv
400,cstr,S-u,0,-1.2644336744305207e-08,0.25814451271356226,0.23200977608532586,11.6775,0.0036938970765072114,0.14372507825001776,5.0970000029337804e-06,0.1437301752500207,supervised,0.015301713660454958,100.0,0.0,286,400,20260799,C:\Users\admin\Desktop\深度学习+CBF\kkt_collocation\results\multiseed_cstr_k10_cuda_seeds21_30_20260803_v1\supervised\cstr\seed20260799\S-u.pth,C:\Users\admin\Desktop\深度学习+CBF\kkt_collocation\results\multiseed30_cstr_k10_refined_lambda_cached_margin1e6_20260804_v1\supervised\cstr\seed20260799\hds_test400_margin1e6\test_per_sample_S-u.csv
400,cstr,S-u,0,-2.4604069004396933e-08,0.25589972839077046,0.23310733706174797,9.96,0.0030043254707885795,0.1389377994998813,5.29775000359223e-06,0.13894309724988488,supervised,0.05810771323108222,95.5,0.0,286,400,20260800,C:\Users\admin\Desktop\深度学习+CBF\kkt_collocation\results\multiseed_cstr_k10_cuda_seeds21_30_20260803_v1\supervised\cstr\seed20260800\S-u.pth,C:\Users\admin\Desktop\深度学习+CBF\kkt_collocation\results\multiseed30_cstr_k10_refined_lambda_cached_margin1e6_20260804_v1\supervised\cstr\seed20260800\hds_test400_margin1e6\test_per_sample_S-u.csv
400,cstr,S-u+K,0,-1.51629352407312e-08,0.29472397640184606,0.2494790536041981,14.955,0.004552294658959064,0.15305991399999586,3.5972499972558586e-06,0.15306351124999307,unprocessed,-0.004502460027267996,100.0,0.0,286,400,20260771,C:\Users\admin\Desktop\深度学习+CBF\kkt_collocation\results\multiseed10_cstr_k10_cuda_20260803_v1\unprocessed\cstr\seed20260771\S-u+K.pth,C:\Users\admin\Desktop\深度学习+CBF\kkt_collocation\results\multiseed30_cstr_k10_refined_lambda_cached_margin1e6_20260804_v1\unprocessed\cstr\seed20260771\hds_test400_margin1e6\test_per_sample_S-u+K.csv
400,cstr,S-u+K,0,-1.931097654006564e-08,0.2651484602035332,0.22408404827013648,12.8,0.0035584624730280283,0.14568301175003398,3.575750006348244e-06,0.1456865875000403,unprocessed,0.030966805381038215,100.0,0.0,286,400,20260772,C:\Users\admin\Desktop\深度学习+CBF\kkt_collocation\results\multiseed10_cstr_k10_cuda_20260803_v1\unprocessed\cstr\seed20260772\S-u+K.pth,C:\Users\admin\Desktop\深度学习+CBF\kkt_collocation\results\multiseed30_cstr_k10_refined_lambda_cached_margin1e6_20260804_v1\unprocessed\cstr\seed20260772\hds_test400_margin1e6\test_per_sample_S-u+K.csv
400,cstr,S-u+K,0,-1.0151371743205573e-08,0.2842565497969927,0.2490186994333139,14.57,0.004282622585014844,0.14998186150000037,5.146250005054753e-06,0.14998700775000542,unprocessed,0.002957064183463506,100.0,0.0,286,400,20260773,C:\Users\admin\Desktop\深度学习+CBF\kkt_collocation\results\multiseed10_cstr_k10_cuda_20260803_v1\unprocessed\cstr\seed20260773\S-u+K.pth,C:\Users\admin\Desktop\深度学习+CBF\kkt_collocation\results\multiseed30_cstr_k10_refined_lambda_cached_margin1e6_20260804_v1\unprocessed\cstr\seed20260773\hds_test400_margin1e6\test_per_sample_S-u+K.csv
400,cstr,S-u+K,0,-4.097607098074718e-08,0.2372066907939518,0.18504768817729195,14.835,0.004306556596636733,0.1499579215000358,3.5047500023210886e-06,0.14996142625003808,unprocessed,-0.045934805653080446,100.0,0.0,286,400,20260774,C:\Users\admin\Desktop\深度学习+CBF\kkt_collocation\results\multiseed10_cstr_k10_cuda_20260803_v1\unprocessed\cstr\seed20260774\S-u+K.pth,C:\Users\admin\Desktop\深度学习+CBF\kkt_collocation\results\multiseed30_cstr_k10_refined_lambda_cached_margin1e6_20260804_v1\unprocessed\cstr\seed20260774\hds_test400_margin1e6\test_per_sample_S-u+K.csv
400,cstr,S-u+K,0,-4.679158860376731e-08,0.27560931458474314,0.24203447824602237,13.8275,0.003830680932935375,0.14709674900005665,5.115999992995059e-06,0.14710186500004965,unprocessed,0.023713284790085148,100.0,0.0,286,400,20260775,C:\Users\admin\Desktop\深度学习+CBF\kkt_collocation\results\multiseed10_cstr_k10_cuda_20260803_v1\unprocessed\cstr\seed20260775\S-u+K.pth,C:\Users\admin\Desktop\深度学习+CBF\kkt_collocation\results\multiseed30_cstr_k10_refined_lambda_cached_margin1e6_20260804_v1\unprocessed\cstr\seed20260775\hds_test400_margin1e6\test_per_sample_S-u+K.csv
400,cstr,S-u+K,0,-1.0195421562553264e-08,0.27511551127740214,0.23292175633655002,13.945,0.0039400258513862165,0.14796012725001673,3.6380000074132118e-06,0.1479637652500242,unprocessed,0.015964080809202575,100.0,0.0,286,400,20260776,C:\Users\admin\Desktop\深度学习+CBF\kkt_collocation\results\multiseed10_cstr_k10_cuda_20260803_v1\unprocessed\cstr\seed20260776\S-u+K.pth,C:\Users\admin\Desktop\深度学习+CBF\kkt_collocation\results\multiseed30_cstr_k10_refined_lambda_cached_margin1e6_20260804_v1\unprocessed\cstr\seed20260776\hds_test400_margin1e6\test_per_sample_S-u+K.csv
400,cstr,S-u+K,0,-5.0776564064491936e-08,0.2933882248605936,0.26900095656319584,16.9325,0.005078140435281495,0.18912952824992316,3.6379999983182637e-06,0.1891331662499215,unprocessed,-0.039856628325975245,100.0,0.0,286,400,20260777,C:\Users\admin\Desktop\深度学习+CBF\kkt_collocation\results\multiseed10_cstr_k10_cuda_20260803_v1\unprocessed\cstr\seed20260777\S-u+K.pth,C:\Users\admin\Desktop\深度学习+CBF\kkt_collocation\results\multiseed30_cstr_k10_refined_lambda_cached_margin1e6_20260804_v1\unprocessed\cstr\seed20260777\hds_test400_margin1e6\test_per_sample_S-u+K.csv
400,cstr,S-u+K,0,-2.5213633236820243e-08,0.27077809227213095,0.2252313892120746,14.265,0.003919558943941577,0.18122183224992114,3.6447500042413584e-06,0.1812254769999254,unprocessed,0.012812632691852328,100.0,0.0,286,400,20260778,C:\Users\admin\Desktop\深度学习+CBF\kkt_collocation\results\multiseed10_cstr_k10_cuda_20260803_v1\unprocessed\cstr\seed20260778\S-u+K.pth,C:\Users\admin\Desktop\深度学习+CBF\kkt_collocation\results\multiseed30_cstr_k10_refined_lambda_cached_margin1e6_20260804_v1\unprocessed\cstr\seed20260778\hds_test400_margin1e6\test_per_sample_S-u+K.csv
400,cstr,S-u+K,0,-4.551595744750614e-08,0.272704049838679,0.23021636132198836,13.25,0.0035777128900432984,0.1785104780000074,4.933250002068236e-06,0.1785154112500095,unprocessed,0.0371336316399331,100.0,0.0,286,400,20260779,C:\Users\admin\Desktop\深度学习+CBF\kkt_collocation\results\multiseed10_cstr_k10_cuda_20260803_v1\unprocessed\cstr\seed20260779\S-u+K.pth,C:\Users\admin\Desktop\深度学习+CBF\kkt_collocation\results\multiseed30_cstr_k10_refined_lambda_cached_margin1e6_20260804_v1\unprocessed\cstr\seed20260779\hds_test400_margin1e6\test_per_sample_S-u+K.csv
400,cstr,S-u+K,0,-1.364588020358326e-08,0.2929471255344515,0.26393795047096347,14.9,0.004391921338502647,0.18544887774997731,3.5932499940827247e-06,0.18545247099997136,unprocessed,0.004602909545269672,100.0,0.0,286,400,20260780,C:\Users\admin\Desktop\深度学习+CBF\kkt_collocation\results\multiseed10_cstr_k10_cuda_20260803_v1\unprocessed\cstr\seed20260780\S-u+K.pth,C:\Users\admin\Desktop\深度学习+CBF\kkt_collocation\results\multiseed30_cstr_k10_refined_lambda_cached_margin1e6_20260804_v1\unprocessed\cstr\seed20260780\hds_test400_margin1e6\test_per_sample_S-u+K.csv
400,cstr,S-u+K,0,-2.8230140891594147e-08,0.3054377147683736,0.26626612576077413,14.545,0.004109837599806186,0.09908977024993874,8.967500007202033e-06,0.09909873774994596,unprocessed,0.03515954655145515,100.0,0.0,286,400,20260781,C:\Users\admin\Desktop\深度学习+CBF\kkt_collocation\results\multiseed10_cstr_k10_cuda_20260803_v1\unprocessed\cstr\seed20260781\S-u+K.pth,C:\Users\admin\Desktop\深度学习+CBF\kkt_collocation\results\multiseed30_cstr_k10_refined_lambda_cached_margin1e6_20260804_v1\unprocessed\cstr\seed20260781\hds_test400_margin1e6\test_per_sample_S-u+K.csv
400,cstr,S-u+K,0,-2.629204171045174e-08,0.24934084684506622,0.20629207741150482,13.075,0.003641523295339055,0.09699800774997129,5.449749996842002e-06,0.09700345749996814,unprocessed,0.009521947017155228,95.75,0.0,286,400,20260782,C:\Users\admin\Desktop\深度学习+CBF\kkt_collocation\results\multiseed10_cstr_k10_cuda_20260803_v1\unprocessed\cstr\seed20260782\S-u+K.pth,C:\Users\admin\Desktop\深度学习+CBF\kkt_collocation\results\multiseed30_cstr_k10_refined_lambda_cached_margin1e6_20260804_v1\unprocessed\cstr\seed20260782\hds_test400_margin1e6\test_per_sample_S-u+K.csv
400,cstr,S-u+K,0,-1.9835278863844508e-08,0.25323928684299374,0.21461778526602723,13.3925,0.0037474823289841493,0.09350691824992281,8.492750002915272e-06,0.09351541099992573,unprocessed,0.006679531214469164,100.0,0.0,286,400,20260783,C:\Users\admin\Desktop\深度学习+CBF\kkt_collocation\results\multiseed10_cstr_k10_cuda_20260803_v1\unprocessed\cstr\seed20260783\S-u+K.pth,C:\Users\admin\Desktop\深度学习+CBF\kkt_collocation\results\multiseed30_cstr_k10_refined_lambda_cached_margin1e6_20260804_v1\unprocessed\cstr\seed20260783\hds_test400_margin1e6\test_per_sample_S-u+K.csv
400,cstr,S-u+K,0,-1.9339466583723208e-08,0.2587752571318815,0.21804269735798643,14.7125,0.004001911436695313,0.09505692824992366,5.091250004625181e-06,0.09506201949992828,unprocessed,-0.004232159496385247,100.0,0.0,286,400,20260784,C:\Users\admin\Desktop\深度学习+CBF\kkt_collocation\results\multiseed10_cstr_k10_cuda_20260803_v1\unprocessed\cstr\seed20260784\S-u+K.pth,C:\Users\admin\Desktop\深度学习+CBF\kkt_collocation\results\multiseed30_cstr_k10_refined_lambda_cached_margin1e6_20260804_v1\unprocessed\cstr\seed20260784\hds_test400_margin1e6\test_per_sample_S-u+K.csv
400,cstr,S-u+K,0,-5.7288498944707555e-08,0.2872257800728201,0.2455758142826637,13.9,0.0040253680904821275,0.076993790000015,3.564999997252017e-06,0.07699735500001223,unprocessed,0.02235483291865857,100.0,0.0,286,400,20260785,C:\Users\admin\Desktop\深度学习+CBF\kkt_collocation\results\multiseed10_cstr_k10_cuda_20260803_v1\unprocessed\cstr\seed20260785\S-u+K.pth,C:\Users\admin\Desktop\深度学习+CBF\kkt_collocation\results\multiseed30_cstr_k10_refined_lambda_cached_margin1e6_20260804_v1\unprocessed\cstr\seed20260785\hds_test400_margin1e6\test_per_sample_S-u+K.csv
400,cstr,S-u+K,0,-1.0880268352941869e-08,0.2873066274210012,0.24792775638392203,13.99,0.0038331505594545383,0.07631538000005093,4.275999999663327e-06,0.07631965600005058,unprocessed,0.03495562867887134,100.0,0.0,286,400,20260786,C:\Users\admin\Desktop\深度学习+CBF\kkt_collocation\results\multiseed10_cstr_k10_cuda_20260803_v1\unprocessed\cstr\seed20260786\S-u+K.pth,C:\Users\admin\Desktop\深度学习+CBF\kkt_collocation\results\multiseed30_cstr_k10_refined_lambda_cached_margin1e6_20260804_v1\unprocessed\cstr\seed20260786\hds_test400_margin1e6\test_per_sample_S-u+K.csv
400,cstr,S-u+K,0,-3.153498240315855e-08,0.2799422938060451,0.24044258744614114,13.97,0.004012057545665372,0.07589315799998075,3.662250001070788e-06,0.07589682024998182,unprocessed,0.016366315225876706,100.0,0.0,286,400,20260787,C:\Users\admin\Desktop\深度学习+CBF\kkt_collocation\results\multiseed10_cstr_k10_cuda_20260803_v1\unprocessed\cstr\seed20260787\S-u+K.pth,C:\Users\admin\Desktop\深度学习+CBF\kkt_collocation\results\multiseed30_cstr_k10_refined_lambda_cached_margin1e6_20260804_v1\unprocessed\cstr\seed20260787\hds_test400_margin1e6\test_per_sample_S-u+K.csv
400,cstr,S-u+K,0,-1.2265231941199772e-08,0.28463546599224465,0.24211724696953035,13.7,0.003860015004861695,0.07655109199989056,3.7607499962177835e-06,0.07655485274988677,unprocessed,0.030722092228130535,100.0,0.0,286,400,20260788,C:\Users\admin\Desktop\深度学习+CBF\kkt_collocation\results\multiseed10_cstr_k10_cuda_20260803_v1\unprocessed\cstr\seed20260788\S-u+K.pth,C:\Users\admin\Desktop\深度学习+CBF\kkt_collocation\results\multiseed30_cstr_k10_refined_lambda_cached_margin1e6_20260804_v1\unprocessed\cstr\seed20260788\hds_test400_margin1e6\test_per_sample_S-u+K.csv
400,cstr,S-u+K,0,-1.0773452463475053e-08,0.24528975230190095,0.1970588057408178,12.65,0.0033266578824458215,0.07419584274994122,3.707249998115002e-06,0.07419954999993933,unprocessed,0.02645112904435086,97.0,0.0,286,400,20260789,C:\Users\admin\Desktop\深度学习+CBF\kkt_collocation\results\multiseed10_cstr_k10_cuda_20260803_v1\unprocessed\cstr\seed20260789\S-u+K.pth,C:\Users\admin\Desktop\深度学习+CBF\kkt_collocation\results\multiseed30_cstr_k10_refined_lambda_cached_margin1e6_20260804_v1\unprocessed\cstr\seed20260789\hds_test400_margin1e6\test_per_sample_S-u+K.csv
400,cstr,S-u+K,0,-5.096839866824965e-08,0.2969451225024966,0.2524569677714071,12.19,0.003372131957675756,0.07413155874995937,3.609750001487556e-06,0.07413516849996084,unprocessed,0.07468895661795787,100.0,0.0,286,400,20260790,C:\Users\admin\Desktop\深度学习+CBF\kkt_collocation\results\multiseed10_cstr_k10_cuda_20260803_v1\unprocessed\cstr\seed20260790\S-u+K.pth,C:\Users\admin\Desktop\深度学习+CBF\kkt_collocation\results\multiseed30_cstr_k10_refined_lambda_cached_margin1e6_20260804_v1\unprocessed\cstr\seed20260790\hds_test400_margin1e6\test_per_sample_S-u+K.csv
400,cstr,S-u+K,0,-1.2993927600568611e-08,0.28155629383397435,0.24616906080156864,13.45,0.0037030276305963666,0.07583683925005062,3.6739999995916144e-06,0.0758405132500502,unprocessed,0.03805138107155832,100.0,0.0,286,400,20260791,C:\Users\admin\Desktop\深度学习+CBF\kkt_collocation\results\multiseed_cstr_k10_cuda_seeds21_30_20260803_v1\unprocessed\cstr\seed20260791\S-u+K.pth,C:\Users\admin\Desktop\深度学习+CBF\kkt_collocation\results\multiseed30_cstr_k10_refined_lambda_cached_margin1e6_20260804_v1\unprocessed\cstr\seed20260791\hds_test400_margin1e6\test_per_sample_S-u+K.csv
400,cstr,S-u+K,0,-2.6161924626677546e-08,0.2536736915116956,0.2107704328502641,13.3425,0.003638706769300655,0.07659385249997286,3.7239999983285082e-06,0.0765975764999712,unprocessed,0.014143074704697636,98.5,0.0,286,400,20260792,C:\Users\admin\Desktop\深度学习+CBF\kkt_collocation\results\multiseed_cstr_k10_cuda_seeds21_30_20260803_v1\unprocessed\cstr\seed20260792\S-u+K.pth,C:\Users\admin\Desktop\深度学习+CBF\kkt_collocation\results\multiseed30_cstr_k10_refined_lambda_cached_margin1e6_20260804_v1\unprocessed\cstr\seed20260792\hds_test400_margin1e6\test_per_sample_S-u+K.csv
400,cstr,S-u+K,0,-1.390971215986525e-08,0.26715404693987316,0.22244819923792492,12.475,0.003369186021051018,0.10493681599998127,4.204500000923872e-06,0.1049410204999822,unprocessed,0.04512373256438082,99.0,0.0,286,400,20260793,C:\Users\admin\Desktop\深度学习+CBF\kkt_collocation\results\multiseed_cstr_k10_cuda_seeds21_30_20260803_v1\unprocessed\cstr\seed20260793\S-u+K.pth,C:\Users\admin\Desktop\深度学习+CBF\kkt_collocation\results\multiseed30_cstr_k10_refined_lambda_cached_margin1e6_20260804_v1\unprocessed\cstr\seed20260793\hds_test400_margin1e6\test_per_sample_S-u+K.csv
400,cstr,S-u+K,0,-5.6247156432487344e-08,0.23447320296545243,0.1986933302538997,12.3825,0.0033001810204146614,0.1062213072499344,3.799249998337472e-06,0.10622510649993273,unprocessed,0.01723807241397907,100.0,0.0,286,400,20260794,C:\Users\admin\Desktop\深度学习+CBF\kkt_collocation\results\multiseed_cstr_k10_cuda_seeds21_30_20260803_v1\unprocessed\cstr\seed20260794\S-u+K.pth,C:\Users\admin\Desktop\深度学习+CBF\kkt_collocation\results\multiseed30_cstr_k10_refined_lambda_cached_margin1e6_20260804_v1\unprocessed\cstr\seed20260794\hds_test400_margin1e6\test_per_sample_S-u+K.csv
400,cstr,S-u+K,0,-3.775024304264463e-08,0.2885725088000443,0.2508163564725566,14.8975,0.0042212759191671174,0.11855789150002238,3.941000004488159e-06,0.11856183250002689,unprocessed,0.011137999675518406,100.0,0.0,286,400,20260795,C:\Users\admin\Desktop\深度学习+CBF\kkt_collocation\results\multiseed_cstr_k10_cuda_seeds21_30_20260803_v1\unprocessed\cstr\seed20260795\S-u+K.pth,C:\Users\admin\Desktop\深度学习+CBF\kkt_collocation\results\multiseed30_cstr_k10_refined_lambda_cached_margin1e6_20260804_v1\unprocessed\cstr\seed20260795\hds_test400_margin1e6\test_per_sample_S-u+K.csv
400,cstr,S-u+K,0,-5.5354470673840694e-08,0.2812034284005993,0.23091090350789015,14.2775,0.0039913001911517565,0.12708184899990557,3.6204999923938897e-06,0.12708546949989796,unprocessed,0.018592879382720865,96.75,0.0,286,400,20260796,C:\Users\admin\Desktop\深度学习+CBF\kkt_collocation\results\multiseed_cstr_k10_cuda_seeds21_30_20260803_v1\unprocessed\cstr\seed20260796\S-u+K.pth,C:\Users\admin\Desktop\深度学习+CBF\kkt_collocation\results\multiseed30_cstr_k10_refined_lambda_cached_margin1e6_20260804_v1\unprocessed\cstr\seed20260796\hds_test400_margin1e6\test_per_sample_S-u+K.csv
400,cstr,S-u+K,0,-1.969823115732794e-08,0.258849206208843,0.21137508364697635,14.495,0.0038864288971067534,0.10123867750004138,1.244050000423158e-05,0.1012511180000456,unprocessed,0.0032429960845458306,100.0,0.0,286,400,20260797,C:\Users\admin\Desktop\深度学习+CBF\kkt_collocation\results\multiseed_cstr_k10_cuda_seeds21_30_20260803_v1\unprocessed\cstr\seed20260797\S-u+K.pth,C:\Users\admin\Desktop\深度学习+CBF\kkt_collocation\results\multiseed30_cstr_k10_refined_lambda_cached_margin1e6_20260804_v1\unprocessed\cstr\seed20260797\hds_test400_margin1e6\test_per_sample_S-u+K.csv
400,cstr,S-u+K,0,-4.729654468071942e-08,0.2723293737534411,0.22636469345983432,13.3475,0.0036617835164265674,0.0983927112499714,8.385000000998843e-06,0.0984010962499724,unprocessed,0.03128790166111177,100.0,0.0,286,400,20260798,C:\Users\admin\Desktop\深度学习+CBF\kkt_collocation\results\multiseed_cstr_k10_cuda_seeds21_30_20260803_v1\unprocessed\cstr\seed20260798\S-u+K.pth,C:\Users\admin\Desktop\深度学习+CBF\kkt_collocation\results\multiseed30_cstr_k10_refined_lambda_cached_margin1e6_20260804_v1\unprocessed\cstr\seed20260798\hds_test400_margin1e6\test_per_sample_S-u+K.csv
400,cstr,S-u+K,0,-3.997147673961976e-08,0.27732645011022133,0.23952656037211792,14.21,0.004161271951989715,0.0918076777499391,7.94624999798543e-06,0.09181562399993709,unprocessed,0.0038017774569385297,100.0,0.0,286,400,20260799,C:\Users\admin\Desktop\深度学习+CBF\kkt_collocation\results\multiseed_cstr_k10_cuda_seeds21_30_20260803_v1\unprocessed\cstr\seed20260799\S-u+K.pth,C:\Users\admin\Desktop\深度学习+CBF\kkt_collocation\results\multiseed30_cstr_k10_refined_lambda_cached_margin1e6_20260804_v1\unprocessed\cstr\seed20260799\hds_test400_margin1e6\test_per_sample_S-u+K.csv
400,cstr,S-u+K,0,-3.394379471943765e-08,0.282476700511652,0.24709172336669552,12.93,0.0035104858731084287,0.08086271050002324,8.052249995671446e-06,0.0808707627500189,unprocessed,0.05134154971397828,100.0,0.0,286,400,20260800,C:\Users\admin\Desktop\深度学习+CBF\kkt_collocation\results\multiseed_cstr_k10_cuda_seeds21_30_20260803_v1\unprocessed\cstr\seed20260800\S-u+K.pth,C:\Users\admin\Desktop\深度学习+CBF\kkt_collocation\results\multiseed30_cstr_k10_refined_lambda_cached_margin1e6_20260804_v1\unprocessed\cstr\seed20260800\hds_test400_margin1e6\test_per_sample_S-u+K.csv
