accepted,fallback,filter_seconds,hds_gmax,objective,corrected_segments,problem,point_id,seed,adaptive_model,inference_seconds,total_deployment_seconds,jiang_solve_seconds,jiang_objective,jiang_hds_gmax,relative_objective_difference
True,False,0.12114380000002711,-0.006539131390594366,2.642155350671772,1,VDP,vdp_001,20260751,S,5.501000000549538e-06,0.12114930100002766,1.1567825,2.6132222186508574,-6.076007611766077e-06,0.011071822294489745
True,False,0.09475479999946401,-0.0013422123733298208,2.7790989911582,0,VDP,vdp_002,20260751,S,5.501000000549538e-06,0.09476030099946456,0.5708834,2.77494909041869,-9.366152375345216e-06,0.001495487161850403
True,False,0.09715810000034253,-0.0022470759653546724,2.7314138110652917,0,VDP,vdp_003,20260751,S,5.501000000549538e-06,0.09716360100034308,0.3151195,2.723515775131864,-1.1204183794077949e-05,0.002899941320532778
True,False,0.10196080000059737,-0.003601597248729216,3.2665360858723824,1,VDP,vdp_004,20260751,S,5.501000000549538e-06,0.10196630100059792,0.3483737,3.2462107309900943,-1.0556649531590079e-05,0.006261255527329526
True,False,0.1196749999999156,-0.004723297641862856,3.1336957207686926,1,VDP,vdp_005,20260751,S,5.501000000549538e-06,0.11968050099991615,0.3154336,3.1106764543563723,-1.1631935164957419e-05,0.0074000837920905616
True,False,0.10399429999961285,-0.0018220527641971684,2.9611784143496434,1,VDP,vdp_006,20260751,S,5.501000000549538e-06,0.1039998009996134,0.1646896,2.9557960450383542,-1.3313977281215195e-05,0.0018209542300200426
True,False,0.12462330000016664,-0.004838665917984264,3.012661966040448,1,VDP,vdp_007,20260751,S,5.501000000549538e-06,0.12462880100016718,0.2523923,2.9805430068719123,-1.1561427565143223e-05,0.010776210608094776
True,False,0.09675150000020949,-6.16751785147418e-05,2.908151048770205,0,VDP,vdp_008,20260751,S,5.501000000549538e-06,0.09675700100021004,0.4854922,2.906312627317515,-8.062688990007061e-06,0.0006325614923218708
True,False,0.09425259999989066,-0.006369363980138876,2.621634886381737,0,VDP,vdp_009,20260751,S,5.501000000549538e-06,0.09425810099989121,0.4626844,2.6125412098882133,-7.292978178363718e-06,0.003480778201356291
True,False,0.1034962000003361,-0.001969352221724452,3.447053246276822,1,VDP,vdp_010,20260751,S,5.501000000549538e-06,0.10350170100033665,0.3261349,3.4399985476709642,-9.703415081052658e-06,0.002050785344265356
True,False,0.09589439999945171,-0.00047694200222136995,3.633531054954577,0,VDP,vdp_011,20260751,S,5.501000000549538e-06,0.09589990099945225,0.2758267,3.6296183336024628,-7.01227964000628e-06,0.0010779980131494242
True,False,0.11170210000000225,-0.004968062959098685,3.179343534132131,1,VDP,vdp_012,20260751,S,5.501000000549538e-06,0.11170760100000279,0.1609015,3.158266864760289,-1.3861099816991906e-05,0.006673492226706428
True,False,0.10578200000054494,-0.000896478477839413,2.9125933544084526,1,VDP,vdp_013,20260751,S,5.501000000549538e-06,0.10578750100054549,0.1941938,2.9087411919529957,-1.1775446671857814e-05,0.0013243400499548745
True,False,0.09338599999955477,-0.0015011032758635023,3.3729849423102554,0,VDP,vdp_014,20260751,S,5.501000000549538e-06,0.09339150099955532,0.5348784,3.3675567469418666,-6.223765770474454e-06,0.0016119091009582011
True,False,0.1123064000003069,-0.005331688306464966,3.1840383644431602,1,VDP,vdp_015,20260751,S,5.501000000549538e-06,0.11231190100030744,0.4423417,3.16128899068242,-1.0342491632342465e-05,0.007196233507215489
True,False,0.09485020000010991,-0.003189512693162644,2.743160928129906,0,VDP,vdp_016,20260751,S,5.501000000549538e-06,0.09485570100011045,0.1838264,2.7346119949803875,-1.2871337653763693e-05,0.00312619602532667
True,False,0.10556160000032833,-8.233356780529277e-05,2.6752852042032793,1,VDP,vdp_017,20260751,S,5.501000000549538e-06,0.10556710100032887,0.1810748,2.674164587453959,-1.2601454838945259e-05,0.0004190530211108724
True,False,0.11429559999942285,-0.005940288453164688,3.1087442241991683,1,VDP,vdp_018,20260751,S,5.501000000549538e-06,0.1143011009994234,0.3002696,3.0796241742600476,-1.106234329029121e-05,0.009455715467656839
True,False,0.100114200000462,-0.0011365831040966445,3.258899885147002,1,VDP,vdp_019,20260751,S,5.501000000549538e-06,0.10011970100046255,0.5314688,3.2410790761432913,-6.269457618224283e-06,0.005498418454176204
True,False,0.11404560000028141,-0.006051140575587144,2.678329956417473,1,VDP,vdp_020,20260751,S,5.501000000549538e-06,0.11405110100028196,0.3477777,2.653094939069625,-9.094887879701474e-06,0.009511539514186115
True,False,0.09274529999947845,-0.0012314094425008304,2.6346395384256076,0,VDP,vdp_021,20260751,S,5.501000000549538e-06,0.092750800999479,0.2568223,2.6312745725232642,-1.1274026672225546e-05,0.001278834956063337
True,False,0.11960939999971743,-0.011277346671943245,3.0895195634654224,1,VDP,vdp_022,20260751,S,5.501000000549538e-06,0.11961490099971797,0.3126368,3.0438539787739747,-9.968472305443843e-06,0.015002554330757116
True,False,0.09723870000016177,-0.0002605651991122171,2.512914894073439,0,VDP,vdp_023,20260751,S,5.501000000549538e-06,0.09724420100016232,0.3634458,2.5117297709638855,-9.072104610985399e-06,0.00047183543518650845
True,False,0.1135629999998855,-0.0031041281105973484,3.2316178762852545,1,VDP,vdp_024,20260751,S,5.501000000549538e-06,0.11356850099988605,0.3336177,3.213975508439424,-1.0451758177598691e-05,0.005489266423936453
True,False,0.105697500000133,-0.0004386817502929907,3.5722386092035268,0,VDP,vdp_025,20260751,S,5.501000000549538e-06,0.10570300100013355,0.2949467,3.568519665368167,-1.0511551325476098e-05,0.0010421531010327415
True,False,0.09540700000070501,-0.000823619684796939,2.844727904307213,0,VDP,vdp_026,20260751,S,5.501000000549538e-06,0.09541250100070556,0.1708315,2.8422587219764512,-1.306352308289016e-05,0.000868739468251023
True,False,0.11997969999993074,-0.008006380855862527,2.6858437393446475,1,VDP,vdp_027,20260751,S,5.501000000549538e-06,0.11998520099993129,0.2450737,2.6617020945310315,-1.1580082354856192e-05,0.00907000256084991
True,False,0.11671019999994314,-0.001549115268301815,2.7396272049302564,1,VDP,vdp_028,20260751,S,5.501000000549538e-06,0.11671570099994369,0.6161987,2.736528603249455,-6.679990265434643e-06,0.0011323110882604454
True,False,0.09391499999946973,-0.0002346795411435343,3.5580686552840626,0,VDP,vdp_029,20260751,S,5.501000000549538e-06,0.09392050099947027,0.3081545,3.5550835878128506,-1.1260674597779463e-05,0.0008396616837491666
True,False,0.10250900000028196,-0.000302422789767387,2.91262266513991,1,VDP,vdp_030,20260751,S,5.501000000549538e-06,0.1025145010002825,0.2889646,2.911928846443991,-1.1936501850939862e-05,0.00023826773678429507
True,False,0.10477050000008603,-0.000709863803310895,3.0123609139666105,1,VDP,vdp_031,20260751,S,5.501000000549538e-06,0.10477600100008658,0.3756477,3.009977424196236,-9.859966289327282e-06,0.0007918630057535975
True,False,0.11667959999977029,-0.002289964397245603,3.2771743399975617,1,VDP,vdp_032,20260751,S,5.501000000549538e-06,0.11668510099977084,0.3008348,3.2640315772378745,-1.0509819744097815e-05,0.004026542773464524
True,False,0.12385069999982079,-0.00043447185723699544,3.418639907402393,1,VDP,vdp_033,20260751,S,5.501000000549538e-06,0.12385620099982134,0.2090256,3.3936641891160293,-1.037300444195477e-05,0.007359513756978201
True,False,0.12287120000019058,-0.0004657383408529503,3.0417258221933303,1,VDP,vdp_034,20260751,S,5.501000000549538e-06,0.12287670100019113,0.4960615,3.030289078405805,-6.3706604759294905e-06,0.0037741428265127253
True,False,0.09077629999956116,-0.0008325231956743395,2.8042536155919793,0,VDP,vdp_035,20260751,S,5.501000000549538e-06,0.09078180099956171,0.6681279,2.7996751184653403,-6.296246117698523e-06,0.001635367295455577
True,False,0.09211450000020704,-0.00022624064744197758,2.5383641678277233,0,VDP,vdp_036,20260751,S,5.501000000549538e-06,0.09212000100020759,0.2552811,2.5376271450763417,-1.1001155541867647e-05,0.00029043776301481935
True,False,0.11037459999988641,-0.001101166823010702,2.9322565643779863,2,VDP,vdp_037,20260751,S,5.501000000549538e-06,0.11038010099988696,0.1754445,2.9289456382654024,-1.344308547479578e-05,0.0011304156927080063
True,False,0.10188770000058867,-0.00047284039600353767,3.278378674135935,1,VDP,vdp_038,20260751,S,5.501000000549538e-06,0.10189320100058921,0.3204554,3.272349246589068,-1.1590791022142444e-05,0.0018425379116094821
True,False,0.1126126999997723,-0.003593854823733089,2.7013485948441978,1,VDP,vdp_039,20260751,S,5.501000000549538e-06,0.11261820099977285,0.1921218,2.6830679704874734,-1.2490053630187514e-05,0.006813328830205923
True,False,0.09387489999971876,-0.004196284580839482,2.651446624322419,0,VDP,vdp_040,20260751,S,5.501000000549538e-06,0.09388040099971931,0.4370172,2.644488089959807,-7.590984269223444e-06,0.0026313351113325368
True,False,0.09339040000031673,-0.00030800297309235836,3.1895815836788572,0,VDP,vdp_041,20260751,S,5.501000000549538e-06,0.09339590100031728,0.8231719,3.183095957014222,-4.882819041707176e-06,0.0020375215677503346
True,False,0.0934079999997266,-0.0008759469920289753,3.1587791474022775,0,VDP,vdp_042,20260751,S,5.501000000549538e-06,0.09341350099972714,0.2997764,3.151669753855737,-1.0404207838488055e-05,0.0022557546005075252
True,False,0.10220969999954832,-0.00037261001666899496,3.414791567773949,1,VDP,vdp_043,20260751,S,5.501000000549538e-06,0.10221520099954887,0.2703721,3.4121643621207705,-1.0004260897589212e-05,0.0007699528435217371
True,False,0.11319370000001072,-0.0033339699098172693,3.21740591667198,1,VDP,vdp_044,20260751,S,5.501000000549538e-06,0.11319920100001127,0.3326499,3.1982616993885347,-1.0500795575296706e-05,0.005985819511613264
True,False,0.11382700000012846,-0.00172655150200407,3.0818450209136854,1,VDP,vdp_045,20260751,S,5.501000000549538e-06,0.11383250100012901,0.2279903,3.0682544348684444,-1.196815950565977e-05,0.0044294195066725975
True,False,0.135511100000258,-0.003703737697420273,2.526370635667959,1,VDP,vdp_046,20260751,S,5.501000000549538e-06,0.13551660100025856,0.2604924,2.473732905450137,-1.0777361796221463e-05,0.0212786635541171
True,False,0.09642100000019127,-0.00015778514489395157,2.733704258366796,0,VDP,vdp_047,20260751,S,5.501000000549538e-06,0.09642650100019182,0.3657997,2.730591070226591,-9.022142501868835e-06,0.0011401151106622239
True,False,0.11272350000035658,-0.005175559362026794,3.050557698471774,1,VDP,vdp_048,20260751,S,5.501000000549538e-06,0.11272900100035713,0.6963987,3.019382614029249,-6.634721569365176e-06,0.010324986405390738
True,False,0.11637979999977688,-0.004247732156363149,3.03930797104621,1,VDP,vdp_049,20260751,S,5.501000000549538e-06,0.11638530099977742,0.4293875,3.011175550852488,-1.0245207484771424e-05,0.009342670235801362
True,False,0.12136540000028617,-0.0010279285109698888,3.3642828921280676,1,VDP,vdp_050,20260751,S,5.501000000549538e-06,0.12137090100028672,0.6186019,3.279772899668445,-6.309477091848148e-06,0.02576702565844295
True,False,0.09331939999992755,-1.277360459406296e-06,3.5035045474388022,0,VDP,vdp_051,20260751,S,5.501000000549538e-06,0.0933249009999281,0.3362038,3.5013820247014733,-1.1376176003108363e-05,0.0006061957028267721
True,False,0.10488340000028984,-0.0008310486269836881,3.462977455554049,1,VDP,vdp_052,20260751,S,5.501000000549538e-06,0.10488890100029039,0.3114806,3.4529997524795832,-9.50564042390134e-06,0.002889575380739874
True,False,0.11181860000033339,-0.0036622317652317826,3.697403878621924,1,VDP,vdp_053,20260751,S,5.501000000549538e-06,0.11182410100033394,0.2841154,3.6476235672160198,-8.538844848859917e-06,0.013647326948240501
True,False,0.11116849999962142,-0.000538020518695892,3.236073033817436,1,VDP,vdp_054,20260751,S,5.501000000549538e-06,0.11117400099962196,0.3488874,3.2266546521917348,-1.0390225464396163e-05,0.00291893079394285
True,False,0.10324349999973492,-0.0022313798619263414,3.392536973427467,1,VDP,vdp_055,20260751,S,5.501000000549538e-06,0.10324900099973547,0.353953,3.382792466035433,-1.0366122608573836e-05,0.0028806104689756713
True,False,0.11667310000029829,-1.2517838350545318e-05,3.5697055851972452,1,VDP,vdp_056,20260751,S,5.501000000549538e-06,0.11667860100029884,0.2912811,3.551341981731196,-9.97828495702402e-06,0.005170891330802564
True,False,0.1203801999999996,-0.0007392101051307276,2.6423460076858185,2,VDP,vdp_057,20260751,S,5.501000000549538e-06,0.12038570100000015,0.565399,2.637601118896361,-5.001426774120521e-06,0.0017989409981153824
True,False,0.11146410000037577,-0.004328259560515801,3.236861721544372,1,VDP,vdp_058,20260751,S,5.501000000549538e-06,0.11146960100037631,0.3827275,3.213556976839891,-1.055289862661457e-05,0.0072520091824848625
True,False,0.09243310000056226,-0.0008325223664631398,2.7236590866927246,0,VDP,vdp_059,20260751,S,5.501000000549538e-06,0.09243860100056281,0.4988506,2.720782862452395,-7.716947582669942e-06,0.0010571311220833749
True,False,0.12115640000047279,-0.0069624950108768124,2.5752626932686598,1,VDP,vdp_060,20260751,S,5.501000000549538e-06,0.12116190100047333,0.1699278,2.5310289287057794,-1.2382744394801026e-05,0.01747659383154458
True,False,0.1049605000007432,-0.0017672394654370538,2.8820061942496795,1,VDP,vdp_061,20260751,S,5.501000000549538e-06,0.10496600100074374,0.1742013,2.8784828117224874,-1.3293240681055973e-05,0.0012240415377306668
True,False,0.12127789999976812,-0.0006550804882766159,3.627542866890213,1,VDP,vdp_062,20260751,S,5.501000000549538e-06,0.12128340099976867,0.3002278,3.612651491369319,-1.0719510528278686e-05,0.004122007217266778
True,False,0.10840270000062446,-0.005699277444622841,2.71035329750165,1,VDP,vdp_063,20260751,S,5.501000000549538e-06,0.10840820100062501,0.3319196,2.6920309596989997,-9.33240799444457e-06,0.006806139333813195
True,False,0.09438009999939823,-0.0031534032683255275,2.7953783973264876,0,VDP,vdp_064,20260751,S,5.501000000549538e-06,0.09438560099939877,0.4870144,2.788369085524034,-5.441391744853696e-06,0.0025137675779160268
True,False,0.11377559999982623,-0.0049363997170916996,3.1934932817703188,1,VDP,vdp_065,20260751,S,5.501000000549538e-06,0.11378110099982677,0.1690269,3.1677739603193373,-1.4053115557743912e-05,0.008119051981975607
True,False,0.10224870000001829,-0.0004853215818733658,3.311807309747572,1,VDP,vdp_066,20260751,S,5.501000000549538e-06,0.10225420100001884,0.3802175,3.3076977143393678,-1.0329484862792171e-05,0.0012424337902428324
True,False,0.1123011999998198,-0.0024644866374185503,3.2497715231045445,1,VDP,vdp_067,20260751,S,5.501000000549538e-06,0.11230670099982035,0.3283225,3.2351340840615355,-1.0540003801684517e-05,0.004524523145770997
True,False,0.09832989999995334,-0.00012187728986984281,2.640823905838507,0,VDP,vdp_068,20260751,S,5.501000000549538e-06,0.09833540099995389,0.1715967,2.638539348355264,-1.2467629490198195e-05,0.000865841733483019
True,False,0.10552289999941422,-0.0019289754496050193,3.3353533107731326,1,VDP,vdp_069,20260751,S,5.501000000549538e-06,0.10552840099941477,0.5419159,3.3260289415300495,-8.575270579513905e-06,0.0028034540309182293
True,False,0.0971360999992612,-0.002156963773724596,2.8145094201972176,0,VDP,vdp_070,20260751,S,5.501000000549538e-06,0.09714160099926175,0.2545142,2.8095186655424245,-1.1484727242050408e-05,0.0017763735532362452
True,False,0.10016530000029888,-0.0003790321268428709,2.530436855564583,1,VDP,vdp_071,20260751,S,5.501000000549538e-06,0.10017080100029943,0.2285828,2.525436479691075,-1.1334593894851697e-05,0.0019800046105772117
True,False,0.11814539999977569,-0.004463132448610685,2.66314762069621,1,VDP,vdp_072,20260751,S,5.501000000549538e-06,0.11815090099977624,0.3379052,2.6377986675153937,-9.458946089280218e-06,0.009609889296324876
True,False,0.1202610000000277,-0.006146019897096955,3.0666285522540364,1,VDP,vdp_073,20260751,S,5.501000000549538e-06,0.12026650100002825,0.5537592,3.0334667186901396,-8.48666639891027e-06,0.010931991888876294
True,False,0.09157939999931841,-0.0003055876132700419,3.4340695770995175,0,VDP,vdp_074,20260751,S,5.501000000549538e-06,0.09158490099931896,0.2951662,3.4302981963061905,-1.0921492685223022e-05,0.001099432345965769
True,False,0.10458790000029694,-0.0038198934850453004,2.8269523711559175,1,VDP,vdp_075,20260751,S,5.501000000549538e-06,0.10459340100029749,0.1842628,2.8189013393666826,-1.3160621500363234e-05,0.0028560885323654643
True,False,0.1053992000006474,-0.00067864850772964,2.6889004998740216,1,VDP,vdp_076,20260751,S,5.501000000549538e-06,0.10540470100064794,0.3751854,2.6862909996860385,-9.622479855975197e-06,0.0009714138149173349
True,False,0.12174870000035298,-0.0003604233190437345,2.975721480426719,2,VDP,vdp_077,20260751,S,5.501000000549538e-06,0.12175420100035353,0.3379552,2.947640264025606,-1.0049608549056455e-05,0.009526676896034179
True,False,0.11976580000009562,-0.002032850685812826,3.329204469468383,1,VDP,vdp_078,20260751,S,5.501000000549538e-06,0.11977130100009617,0.2370008,3.3187042383971797,-1.0249110104165737e-05,0.003163955061049583
True,False,0.11988329999985581,-0.004266638371162923,3.1737740765472733,1,VDP,vdp_079,20260751,S,5.501000000549538e-06,0.11988880099985635,0.3446927,3.1549659987354475,-1.1283186638233467e-05,0.005961420129207204
True,False,0.12599050000062562,-0.0030259274598972152,2.9747823318227313,1,VDP,vdp_080,20260751,S,5.501000000549538e-06,0.12599600100062616,0.3990658,2.943602236685497,-9.429031144814193e-06,0.01059249607458628
True,False,0.09311189999971248,-0.0002884264423719807,2.59710326408319,0,VDP,vdp_081,20260751,S,5.501000000549538e-06,0.09311740099971302,0.1641112,2.5960937362731333,-1.2443834634612294e-05,0.00038886416000758677
True,False,0.11097539999991568,-0.0013785117001703928,3.248083344039972,1,VDP,vdp_082,20260751,S,5.501000000549538e-06,0.11098090099991623,0.3661005,3.237781123450595,-1.1495875903266839e-05,0.003181876784307591
True,False,0.0916479999996227,-0.0003646127863460302,2.50028438954688,0,VDP,vdp_083,20260751,S,5.501000000549538e-06,0.09165350099962324,0.1789825,2.4994091496022164,-1.2263879651253085e-05,0.0003501787391643045
True,False,0.09453120000034687,-0.0003774669666043451,2.45885027761227,0,VDP,vdp_084,20260751,S,5.501000000549538e-06,0.09453670100034742,0.3794826,2.4548241449430477,-8.610621862359391e-06,0.0016400900559480878
True,False,0.09048890000030951,-0.0004003896915104055,3.5956992666339205,0,VDP,vdp_085,20260751,S,5.501000000549538e-06,0.09049440100031006,0.1951176,3.591243964356063,-1.4906831674765808e-05,0.0012406013966406702
True,False,0.10292730000037409,-7.005626715295143e-05,2.62636948968456,1,VDP,vdp_086,20260751,S,5.501000000549538e-06,0.10293280100037464,0.2463917,2.625961574586411,-1.1018520200078985e-05,0.00015533932487687123
True,False,0.09214989999964018,-0.0007295967885921351,2.584062658638624,0,VDP,vdp_087,20260751,S,5.501000000549538e-06,0.09215540099964073,0.4132027,2.581458884031324,-9.353241362530795e-06,0.0010086446169669749
True,False,0.11321349999980157,-0.0056020123125674615,3.7531435530994606,1,VDP,vdp_088,20260751,S,5.501000000549538e-06,0.11321900099980212,0.2405118,3.701034563827527,-6.595005612397564e-06,0.01407957379842565
True,False,0.09963900000002468,-0.0033137643330836686,2.5873811488066365,1,VDP,vdp_089,20260751,S,5.501000000549538e-06,0.09964450100002523,0.3478779,2.583007263083346,-7.709473479111661e-06,0.0016933307876452986
True,False,0.11352500000066357,-0.006364223256019985,2.6567304511613345,1,VDP,vdp_090,20260751,S,5.501000000549538e-06,0.11353050100066411,0.3940153,2.630118953169067,-9.55098070354321e-06,0.010117982671545253
True,False,0.09281379999993078,-0.0008314672948709356,3.4555043303061663,0,VDP,vdp_091,20260751,S,5.501000000549538e-06,0.09281930099993133,0.5722531,3.450381457405512,-6.936974890681125e-06,0.0014847265335429323
True,False,0.10148260000005394,-0.001077722470876341,3.3810283384707356,1,VDP,vdp_092,20260751,S,5.501000000549538e-06,0.10148810100005448,0.3628759,3.375108733209726,-9.11146262766449e-06,0.001753900608523573
True,False,0.1139536999999109,-0.0067372190404915155,3.0887441984097026,1,VDP,vdp_093,20260751,S,5.501000000549538e-06,0.11395920099991144,0.3547754,3.056790297474149,-1.0391320385993996e-05,0.010453416108379158
True,False,0.09737800000038987,-0.007644175799130626,2.6713214565037213,0,VDP,vdp_094,20260751,S,5.501000000549538e-06,0.09738350100039042,0.5366527,2.658959491006202,-7.903674081599643e-06,0.004649174062009159
True,False,0.09547079999993002,-0.00036961939343777006,3.2138345238857835,0,VDP,vdp_095,20260751,S,5.501000000549538e-06,0.09547630099993057,0.242739,3.212135700891917,-1.1993345153671342e-05,0.0005288764710017933
True,False,0.0965728000001036,-0.0002971556078915638,3.575952730694933,0,VDP,vdp_096,20260751,S,5.501000000549538e-06,0.09657830100010414,0.2972396,3.57199930266621,-9.17959222523912e-06,0.001106782978869092
True,False,0.11817530000007537,-0.0010974448058099773,3.277869558166001,1,VDP,vdp_097,20260751,S,5.501000000549538e-06,0.11818080100007591,0.4329877,3.2698815563453434,-9.857507971278157e-06,0.002442902497540455
True,False,0.09559239999998681,-0.0013247047389243205,2.468593653178311,0,VDP,vdp_098,20260751,S,5.501000000549538e-06,0.09559790099998736,0.1565593,2.464326263093122,-1.2136518604377589e-05,0.0017316660334708934
True,False,0.09701870000026247,-0.0007577268662780079,2.8819652294161107,0,VDP,vdp_099,20260751,S,5.501000000549538e-06,0.09702420100026302,0.5021142,2.879339963154507,-8.01787388643449e-06,0.0009117597418845182
True,False,0.09970739999971556,-0.0013872207735490805,2.9863871457833215,0,VDP,vdp_100,20260751,S,5.501000000549538e-06,0.09971290099971611,0.4439068,2.980776584153476,-9.652580793773069e-06,0.0018822482904866896
True,False,0.12132429999928718,-0.004562429959564629,3.039810521773981,1,VDP,vdp_101,20260751,S,5.501000000549538e-06,0.12132980099928772,0.5350158,3.011335350344159,-8.017960617945352e-06,0.009455994805283901
True,False,0.11065580000013142,-0.0005060477334058455,2.8112848259154863,1,VDP,vdp_102,20260751,S,5.501000000549538e-06,0.11066130100013197,0.4367821,2.805698836855573,-8.010735840280336e-06,0.0019909439268876966
True,False,0.09540340000057768,-0.0018391472912522855,2.8040641447369987,0,VDP,vdp_103,20260751,S,5.501000000549538e-06,0.09540890100057822,0.1925853,2.7976762153491608,-1.2839797685071375e-05,0.002283298314791122
True,False,0.10460320000038337,-0.0015408840933192058,3.400711144456737,1,VDP,vdp_104,20260751,S,5.501000000549538e-06,0.10460870100038391,0.3185604,3.393397045182783,-8.811839037614622e-06,0.0021553915373200955
True,False,0.09250360000078217,-0.0034448370499795544,2.797430230907933,0,VDP,vdp_105,20260751,S,5.501000000549538e-06,0.09250910100078272,0.383857,2.7893090734226855,-9.90492656266495e-06,0.0029115301572809576
True,False,0.11095579999982874,-0.0015441034612482807,3.4957667966087653,1,VDP,vdp_106,20260751,S,5.501000000549538e-06,0.11096130099982929,0.4296751,3.4722549718156532,-1.0071960113711143e-05,0.0067713416739144825
True,False,0.10312670000075741,-0.0017175407525122366,3.3589142585986234,1,VDP,vdp_107,20260751,S,5.501000000549538e-06,0.10313220100075796,0.2205193,3.3503105947602636,-1.033337694467118e-05,0.0025680197686195126
True,False,0.11279209999975137,-0.0003097653687923474,3.3007385268309286,1,VDP,vdp_108,20260751,S,5.501000000549538e-06,0.11279760099975192,0.182551,3.2922738382363965,-1.4039334151449978e-05,0.002571076711852878
True,False,0.11230320000049687,-0.00527125683949442,3.040170112031971,1,VDP,vdp_109,20260751,S,5.501000000549538e-06,0.11230870100049742,0.3072221,3.0080249844646176,-1.1319079416427513e-05,0.010686456307168864
True,False,0.09490599999935512,-0.000374736815276111,3.3609223704813154,0,VDP,vdp_110,20260751,S,5.501000000549538e-06,0.09491150099935566,0.3164542,3.3561133535515024,-1.2053431226732858e-05,0.0014329125459138488
True,False,0.1028825000003053,-0.005340095730730354,2.5686618546595983,0,VDP,vdp_111,20260751,S,5.501000000549538e-06,0.10288800100030585,0.3620839,2.562043349421227,-6.243501723512956e-06,0.002583291668295266
True,False,0.12297190000026603,-0.0012584828407718462,3.469589369961292,1,VDP,vdp_112,20260751,S,5.501000000549538e-06,0.12297740100026658,0.3250939,3.4454425477134314,-1.1357883625051635e-05,0.007008336930152996
True,False,0.10960290000002715,-0.0024326870392213373,3.206190531915044,1,VDP,vdp_113,20260751,S,5.501000000549538e-06,0.1096084010000277,0.1870187,3.188970152198602,-1.391840907494224e-05,0.005399981465668296
True,False,0.10183260000030714,-0.0011741728180816313,3.292827897452087,1,VDP,vdp_114,20260751,S,5.501000000549538e-06,0.10183810100030768,0.4198739,3.285752544045863,-1.0215243372635463e-05,0.0021533433547955656
True,False,0.11477660000036849,-0.005105670947649021,2.817969326831848,1,VDP,vdp_115,20260751,S,5.501000000549538e-06,0.11478210100036904,0.2548922,2.8068536015247143,-1.1733263148350215e-05,0.003960208434488883
True,False,0.10166959999969549,-0.00022151057370395355,3.039783331139976,1,VDP,vdp_116,20260751,S,5.501000000549538e-06,0.10167510099969604,0.1675364,3.0380068046581226,-1.3538895829945385e-05,0.0005847671174170208
True,False,0.10361550000015995,-0.001619209099355201,3.4549088362541713,1,VDP,vdp_117,20260751,S,5.501000000549538e-06,0.1036210010001605,0.2951174,3.4489188895126985,-1.1069109281502953e-05,0.001736760687439397
True,False,0.09049269999923126,-0.0012132890731268997,3.001004906002141,0,VDP,vdp_118,20260751,S,5.501000000549538e-06,0.09049820099923181,0.389044,2.995333949473629,-9.438231585445767e-06,0.0018932635306017727
True,False,0.11210120000032475,-0.003719645525798676,3.099813136095127,1,VDP,vdp_119,20260751,S,5.501000000549538e-06,0.1121067010003253,0.3282521,3.077201661740351,-1.022039253378848e-05,0.0073480638711171204
True,False,0.11660269999993034,-0.005369251393957608,3.1615520051126325,1,VDP,vdp_120,20260751,S,5.501000000549538e-06,0.11660820099993088,0.3507333,3.1342822084582824,-1.0440862334260004e-05,0.00870049180024658
True,False,0.10750199999984034,-0.003511809426411605,2.597019459126813,1,VDP,vdp_121,20260751,S,5.501000000549538e-06,0.10750750099984088,0.4916259,2.5924275846124645,-6.2750816773871065e-06,0.0017712643321664593
True,False,0.09555559999989782,-0.0006690797484883992,3.3610243507786834,0,VDP,vdp_122,20260751,S,5.501000000549538e-06,0.09556110099989837,0.6038155,3.3561316284476623,-6.8138682820517715e-06,0.0014578457798105446
True,False,0.11114199999974517,-0.001510002117735998,3.263736934054188,1,VDP,vdp_123,20260751,S,5.501000000549538e-06,0.11114750099974571,0.4541955,3.251324081912,-8.963736188638549e-06,0.003817783718099301
True,False,0.1013794999998936,-0.0005084909210812394,2.8855505843305225,1,VDP,vdp_124,20260751,S,5.501000000549538e-06,0.10138500099989414,0.3603939,2.8806399111001215,-1.0076662246116808e-05,0.0017047160984885327
True,False,0.11384499999985565,-0.00417014191904469,2.830179866374334,1,VDP,vdp_125,20260751,S,5.501000000549538e-06,0.11385050099985619,0.3218717,2.821534201854341,-9.857383113653917e-06,0.0030641714405980993
True,False,0.09422730000005686,-0.0005519603513832738,3.422105058026817,0,VDP,vdp_126,20260751,S,5.501000000549538e-06,0.0942328010000574,0.4274227,3.417493772441855,-9.670389055860262e-06,0.0013493179189225575
True,False,0.10169649999988906,-1.779319048411665e-05,3.4657038324965517,0,VDP,vdp_127,20260751,S,5.501000000549538e-06,0.1017020009998896,0.2301379,3.463003181335393,-1.0520835753091706e-05,0.0007798581230633692
True,False,0.09541910000007192,-0.007553143501859316,2.5918111366944694,0,VDP,vdp_128,20260751,S,5.501000000549538e-06,0.09542460100007247,0.6806358,2.5814731536962934,-4.7327237439054315e-06,0.00400468352087006
True,False,0.1120599999994738,-0.0003843233183914996,3.48424014816151,1,VDP,vdp_129,20260751,S,5.501000000549538e-06,0.11206550099947435,0.3062405,3.4649477831822026,-1.155912037598128e-05,0.005567866007374354
True,False,0.09591829999953916,-7.463675703017758e-05,3.419784224849722,0,VDP,vdp_130,20260751,S,5.501000000549538e-06,0.0959238009995397,0.2832976,3.415516032101355,-7.698259652799688e-06,0.0012496479911824063
True,False,0.1129240000000209,-0.005895968595358292,2.7974307760707036,1,VDP,vdp_131,20260751,S,5.501000000549538e-06,0.11292950100002144,0.2857237,2.7839835427132327,-1.1695803749767197e-05,0.0048302129488759105
True,False,0.0927216000000044,-0.0014827029028908756,3.3909018952072927,0,VDP,vdp_132,20260751,S,5.501000000549538e-06,0.09272710100000495,0.5871306,3.384819588040717,-6.394834698053575e-06,0.0017969368849276193
True,False,0.09697090000008757,-0.0008063442832721424,3.340264602714346,0,VDP,vdp_133,20260751,S,5.501000000549538e-06,0.09697640100008811,0.4783375,3.336665361657813,-5.890701322286418e-06,0.001078694045226217
True,False,0.09521680000034394,-0.00011849784441853028,3.6279008477964716,0,VDP,vdp_134,20260751,S,5.501000000549538e-06,0.09522230100034448,0.2991468,3.624809402517232,-1.016419650756717e-05,0.0008528573328828869
True,False,0.12253529999998136,-0.000533580994744709,2.628871558521372,1,VDP,vdp_135,20260751,S,5.501000000549538e-06,0.12254080099998191,0.378109,2.625936803326316,-6.850113075995701e-06,0.0011176031317046689
True,False,0.10234539999964909,-0.003346103372431908,3.1326529173482913,1,VDP,vdp_136,20260751,S,5.501000000549538e-06,0.10235090099964964,0.7047351,3.1111291927224087,-6.412917391007689e-06,0.006918299849530887
True,False,0.09360879999985627,-0.0020475229418762675,2.7197929431648875,0,VDP,vdp_137,20260751,S,5.501000000549538e-06,0.09361430099985682,0.1681815,2.712655243752346,-1.2837078641247945e-05,0.0026312593275465376
True,False,0.10953209999934188,-0.0011786480634398688,3.2677205068052655,1,VDP,vdp_138,20260751,S,5.501000000549538e-06,0.10953760099934243,0.4113092,3.256199145949819,-8.888460696687694e-06,0.003538285079945808
True,False,0.11201749999963795,-0.0009470367435691074,3.0570380727532087,1,VDP,vdp_139,20260751,S,5.501000000549538e-06,0.1120230009996385,0.3101863,3.0358075849759114,-9.185933070532393e-06,0.006993357511314658
True,False,0.09750480000002426,-0.0005091733576140789,3.3768235279682126,0,VDP,vdp_140,20260751,S,5.501000000549538e-06,0.09751030100002481,0.3267366,3.3711728143936286,-8.787238014507093e-06,0.0016761862668260785
True,False,0.10604770000009012,-0.00031966154074297704,3.4620996902034573,1,VDP,vdp_141,20260751,S,5.501000000549538e-06,0.10605320100009066,0.3069434,3.4589136389580255,-1.1161475377607921e-05,0.0009211132679194574
True,False,0.09586190000027273,-0.0016811151983972539,2.6453455890789237,0,VDP,vdp_142,20260751,S,5.501000000549538e-06,0.09586740100027327,0.2805254,2.6424048615001454,-1.1248782131989543e-05,0.0011128981866574262
True,False,0.1034404000001814,-0.0014873242243624851,3.4206024797847943,1,VDP,vdp_143,20260751,S,5.501000000549538e-06,0.10344590100018194,0.1779658,3.4148488166385307,-1.4545626315476401e-05,0.0016848954244268128
True,False,0.10010650000003807,-0.001084291494188483,3.003053527111019,1,VDP,vdp_144,20260751,S,5.501000000549538e-06,0.10011200100003861,0.368434,3.000043085340564,-9.884448815833391e-06,0.0010034661785908567
True,False,0.11309280000023136,-0.004548584932690558,3.1327798120599666,1,VDP,vdp_145,20260751,S,5.501000000549538e-06,0.11309830100023191,0.4498089,3.1105480096481903,-1.0296992192959653e-05,0.007147230115985483
True,False,0.11545300000034331,-0.004420750637107673,3.150341739499975,1,VDP,vdp_146,20260751,S,5.501000000549538e-06,0.11545850100034385,0.5782046,3.129204355665116,-8.63085087754456e-06,0.006754874860311318
True,False,0.0930594999999812,-0.0009911245323270812,2.8469445077486384,0,VDP,vdp_147,20260751,S,5.501000000549538e-06,0.09306500099998175,0.3012431,2.8408655456923966,-1.0844656279984655e-05,0.002139827442893008
True,False,0.1040169000007154,-0.00035945373629031607,2.648899536957298,1,VDP,vdp_148,20260751,S,5.501000000549538e-06,0.10402240100071594,0.3887688,2.647751428304068,-9.582099873950423e-06,0.00043361647961230924
True,False,0.12111459999960061,-0.003863517246875725,3.6309511478452507,1,VDP,vdp_149,20260751,S,5.501000000549538e-06,0.12112010099960116,0.4083131,3.5684674167270796,-9.055078145248086e-06,0.017509962631375206
True,False,0.1182753999992201,-0.0029288049283323625,3.229837165373448,1,VDP,vdp_150,20260751,S,5.501000000549538e-06,0.11828090099922065,0.1984776,3.212592494483054,-1.3935609111614955e-05,0.005367836387592958
True,False,0.0964125000000422,-0.0013657882585201286,2.8663625266384,0,VDP,vdp_151,20260751,S,5.501000000549538e-06,0.09641800100004275,0.2863376,2.859593704232238,-1.0792793157465841e-05,0.0023670573886576947
True,False,0.09810990000005404,-0.00011954826029564325,3.3818788314494452,0,VDP,vdp_152,20260751,S,5.501000000549538e-06,0.09811540100005459,0.3244556,3.378345223375533,-1.1082042851384699e-05,0.0010459582547876658
True,False,0.09844250000060129,-0.0004969487409771656,2.864005519480624,0,VDP,vdp_153,20260751,S,5.501000000549538e-06,0.09844800100060183,0.3758059,2.861557748389368,-9.835715146677693e-06,0.000855398110568817
True,False,0.11237170000003971,-0.004418733146639153,2.7802603707313094,1,VDP,vdp_154,20260751,S,5.501000000549538e-06,0.11237720100004026,0.3796405,2.769075041423655,-9.731677031610264e-06,0.004039373848786555
True,False,0.12281150000035268,-0.0007798542599204428,2.651509796260412,2,VDP,vdp_155,20260751,S,5.501000000549538e-06,0.12281700100035323,0.3607372,2.647245608450986,-7.173947531136093e-06,0.001610801731359348
True,False,0.10196900000028108,-0.0011552432085986108,3.444071012304218,1,VDP,vdp_156,20260751,S,5.501000000549538e-06,0.10197450100028163,0.3829521,3.438106160116536,-9.2426354050823e-06,0.001734923795221058
True,False,0.09685580000041227,-0.001165754677928843,3.042579441419554,0,VDP,vdp_157,20260751,S,5.501000000549538e-06,0.09686130100041282,0.4243935,3.036931247727328,-8.060168878887275e-06,0.0018598358775665173
True,False,0.095879700000296,-0.0014907877811021208,3.1364295397230935,0,VDP,vdp_158,20260751,S,5.501000000549538e-06,0.09588520100029654,0.3163515,3.1280204981153594,-1.0476645459889244e-05,0.0026882949177604513
True,False,0.1221280999998271,-0.004731610255284069,3.0251077957330224,1,VDP,vdp_159,20260751,S,5.501000000549538e-06,0.12213360099982765,0.3792388,2.992996078551646,-1.0242436401242117e-05,0.010728953977419119
True,False,0.09159540000018751,-0.0004158231027109882,2.6525728658152263,0,VDP,vdp_160,20260751,S,5.501000000549538e-06,0.09160090100018806,0.2312805,2.6495428158794305,-1.1353941329561579e-05,0.0011436123687588273
True,False,0.09496219999982713,-0.0005420800659137193,2.9654644460343937,0,VDP,vdp_161,20260751,S,5.501000000549538e-06,0.09496770099982768,0.4902615,2.961394091050836,-8.317375823574391e-06,0.0013744725823077917
True,False,0.10174989999995887,-0.0014074407907193054,3.428149937533196,1,VDP,vdp_162,20260751,S,5.501000000549538e-06,0.10175540099995942,0.4223035,3.421128205636818,-9.592421378989968e-06,0.002052460905969066
True,False,0.12385699999958888,-0.005112317527543653,2.9956730001984475,1,VDP,vdp_163,20260751,S,5.501000000549538e-06,0.12386250099958943,0.1898128,2.9609797383182337,-1.3473200718816525e-05,0.01171681840008766
True,False,0.09536919999936799,-0.00155633478071443,3.0950569052121826,0,VDP,vdp_164,20260751,S,5.501000000549538e-06,0.09537470099936854,0.6949144,3.0863764018266573,-6.600027441516776e-06,0.002812522601063101
True,False,0.11509320000004664,-0.0013090729450187522,3.2322801899115348,1,VDP,vdp_165,20260751,S,5.501000000549538e-06,0.11509870100004718,0.3406695,3.221242358613443,-1.144735819802456e-05,0.0034265758577826486
True,False,0.10302529999989929,-0.002647344541667873,3.326658494879036,1,VDP,vdp_166,20260751,S,5.501000000549538e-06,0.10303080099989984,0.1972305,3.3132073306598597,-1.4417194198035332e-05,0.004059861903208279
True,False,0.10490140000001702,-0.0005611792195757137,2.6645577154707345,1,VDP,vdp_167,20260751,S,5.501000000549538e-06,0.10490690100001757,0.761812,2.6629990691852248,-5.049392534706154e-06,0.0005852973452171012
True,False,0.124058999999761,-9.901441873888528e-05,3.2957602358326903,1,VDP,vdp_168,20260751,S,5.501000000549538e-06,0.12406450099976155,0.3568508,3.2118028134576826,-8.082099743400573e-06,0.02614027922985188
True,False,0.09655119999933959,-0.0005063011016763208,3.5142671326542407,0,VDP,vdp_169,20260751,S,5.501000000549538e-06,0.09655670099934013,0.3275374,3.509407427481763,-6.888823594064508e-06,0.0013847651698751546
True,False,0.1249947999995129,-2.0890150647656647e-05,3.4935559386339228,1,VDP,vdp_170,20260751,S,5.501000000549538e-06,0.12500030099951345,0.175453,3.4690846442239756,-1.4673252774821677e-05,0.007054107039645722
True,False,0.10255150000011781,-0.00035666600053296804,3.6307091852411273,0,VDP,vdp_171,20260751,S,5.501000000549538e-06,0.10255700100011836,0.2888559,3.6268979815973967,-1.0308404577274999e-05,0.0010508163348040972
True,False,0.11366980000002513,-0.006858372111906319,2.69558642964836,1,VDP,vdp_172,20260751,S,5.501000000549538e-06,0.11367530100002568,0.259392,2.674756690506241,-1.1303685032437727e-05,0.007787526699550637
True,False,0.10488729999997304,-0.002275857391804914,3.349037272350774,1,VDP,vdp_173,20260751,S,5.501000000549538e-06,0.10489280099997358,0.313981,3.3400279730787013,-1.110082922634037e-05,0.0026973724006773272
True,False,0.10631589999957214,-0.003058238724985174,3.2990624079840405,1,VDP,vdp_174,20260751,S,5.501000000549538e-06,0.10632140099957268,0.4286831,3.2811064827393914,-1.0565860308897612e-05,0.005472521339709062
True,False,0.10935230000086449,-0.004478081234583875,3.0438265628272987,1,VDP,vdp_175,20260751,S,5.501000000549538e-06,0.10935780100086503,0.1841654,3.014439982896659,-1.3643773208449339e-05,0.009748603421323143
True,False,0.09488640000017767,-0.0004766381215510762,2.8670406650756664,0,VDP,vdp_176,20260751,S,5.501000000549538e-06,0.09489190100017822,0.1791797,2.8647273631803083,-1.3202801412259824e-05,0.0008075120603413785
True,False,0.1168190999997023,-0.0009251755410896179,3.6024744475992816,1,VDP,vdp_177,20260751,S,5.501000000549538e-06,0.11682460099970285,0.3002417,3.5856100282652377,-1.0955611731922055e-05,0.004703361269380189
True,False,0.0924643999996988,-0.004479358372803555,2.622068616893154,0,VDP,vdp_178,20260751,S,5.501000000549538e-06,0.09246990099969934,0.5805623,2.615374930685073,-6.1675226218360635e-06,0.002559360086214298
True,False,0.10169580000001588,-0.0012595721711929353,3.4224957515933845,1,VDP,vdp_179,20260751,S,5.501000000549538e-06,0.10170130100001643,0.1763984,3.4131467192025777,-1.4700409826540195e-05,0.0027391240869337704
True,False,0.11598839999987831,-0.0007503340248502521,3.1750293313708484,1,VDP,vdp_180,20260751,S,5.501000000549538e-06,0.11599390099987886,0.3261293,3.165646021857754,-1.0551828824978404e-05,0.0029641057301750457
True,False,0.0956650999996782,-7.996617456990096e-05,3.5008067090783013,0,VDP,vdp_181,20260751,S,5.501000000549538e-06,0.09567060099967875,0.4103659,3.4985727907552433,-8.664218634490961e-06,0.0006385227510374968
True,False,0.09172930000022461,-0.0010283907970481398,3.7255576482394823,0,VDP,vdp_182,20260751,S,5.501000000549538e-06,0.09173480100022516,0.4066368,3.7194183021238123,-7.22066010572231e-06,0.0016506199671503503
True,False,0.0950777999996717,-0.005343957235518615,2.6815158908010384,0,VDP,vdp_183,20260751,S,5.501000000549538e-06,0.09508330099967224,0.3795116,2.6728646581260063,-8.836275593004927e-06,0.0032366893881928278
True,False,0.10456460000023071,-0.0015090773186028916,3.393509112983154,1,VDP,vdp_184,20260751,S,5.501000000549538e-06,0.10457010100023126,0.3011405,3.388135151028304,-1.1318583032826623e-05,0.001586112039603444
True,False,0.1205549999995128,-0.006558686565128757,2.6003661486903797,1,VDP,vdp_185,20260751,S,5.501000000549538e-06,0.12056050099951335,0.2291439,2.5653330968734167,-1.0983814941745162e-05,0.013656336426509567
True,False,0.1140292000000045,-0.0001852542226763454,2.7091614497990104,1,VDP,vdp_186,20260751,S,5.501000000549538e-06,0.11403470100000504,0.1540469,2.6987634663538285,-1.2825981611286341e-05,0.0038528694992415063
True,False,0.12256630000047153,-0.001080278270946422,3.0129357818927374,1,VDP,vdp_187,20260751,S,5.501000000549538e-06,0.12257180100047207,0.5087924,2.9995140161589013,-7.429226271560285e-06,0.004474646779955235
True,False,0.0919926000005944,-0.0010533694539175409,2.806018094402334,0,VDP,vdp_188,20260751,S,5.501000000549538e-06,0.09199810100059494,0.3594005,2.8033695688241393,-9.794623328340801e-06,0.0009447650454825395
True,False,0.10708900000008725,-0.00041048868510484837,2.9237505261481043,1,VDP,vdp_189,20260751,S,5.501000000549538e-06,0.1070945010000878,0.2551503,2.9216077114470216,-1.1367254407423921e-05,0.0007334368309225833
True,False,0.09467949999998382,-1.594508173524689e-05,3.323921605835276,0,VDP,vdp_190,20260751,S,5.501000000549538e-06,0.09468500099998436,0.5691363,3.322459937285223,-6.1352089054111936e-06,0.0004399356433616946
True,False,0.09306910000032076,-0.000339668144767713,3.22407466401282,0,VDP,vdp_191,20260751,S,5.501000000549538e-06,0.0930746010003213,0.2585668,3.2225046347034287,-9.348115774576726e-06,0.00048720777387987265
True,False,0.1115470999993704,-0.001483305872895524,3.2750716100060004,1,VDP,vdp_192,20260751,S,5.501000000549538e-06,0.11155260099937095,0.2087691,3.2660700899431365,-1.4250267031223895e-05,0.0027560706950476503
True,False,0.10075270000015735,-1.2660102385098071e-05,2.51406985231193,0,VDP,vdp_193,20260751,S,5.501000000549538e-06,0.1007582010001579,0.2535193,2.5137969999624086,-1.1140978503021426e-05,0.00010854191866946204
True,False,0.10505110000030982,-0.0011062826092371192,2.5132199083156634,1,VDP,vdp_194,20260751,S,5.501000000549538e-06,0.10505660100031036,0.4125742,2.50723750686963,-6.702821658877145e-06,0.0023860529485706617
True,False,0.11745729999984178,-0.002263193863717816,3.270280374340078,1,VDP,vdp_195,20260751,S,5.501000000549538e-06,0.11746280099984233,0.3036567,3.2569946640261147,-1.0490994543754795e-05,0.004079131740897716
True,False,0.10709709999991901,-0.0006823415427057999,2.5005140498880536,1,VDP,vdp_196,20260751,S,5.501000000549538e-06,0.10710260099991956,0.2786851,2.494054171415092,-1.1190296689889134e-05,0.002590111532860664
True,False,0.09431450000010955,-0.0004961358777546554,3.1240968814833825,0,VDP,vdp_197,20260751,S,5.501000000549538e-06,0.09432000100011009,0.4687468,3.1181874060087518,-8.119663253369769e-06,0.0018951636656742161
True,False,0.10372539999934816,-0.0005044700717357076,3.579988601703656,1,VDP,vdp_198,20260751,S,5.501000000549538e-06,0.1037309009993487,0.3353229,3.575364548680721,-9.512107910503165e-06,0.0012933095240991164
True,False,0.11170789999960107,-3.269481777651295e-05,3.6731634127362405,1,VDP,vdp_199,20260751,S,5.501000000549538e-06,0.11171340099960161,0.2340286,3.6634122665506026,-7.521344878413938e-06,0.002661765991961197
True,False,0.12359039999955712,-0.006025011846518602,2.9998010566167723,1,VDP,vdp_200,20260751,S,5.501000000549538e-06,0.12359590099955767,0.2471358,2.9619298976727766,-1.1415983140472541e-05,0.012785974095386777
True,False,0.09641110000029585,-0.0014897469890202686,2.868367410050448,0,VDP,vdp_201,20260751,S,5.501000000549538e-06,0.09641660100029639,0.4842152,2.8644770361087186,-7.050636395944387e-06,0.0013581445732287073
True,False,0.10435669999969832,-0.0014912629911928987,3.4272972793674197,1,VDP,vdp_202,20260751,S,5.501000000549538e-06,0.10436220099969887,0.1750699,3.421495684790119,-1.4569333725511502e-05,0.0016956311250343001
True,False,0.10542660000010073,-0.00048003569874099927,2.9279581974694255,1,VDP,vdp_203,20260751,S,5.501000000549538e-06,0.10543210100010128,0.6510115,2.9247721565724247,-6.6526214980155984e-06,0.0010893296046467315
True,False,0.10501279999971302,-0.00018628390400043937,3.3619240591705983,1,VDP,vdp_204,20260751,S,5.501000000549538e-06,0.10501830099971357,0.3751992,3.360066364496984,-9.925557185763711e-06,0.0005528743995187464
True,False,0.0932223999998314,-0.004120816361619484,2.6438547909256096,0,VDP,vdp_205,20260751,S,5.501000000549538e-06,0.09322790099983194,0.3754373,2.637095643380855,-8.398182157698386e-06,0.002563102920336002
True,False,0.11247780000030616,-0.0024634611368067327,2.965541812230444,1,VDP,vdp_206,20260751,S,5.501000000549538e-06,0.1124833010003067,0.3552434,2.9352571873437867,-9.414827523979152e-06,0.010317537085758091
True,False,0.09280599999965489,-0.001477622665010614,2.7562886741685975,0,VDP,vdp_207,20260751,S,5.501000000549538e-06,0.09281150099965543,0.4365698,2.7514718095945465,-9.552921932276526e-06,0.001750650163761175
True,False,0.10471210000014253,-0.0009282922563064178,2.49250622412394,1,VDP,vdp_208,20260751,S,5.501000000549538e-06,0.10471760100014307,0.2657849,2.4854592024256603,-1.118784107406734e-05,0.0028352996868354022
True,False,0.09262660000058531,-0.00025338977416305974,3.6631084557077296,0,VDP,vdp_209,20260751,S,5.501000000549538e-06,0.09263210100058586,0.2786363,3.6598510924980556,-6.712506592565504e-06,0.0008900261588103639
True,False,0.11084909999954107,-0.0005041146023201382,2.951825385764535,1,VDP,vdp_210,20260751,S,5.501000000549538e-06,0.11085460099954161,0.3774354,2.9253340309706144,-9.355010993417068e-06,0.009055839269449438
True,False,0.09406750000016473,-0.00028325429277870073,2.5916012943475017,0,VDP,vdp_211,20260751,S,5.501000000549538e-06,0.09407300100016527,0.3998559,2.5901515835447393,-9.045985282341018e-06,0.0005597011433510258
True,False,0.1107056000000739,-0.0038384111206386518,3.1194001546137065,1,VDP,vdp_212,20260751,S,5.501000000549538e-06,0.11071110100007445,0.301421,3.0979782816723276,-1.1373138737058586e-05,0.006914791194021889
True,False,0.09275840000009339,-0.0060006964776462834,2.6869416441355773,0,VDP,vdp_213,20260751,S,5.501000000549538e-06,0.09276390100009393,0.3920047,2.677261964778252,-8.89969182354955e-06,0.0036155144639075354
True,False,0.11297169999943435,-0.0008907369936789755,3.1045533597898025,1,VDP,vdp_214,20260751,S,5.501000000549538e-06,0.1129772009994349,0.3866652,3.093488685634615,-1.0372488565169036e-05,0.0035767624451219053
True,False,0.11080109999966226,-0.00226642758672152,3.135104121652503,1,VDP,vdp_215,20260751,S,5.501000000549538e-06,0.1108066009996628,0.3280629,3.1126574814511834,-9.929949285836237e-06,0.0072114070806320795
True,False,0.09219889999985753,-0.0012734316600259143,2.7383040326195855,0,VDP,vdp_216,20260751,S,5.501000000549538e-06,0.09220440099985808,0.3023999,2.7339817614551296,-1.0756479632834104e-05,0.001580943671751292
True,False,0.09321710000040184,-0.00027023894051758646,3.5088740007672756,0,VDP,vdp_217,20260751,S,5.501000000549538e-06,0.09322260100040239,0.3074063,3.5056849859115515,-1.0472187959298385e-05,0.0009096695420552403
True,False,0.09669249999933527,-0.0008563862449781912,2.6282902571111344,0,VDP,vdp_218,20260751,S,5.501000000549538e-06,0.09669800099933581,0.1768188,2.6255182451445673,-1.2387441212569072e-05,0.0010557961163261442
True,False,0.10258510000039678,-0.001742802952186262,2.8987983900857923,1,VDP,vdp_219,20260751,S,5.501000000549538e-06,0.10259060100039732,0.3265603,2.8938396883246087,-1.0090034479159904e-05,0.0017135371324091802
True,False,0.09760569999980362,-0.0023357808243176237,2.833537238256749,0,VDP,vdp_220,20260751,S,5.501000000549538e-06,0.09761120099980417,0.2540842,2.8287818897764874,-1.1188365934278188e-05,0.0016810587261775636
True,False,0.10301930000059656,-0.000797930515100298,3.422963371907164,1,VDP,vdp_221,20260751,S,5.501000000549538e-06,0.1030248010005971,0.2542461,3.4191549045437095,-1.0146818681000536e-05,0.0011138621881077542
True,False,0.09703450000051816,-5.4958417894324096e-05,2.916402958388549,0,VDP,vdp_222,20260751,S,5.501000000549538e-06,0.09704000100051871,0.1912332,2.914466397358371,-1.3240961745375479e-05,0.0006644650396152448
True,False,0.10508449999997538,-0.0013676128451823866,3.028722816734137,1,VDP,vdp_223,20260751,S,5.501000000549538e-06,0.10509000099997592,0.1612999,3.0248412459846916,-1.3452896412913251e-05,0.0012832312289439499
True,False,0.11166679999951157,-0.0009734936639136382,3.524584779855852,1,VDP,vdp_224,20260751,S,5.501000000549538e-06,0.11167230099951211,0.2848851,3.498889013274217,-7.964435642382472e-06,0.007343978755584785
True,False,0.09347109999998793,-0.0009377853635389455,3.1042153357787456,0,VDP,vdp_225,20260751,S,5.501000000549538e-06,0.09347660099998847,0.1723796,3.101470358488315,-1.3519896878311233e-05,0.0008850567547479604
True,False,0.0937764000000243,-0.0007663652499979023,3.666385599079946,0,VDP,vdp_226,20260751,S,5.501000000549538e-06,0.09378190100002484,0.2250403,3.6615543733164597,-6.991097960096226e-06,0.001319446680539251
True,False,0.10577600000033271,-0.0011923921127064419,2.470309857201712,0,VDP,vdp_227,20260751,S,5.501000000549538e-06,0.10578150100033326,0.1805161,2.466303549143107,-1.2092294509713497e-05,0.0016244180729485624
True,False,0.09535180000057153,-0.000660760181822706,3.5245497815809834,0,VDP,vdp_228,20260751,S,5.501000000549538e-06,0.09535730100057208,0.2906351,3.519213041676233,-7.839513508356433e-06,0.0015164583222300886
True,False,0.10170749999997497,-0.00023321875930509828,3.4198551527567234,1,VDP,vdp_229,20260751,S,5.501000000549538e-06,0.10171300099997552,3.0296077,3.417703331068504,-1.1416891762039416e-05,0.0006296104371196304
True,False,0.11042799999995623,-2.7953678155889783e-05,3.2190494010391513,1,VDP,vdp_230,20260751,S,5.501000000549538e-06,0.11043350099995677,0.2955685,3.2111537445883673,-1.1140576503976263e-05,0.002458822304628105
True,False,0.09317310000005818,-0.0005334961494201651,2.5827352381066078,0,VDP,vdp_231,20260751,S,5.501000000549538e-06,0.09317860100005873,0.2590319,2.58162874689069,-1.1026857878904117e-05,0.0004286019890545561
True,False,0.10256949999984499,-0.0005742476336239588,2.503022779340951,1,VDP,vdp_232,20260751,S,5.501000000549538e-06,0.10257500099984554,0.3043125,2.49579412887438,-1.1130784914881175e-05,0.002896332827672373
True,False,0.09809150000000955,-0.0003599227205557387,3.576732868058294,0,VDP,vdp_233,20260751,S,5.501000000549538e-06,0.09809700100001009,0.1752847,3.5732108555046884,-1.5036776445431776e-05,0.000985671625893473
True,False,0.09474890000001324,-0.0009385623679262212,2.8642028879812966,0,VDP,vdp_234,20260751,S,5.501000000549538e-06,0.09475440100001378,0.4256878,2.861351140672258,-9.548334826359195e-06,0.0009966436025635108
True,False,0.12424839999948745,-0.006769666330214197,2.605959057419229,1,VDP,vdp_235,20260751,S,5.501000000549538e-06,0.12425390099948799,0.2665743,2.5673304213970893,-1.1112322014561471e-05,0.015046226890077742
True,False,0.10059750000073109,-0.0002536402617890898,2.9945946588615633,1,VDP,vdp_236,20260751,S,5.501000000549538e-06,0.10060300100073163,0.222609,2.990296279785607,-9.053581593310156e-06,0.001437442538725458
True,False,0.0899053000002823,-0.0007692605694230026,2.5227610443089152,0,VDP,vdp_237,20260751,S,5.501000000549538e-06,0.08991080100028284,0.2102604,2.5215829775852203,-1.1102782181748871e-05,0.0004671933202940178
True,False,0.11109539999961271,-0.0032348570145889766,3.0965922867825313,1,VDP,vdp_238,20260751,S,5.501000000549538e-06,0.11110090099961326,0.2983749,3.0716647619597084,-1.0304132618599304e-05,0.00811531425288717
True,False,0.10411539999950037,-0.003515328373896509,3.271393249469297,1,VDP,vdp_239,20260751,S,5.501000000549538e-06,0.10412090099950091,0.38887,3.2514109796550335,-1.0540416123527852e-05,0.006145722561465795
True,False,0.09464740000021266,-9.185035105402362e-05,2.756546337335818,0,VDP,vdp_240,20260751,S,5.501000000549538e-06,0.0946529010002132,0.262154,2.755313574000407,-1.0595984706041062e-05,0.00044741308105319933
True,False,0.10092750000058004,-0.00010169621638939086,2.6433448895814835,1,VDP,vdp_241,20260751,S,5.501000000549538e-06,0.10093300100058059,0.1665394,2.6426791866142074,-1.2566770036970265e-05,0.00025190457118216434
True,False,0.09139659999982541,-0.0016321826799427508,2.9737842474768743,0,VDP,vdp_242,20260751,S,5.501000000549538e-06,0.09140210099982596,0.6499283,2.9677325169153566,-5.5901885985809585e-06,0.0020391765521401797
True,False,0.1152938000004724,-0.004994826857247836,3.185711567787705,1,VDP,vdp_243,20260751,S,5.501000000549538e-06,0.11529930100047295,0.2027769,3.1600415879017474,-1.401089061842109e-05,0.008123304447712086
True,False,0.11581619999924442,-0.002323836122750722,3.233034100964411,1,VDP,vdp_244,20260751,S,5.501000000549538e-06,0.11582170099924496,0.3626667,3.2174460019320477,-1.0274395152998217e-05,0.00484486733359405
True,False,0.10515010000017355,-0.00033755197439916396,3.515650050155829,1,VDP,vdp_245,20260751,S,5.501000000549538e-06,0.1051556010001741,0.3103503,3.513689419946909,-9.287946703795402e-06,0.0005579975844734014
True,False,0.09376479999991716,-0.002092841029847803,2.8121033156588435,0,VDP,vdp_246,20260751,S,5.501000000549538e-06,0.0937703009999177,0.1714388,2.8079752627909356,-1.296391018668075e-05,0.0014701172487555886
True,False,0.09134389999962877,-0.003457840046614591,2.782072244217157,0,VDP,vdp_247,20260751,S,5.501000000549538e-06,0.09134940099962932,0.2063742,2.773679791541781,-1.2957989034223516e-05,0.0030257467718402308
True,False,0.1013332000002265,-8.045396633699076e-05,2.537905241855057,1,VDP,vdp_248,20260751,S,5.501000000549538e-06,0.10133870100022704,0.2518991,2.5335686224940592,-8.213405020829345e-06,0.00171166445719909
True,False,0.12725570000020525,-0.008923356503706903,2.6818314358698854,1,VDP,vdp_249,20260751,S,5.501000000549538e-06,0.1272612010002058,0.3852296,2.6549420911569737,-7.0793395074986165e-06,0.010128034356182074
True,False,0.11290399999961664,-0.0009083937731738101,2.8467892493429723,1,VDP,vdp_250,20260751,S,5.501000000549538e-06,0.11290950099961719,0.1909026,2.840635650217221,-1.3122095219475494e-05,0.002166275398705401
True,False,0.1063720000001922,-0.0012281304270846394,2.51709008082324,1,VDP,vdp_251,20260751,S,5.501000000549538e-06,0.10637750100019275,0.3260833,2.5135553818805936,-1.0927763799462031e-05,0.0014062546495402783
True,False,0.11015909999969153,-0.0014289858378953024,3.273701274064179,1,VDP,vdp_252,20260751,S,5.501000000549538e-06,0.11016460099969208,0.2192863,3.2648081006099248,-1.4248625736068554e-05,0.002723949824981354
True,False,0.10243869999976596,-0.0032392548015165445,2.7468019775710597,1,VDP,vdp_253,20260751,S,5.501000000549538e-06,0.1024442009997665,0.4050078,2.7331024899278917,-9.530985493610977e-06,0.0050124309987107036
True,False,0.11002079999980197,-0.0001691518226650257,3.533159180815238,1,VDP,vdp_254,20260751,S,5.501000000549538e-06,0.11002630099980251,0.3579809,3.512029248644797,-1.0070317454813349e-05,0.0060164453865509575
True,False,0.10115779999978258,-0.00413963231726544,2.874804625649028,1,VDP,vdp_255,20260751,S,5.501000000549538e-06,0.10116330099978313,0.2766903,2.866965656178153,-1.1777396896506254e-05,0.0027342390565377557
True,False,0.09428400000069814,-0.0006718333685472033,3.542871766758436,0,VDP,vdp_256,20260751,S,5.501000000549538e-06,0.09428950100069869,0.6968601,3.5376264131347943,-5.019079125812009e-06,0.001482732490962438
True,False,0.11292520000006334,-0.004606863508250791,3.035360530770907,1,VDP,vdp_257,20260751,S,5.501000000549538e-06,0.11293070100006389,0.2046107,3.004104282171348,-1.3603287882912873e-05,0.010404515177804443
True,False,0.09589479999976902,-0.0018600300244114298,2.829530931028984,0,VDP,vdp_258,20260751,S,5.501000000549538e-06,0.09590030099976957,0.2303997,2.8248400168187637,-1.1464268574956638e-05,0.0016605946468794357
True,False,0.11130779999984952,-0.00014406604063676998,3.172239280949309,1,VDP,vdp_259,20260751,S,5.501000000549538e-06,0.11131330099985007,0.3471403,3.1611198388952357,-1.0502018984781536e-05,0.0035175642243159325
True,False,0.11890859999948589,-0.004439514323645866,3.6003732183317756,1,VDP,vdp_260,20260751,S,5.501000000549538e-06,0.11891410099948643,0.1895178,3.543768634685398,-1.4860602572330794e-05,0.01597299075688746
True,False,0.09324879999985569,-0.0030498017179044212,2.7684192619512373,0,VDP,vdp_261,20260751,S,5.501000000549538e-06,0.09325430099985624,0.2642335,2.760743912532996,-1.1394422622268419e-05,0.002780174352064099
True,False,0.09350890000041545,-0.0006870976286301733,2.8663194298439327,0,VDP,vdp_262,20260751,S,5.501000000549538e-06,0.093514401000416,0.1744045,2.863168827273453,-1.3080501624018748e-05,0.0011003900784573046
True,False,0.09633239999948273,-0.0004066125009101196,3.5623726765460852,0,VDP,vdp_263,20260751,S,5.501000000549538e-06,0.09633790099948328,0.3179995,3.55802491732392,-8.949909419520008e-06,0.0012219586211991164
True,False,0.12020459999985178,-0.0025228164887329263,3.553464831026592,1,VDP,vdp_264,20260751,S,5.501000000549538e-06,0.12021010099985233,0.5907277,3.487523889263345,-7.941967456015497e-06,0.01890766740444472
True,False,0.12055210000016814,-0.0043025093046680785,3.6584168960386245,1,VDP,vdp_265,20260751,S,5.501000000549538e-06,0.12055760100016868,0.3498478,3.6049845666877003,-8.767260242126262e-06,0.014821791428643604
True,False,0.09534989999974641,-0.0007206763734589061,2.85960403086074,0,VDP,vdp_266,20260751,S,5.501000000549538e-06,0.09535540099974696,0.1672341,2.8561293810677615,-1.3008694960792155e-05,0.0012165589612329606
True,False,0.11113290000048437,-0.005474990880583563,2.725133466020156,1,VDP,vdp_267,20260751,S,5.501000000549538e-06,0.11113840100048492,0.1835612,2.708524525767104,-1.2857521883236078e-05,0.006132098895559413
True,False,0.10666839999976219,-0.0006952608682745942,3.6584791774882306,1,VDP,vdp_268,20260751,S,5.501000000549538e-06,0.10667390099976273,0.1726546,3.644707517911836,-1.2102566744665033e-05,0.003778536277249702
True,False,0.10428079999928741,-0.0012892597083175028,3.464054875957699,1,VDP,vdp_269,20260751,S,5.501000000549538e-06,0.10428630099928796,0.1900691,3.4593132887720204,-1.463387038996844e-05,0.0013706729601705334
True,False,0.10441900000023452,-0.00262888655937471,3.172064930994619,1,VDP,vdp_270,20260751,S,5.501000000549538e-06,0.10442450100023506,0.6191062,3.149803443084501,-7.75448221346231e-06,0.007067580029158261
True,False,0.09307689999968716,-8.712405457150796e-05,3.6117418276320614,0,VDP,vdp_271,20260751,S,5.501000000549538e-06,0.0930824009996877,0.3330354,3.608113788652533,-9.215042899302084e-06,0.0010055223288518754
True,False,0.09646169999996346,-0.0002498926274785429,2.893402297638171,0,VDP,vdp_272,20260751,S,5.501000000549538e-06,0.096467200999964,0.2716758,2.891281676768439,-1.1292217120761894e-05,0.0007334535707023858
True,False,0.11372670000037033,-0.00046766487785082633,2.9238608455982,2,VDP,vdp_273,20260751,S,5.501000000549538e-06,0.11373220100037087,0.3606056,2.919270580333111,-1.0101545280527535e-05,0.0015724014402820768
True,False,0.10609500000009575,-0.00027700282552078903,3.1601803676153066,1,VDP,vdp_274,20260751,S,5.501000000549538e-06,0.1061005010000963,0.2996557,3.1410955404094856,-9.575986841203754e-06,0.006075850594258932
True,False,0.11209459999918181,-0.00623056230394603,2.648166185534144,1,VDP,vdp_275,20260751,S,5.501000000549538e-06,0.11210010099918236,0.1916022,2.621053392290793,-1.2420882608110695e-05,0.01034423538379518
True,False,0.11266880000039237,-3.897492901477895e-05,3.114300800391195,1,VDP,vdp_276,20260751,S,5.501000000549538e-06,0.11267430100039291,0.3518325,3.1025206529544427,-1.0341539961766788e-05,0.0037969601992929795
True,False,0.12189189999935479,-0.0008661705150164178,3.4881335192482195,1,VDP,vdp_277,20260751,S,5.501000000549538e-06,0.12189740099935534,0.4346813,3.4607477346065587,-9.278626402153822e-06,0.00791325653927623
True,False,0.10126680000030319,-0.0006775312565638902,3.092107423858419,1,VDP,vdp_278,20260751,S,5.501000000549538e-06,0.10127230100030374,0.1581037,3.088321669422371,-1.3597604752946246e-05,0.0012258290558043068
True,False,0.11572130000058678,-0.005337273753698635,3.0617024579612586,1,VDP,vdp_279,20260751,S,5.501000000549538e-06,0.11572680100058733,0.4207384,3.031207651134885,-9.999230796808867e-06,0.010060283007980819
True,False,0.1105624000001626,-0.0057239273317060135,2.7310436689760746,1,VDP,vdp_280,20260751,S,5.501000000549538e-06,0.11056790100016314,0.1628011,2.7128641574586485,-1.2877191551075029e-05,0.0067012244116403915
True,False,0.12201220000042667,-0.012754187652547433,2.9604428283548003,1,VDP,vdp_281,20260751,S,5.501000000549538e-06,0.12201770100042722,0.5223494,2.9177449784595164,-8.125856972851508e-06,0.01463385258496002
True,False,0.12323360000027606,-0.0013613245604207624,2.9254472493271466,1,VDP,vdp_282,20260751,S,5.501000000549538e-06,0.1232391010002766,0.3492035,2.893101467423693,-1.0447837388183334e-05,0.011180313676401316
True,False,0.10173429999940709,-0.001674878223470122,2.9021668255039295,1,VDP,vdp_283,20260751,S,5.501000000549538e-06,0.10173980099940763,0.2266027,2.898236890804583,-1.3301904025930789e-05,0.0013559742862342995
True,False,0.10017729999981384,-0.003912040186803356,2.815919800992176,1,VDP,vdp_284,20260751,S,5.501000000549538e-06,0.10018280099981439,0.190674,2.8073353698813177,-1.3158033924987045e-05,0.003057857355753476
True,False,0.09566029999950842,-0.0010933210623566003,2.8114296545476267,0,VDP,vdp_285,20260751,S,5.501000000549538e-06,0.09566580099950897,0.4159614,2.80876804875376,-9.788722348302858e-06,0.0009476061204298508
True,False,0.12104160000035336,-0.0015967394645863275,3.1361769878568277,1,VDP,vdp_286,20260751,S,5.501000000549538e-06,0.1210471010003539,0.3189537,3.118047231694473,-1.0928969451262649e-05,0.005814458478392621
True,False,0.10955349999949249,-0.0018563819856810548,3.3781381163714026,1,VDP,vdp_287,20260751,S,5.501000000549538e-06,0.10955900099949303,0.2948134,3.36726042507265,-1.1815322525698946e-05,0.00323042768470099
True,False,0.09310940000068513,-0.00024044129386796564,3.2052665042260133,0,VDP,vdp_288,20260751,S,5.501000000549538e-06,0.09311490100068567,0.2405241,3.2038191959325584,-9.503330213156413e-06,0.00045174468499733323
True,False,0.09384359999967273,-0.00023739904255454247,2.5559026373572045,0,VDP,vdp_289,20260751,S,5.501000000549538e-06,0.09384910099967328,0.2309272,2.5553070876904087,-1.1083100502795595e-05,0.0002330638339574444
True,False,0.0942135999994207,-0.0022017539406608555,2.6703129281013758,0,VDP,vdp_290,20260751,S,5.501000000549538e-06,0.09421910099942124,0.2778592,2.6652974674186796,-1.162307472257762e-05,0.0018817639471790893
True,False,0.10434799999984534,-0.000551805452381926,3.085052955139158,1,VDP,vdp_291,20260751,S,5.501000000549538e-06,0.10435350099984589,0.2984452,3.078992220051843,-9.941155817760894e-06,0.0019684152002219565
True,False,0.0923291999997673,-0.0028888299895293845,2.757435286570823,0,VDP,vdp_292,20260751,S,5.501000000549538e-06,0.09233470099976784,0.2568261,2.7493590222739406,-1.138444920095738e-05,0.002937508063316829
True,False,0.10388249999959953,-0.002123336079999205,2.964587876939496,1,VDP,vdp_293,20260751,S,5.501000000549538e-06,0.10388800099960008,0.423756,2.95853106515809,-9.860362037872328e-06,0.00204723616146397
True,False,0.10177529999964463,-3.880254708760189e-05,3.3249119221353696,1,VDP,vdp_294,20260751,S,5.501000000549538e-06,0.10178080099964518,0.5779524,3.3068653890290722,-6.003680619925955e-06,0.005457292929482071
True,False,0.10618530000010651,-0.0015720059465980096,3.3654125629973994,1,VDP,vdp_295,20260751,S,5.501000000549538e-06,0.10619080100010705,0.3783887,3.357520188333675,-9.090308984271989e-06,0.0023506559070435424
True,False,0.09153460000015912,-0.0013605017888276838,2.867230020069642,0,VDP,vdp_296,20260751,S,5.501000000549538e-06,0.09154010100015966,0.2558732,2.8635471365066634,-1.1316450660492361e-05,0.0012861263975810146
True,False,0.11632710000048974,-0.0037955126340334377,3.2533211673727527,1,VDP,vdp_297,20260751,S,5.501000000549538e-06,0.11633260100049028,0.5216499,3.232482140798786,-8.699870789330433e-06,0.006446756908861701
True,False,0.10163499999998749,-0.002037776728775642,3.3807475384716206,1,VDP,vdp_298,20260751,S,5.501000000549538e-06,0.10164050099998803,0.1818033,3.3678275831751745,-1.4606113640902585e-05,0.003836287629744154
True,False,0.10533519999989949,-0.003417383835551402,3.2792133526455776,1,VDP,vdp_299,20260751,S,5.501000000549538e-06,0.10534070099990003,0.2979798,3.262023404334036,-1.1775301888450329e-05,0.00526971949027167
True,False,0.11289970000052563,-0.003980463570306958,3.124138550698133,1,VDP,vdp_300,20260751,S,5.501000000549538e-06,0.11290520100052617,0.2917224,3.102510205393543,-1.1163359977472975e-05,0.006971240664088816
True,False,0.10902540000006411,-0.001238444212217249,3.318515499245084,1,VDP,vdp_301,20260751,S,5.501000000549538e-06,0.10903090100006466,0.4839023,3.3123547014740957,-8.12240641401285e-06,0.001859945062117468
True,False,0.09588449999955628,-0.0003361347485634769,3.438151245389619,0,VDP,vdp_302,20260751,S,5.501000000549538e-06,0.09589000099955683,0.3149159,3.43338503527925,-6.780433126740704e-06,0.0013881956324135528
True,False,0.0959300999993502,-0.012897951990651246,2.6074353460125574,0,VDP,vdp_303,20260751,S,5.501000000549538e-06,0.09593560099935075,0.4043558,2.5833118018478167,-7.252863412798849e-06,0.009338223960222452
True,False,0.1110145000002376,-0.0002779044452862478,3.18757665941735,1,VDP,vdp_304,20260751,S,5.501000000549538e-06,0.11102000100023815,0.3593719,3.17617243728013,-1.0279258150780457e-05,0.0035905550981311847
True,False,0.0980109000001903,-0.0007921418886550624,2.684557878415924,0,VDP,vdp_305,20260751,S,5.501000000549538e-06,0.09801640100019085,0.3585345,2.6803391530433966,-9.45360898269021e-06,0.001573952075332351
True,False,0.10441590000027645,-0.0004683099882617503,2.504928705756605,1,VDP,vdp_306,20260751,S,5.501000000549538e-06,0.104421401000277,0.1730219,2.498388586275249,-1.2134962004306526e-05,0.002617735094245905
True,False,0.10438859999976557,-0.000700193141547234,2.541329888459097,1,VDP,vdp_307,20260751,S,5.501000000549538e-06,0.10439410099976612,0.2204041,2.5393889993825636,-1.0975551241687587e-05,0.0007643134143707299
True,False,0.10321979999935138,-0.0027238399226374166,3.314788168624252,1,VDP,vdp_308,20260751,S,5.501000000549538e-06,0.10322530099935193,0.3119943,3.3011288630491804,-8.757832715700076e-06,0.0041377680610913065
True,False,0.11356859999978042,-0.0019283678108658053,3.318927935546806,1,VDP,vdp_309,20260751,S,5.501000000549538e-06,0.11357410099978096,0.3135397,3.3082044063696023,-1.0076992009222518e-05,0.003241495343080021
True,False,0.10086349999983213,-0.002097148251414993,3.347197976163069,1,VDP,vdp_310,20260751,S,5.501000000549538e-06,0.10086900099983268,0.1888422,3.3381485178342913,-1.4369379845557972e-05,0.0027109214225880963
True,False,0.09694709999985207,-8.120438210834635e-05,3.5265679732036053,0,VDP,vdp_311,20260751,S,5.501000000549538e-06,0.09695260099985262,0.2763865,3.5238269773015904,-1.0920197117791908e-05,0.0007778463357226943
True,False,0.09300660000008065,-6.996240268231091e-07,3.539110337485798,0,VDP,vdp_312,20260751,S,5.501000000549538e-06,0.0930121010000812,0.2686224,3.536688775447073,-1.1150479721111495e-05,0.0006846975214602508
True,False,0.11797240000032616,-0.00516671787689682,3.6847813900765134,1,VDP,vdp_313,20260751,S,5.501000000549538e-06,0.11797790100032671,0.4107706,3.62225674535252,-7.219023024640503e-06,0.01726124046955391
True,False,0.118039800000588,-0.0042531242938258496,3.668636064211311,1,VDP,vdp_314,20260751,S,5.501000000549538e-06,0.11804530100058855,0.321479,3.615635918399753,-8.855079535907695e-06,0.01465859588954844
True,False,0.09394730000076379,-8.60104970351605e-06,2.669575468672774,0,VDP,vdp_315,20260751,S,5.501000000549538e-06,0.09395280100076434,0.1691035,2.6680477469018813,-1.2658444436541849e-05,0.0005725991120910954
True,False,0.11684090000017022,-0.005632305256575654,3.736699136396239,1,VDP,vdp_316,20260751,S,5.501000000549538e-06,0.11684640100017077,0.2864508,3.6824547798794907,-7.669395654774647e-06,0.01473048815511143
True,False,0.09521330000006856,-0.0020408717853071523,2.8108025063550994,0,VDP,vdp_317,20260751,S,5.501000000549538e-06,0.0952188010000691,0.3161505,2.804494453911111,-1.0679431676652307e-05,0.0022492654371954056
True,False,0.09644260000004579,-0.00026012503786332353,2.5508187650218974,0,VDP,vdp_318,20260751,S,5.501000000549538e-06,0.09644810100004633,0.2674714,2.5501929614178542,-1.1081440745686066e-05,0.0002453946087653112
True,False,0.09228880000046047,-1.8702551403737555e-05,3.49719638794339,0,VDP,vdp_319,20260751,S,5.501000000549538e-06,0.09229430100046102,0.3159285,3.49471190495451,-1.0425005315783942e-05,0.0007109264100876643
True,False,0.1085296000001108,-0.002944164416424311,2.480181562867718,1,VDP,vdp_320,20260751,S,5.501000000549538e-06,0.10853510100011135,0.1819229,2.4699389805063428,-1.2088374082175335e-05,0.004146896924261537
True,False,0.0989095000004454,-0.000307507248922978,2.878196646759409,0,VDP,vdp_321,20260751,S,5.501000000549538e-06,0.09891500100044595,0.209905,2.876558049813011,-1.2992485729057535e-05,0.0005696380598001187
True,False,0.09367670000028738,-0.0012038899294740668,2.4647529121502516,0,VDP,vdp_322,20260751,S,5.501000000549538e-06,0.09368220100028793,0.270209,2.461126337139371,-1.1042218121981584e-05,0.0014735428068662565
True,False,0.10374959999990097,-0.0016701932770734618,3.360219211120469,1,VDP,vdp_323,20260751,S,5.501000000549538e-06,0.10375510099990151,0.2216757,3.3518387829179974,-1.0262326211152306e-05,0.0025002479967654702
True,False,0.09591379999983474,-0.0004378840858954014,2.74077676149219,0,VDP,vdp_324,20260751,S,5.501000000549538e-06,0.09591930099983528,0.3428733,2.738844672213391,-9.770046452861614e-06,0.0007054395228765024
True,False,0.09519670000008773,-0.001180727117580993,2.509732107656019,0,VDP,vdp_325,20260751,S,5.501000000549538e-06,0.09520220100008828,0.2559978,2.507590696766472,-1.0976350810432134e-05,0.0008539714604572909
True,False,0.09312839999984135,-0.0008851423151883253,3.5982673166937693,0,VDP,vdp_326,20260751,S,5.501000000549538e-06,0.0931339009998419,0.275618,3.5935818524893093,-1.1302248900668665e-05,0.0013038423491632354
True,False,0.09669960000064748,-0.00036014348810559094,2.7125505777623773,0,VDP,vdp_327,20260751,S,5.501000000549538e-06,0.09670510100064802,0.3591598,2.7091592421734805,-8.870576375552552e-06,0.0012518037094696747
True,False,0.10995249999996304,-0.0019402559703443623,3.273308865906532,1,VDP,vdp_328,20260751,S,5.501000000549538e-06,0.10995800099996358,0.3373122,3.260994217456511,-1.0724998371292038e-05,0.003776347834074304
True,False,0.11477079999986017,-0.006109183858061695,2.6113207287031646,1,VDP,vdp_329,20260751,S,5.501000000549538e-06,0.11477630099986072,0.3329119,2.5800827707581804,-1.0886579783986328e-05,0.012107347213440223
True,False,0.09399840000060067,-0.0008174744309488169,2.7720197264424025,0,VDP,vdp_330,20260751,S,5.501000000549538e-06,0.09400390100060121,0.5338491,2.766241162362418,-7.758424875548009e-06,0.002088958894332027
True,False,0.09351860000060697,-0.0005713816143558814,2.5272918124312636,0,VDP,vdp_331,20260751,S,5.501000000549538e-06,0.09352410100060751,0.1948947,2.525451354721135,-1.2230357260500924e-05,0.0007287638729163943
True,False,0.11153210000065883,-0.00010468284163694941,3.2850496845867827,1,VDP,vdp_332,20260751,S,5.501000000549538e-06,0.11153760100065938,0.2445524,3.2763912998219977,-9.540120853801515e-06,0.0026426589416396556
True,False,0.11064220000025671,-0.0047475277337779564,2.763204343761768,1,VDP,vdp_333,20260751,S,5.501000000549538e-06,0.11064770100025725,0.1955511,2.750961807791557,-1.298699968593775e-05,0.004450274785908113
True,False,0.09178549999978713,-8.751273006568638e-05,3.433753391432887,0,VDP,vdp_334,20260751,S,5.501000000549538e-06,0.09179100099978768,0.2940694,3.4305794896078066,-1.109340746352494e-05,0.0009251795023828788
True,False,0.11702770000010787,-0.003732137873807495,3.2544703949540814,1,VDP,vdp_335,20260751,S,5.501000000549538e-06,0.11703320100010842,0.2649529,3.2344021316446727,-1.1772713156499304e-05,0.006204628395790759
True,False,0.10471479999978328,-6.916456234695723e-05,2.595800008670699,1,VDP,vdp_336,20260751,S,5.501000000549538e-06,0.10472030099978383,0.1725506,2.5943459744494755,-1.2531388350944805e-05,0.0005604627276175165
True,False,0.12289239999972779,-0.005931760653292761,3.01052056528387,1,VDP,vdp_337,20260751,S,5.501000000549538e-06,0.12289790099972833,0.3342001,2.977606724937801,-1.0256867639113487e-05,0.011053790304277493
True,False,0.09439250000013999,-0.0004104718064844026,3.614963176806385,0,VDP,vdp_338,20260751,S,5.501000000549538e-06,0.09439800100014054,0.4624414,3.6110793035045297,-9.209362486384265e-06,0.0010755436187973168
True,False,0.12454749999960768,-0.002226144876781966,3.488671623564079,1,VDP,vdp_339,20260751,S,5.501000000549538e-06,0.12455300099960823,0.7580068,3.4130098203023227,-6.3303061570429975e-06,0.022168645050969802
True,False,0.10266200000023673,-0.0009426619632057487,2.67612529375006,1,VDP,vdp_340,20260751,S,5.501000000549538e-06,0.10266750100023728,0.1796246,2.6736467958972105,-1.2603203397798524e-05,0.0009270102006940185
True,False,0.11331419999987702,-0.0021330769123439897,3.3266200667847268,1,VDP,vdp_341,20260751,S,5.501000000549538e-06,0.11331970099987757,0.3290952,3.3173687018529394,-1.094819195257557e-05,0.0027887659658149965
True,False,0.0953177000001233,-0.0015161284023176846,3.122384430585345,0,VDP,vdp_342,20260751,S,5.501000000549538e-06,0.09532320100012384,0.4021797,3.118919415911173,-1.0536498418201035e-05,0.0011109663996110802
True,False,0.10841160000018135,-0.002066972607746853,2.9941007736875154,1,VDP,vdp_343,20260751,S,5.501000000549538e-06,0.1084171010001819,0.5249347,2.9859655476096947,-6.956033392457872e-06,0.0027244875897289057
True,False,0.10428900000079011,-0.0011572405235441008,2.8977298648859393,1,VDP,vdp_344,20260751,S,5.501000000549538e-06,0.10429450100079066,0.1985725,2.894718389661473,-1.3278282769035865e-05,0.0010403344364073015
True,False,0.11310239999966143,-0.003736595324385694,3.131274677157166,1,VDP,vdp_345,20260751,S,5.501000000549538e-06,0.11310790099966198,0.3376247,3.111115568955718,-1.1251296719416715e-05,0.006479704065835933
True,False,0.09374410000054922,-0.0002434931196945156,2.535936450485081,0,VDP,vdp_346,20260751,S,5.501000000549538e-06,0.09374960100054977,0.2767549,2.5354597024647547,-1.1157036316600255e-05,0.0001880321820390347
True,False,0.09352560000024823,-0.0014622596625181727,3.4045483118994486,0,VDP,vdp_347,20260751,S,5.501000000549538e-06,0.09353110100024878,0.6478365,3.3993814245376717,-6.865322017879372e-06,0.0015199492838552727
True,False,0.09436819999973522,-0.000934041735433877,3.130246170488607,0,VDP,vdp_348,20260751,S,5.501000000549538e-06,0.09437370099973577,0.3497568,3.1265229754523762,-1.0266046311546706e-05,0.0011908420521656118
True,False,0.10168400000020483,-0.0014279822687013888,3.320842289589628,1,VDP,vdp_349,20260751,S,5.501000000549538e-06,0.10168950100020538,0.4543015,3.304124010120443,-7.048143250087957e-06,0.005059822033912013
True,False,0.12413279999964288,-0.0018626686331608133,3.55759340644957,1,VDP,vdp_350,20260751,S,5.501000000549538e-06,0.12413830099964343,0.2043564,3.4921352819052256,-1.4403958052244814e-05,0.01874444122583699
True,False,0.11193870000079187,-0.0057185393312957356,3.18201096599573,1,VDP,vdp_351,20260751,S,5.501000000549538e-06,0.11194420100079241,0.3060848,3.153004800180716,-9.181416071424309e-06,0.009199531130860165
True,False,0.12419250000039028,-0.005291320147183587,3.0188365606519802,1,VDP,vdp_352,20260751,S,5.501000000549538e-06,0.12419800100039083,0.3058287,2.9858166574993543,-1.1477369573020813e-05,0.011058918527261605
True,False,0.10186830000020564,-0.0021549889530143584,3.366420778937671,1,VDP,vdp_353,20260751,S,5.501000000549538e-06,0.10187380100020618,0.5484135,3.353540544365671,-8.990566422728552e-06,0.003840786894209556
True,False,0.11495429999922635,-0.006435216763682694,3.076839157385223,1,VDP,vdp_354,20260751,S,5.501000000549538e-06,0.1149598009992269,0.517036,3.0457496637306805,-6.656373279956274e-06,0.010207501300833042
True,False,0.09332890000041516,-0.0006426340584052559,2.7830091118568387,0,VDP,vdp_355,20260751,S,5.501000000549538e-06,0.0933344010004157,0.2133174,2.778962378360968,-1.284631467957098e-05,0.0014562030516791983
True,False,0.10325100000045495,-0.001808507862193165,3.415381221855647,1,VDP,vdp_356,20260751,S,5.501000000549538e-06,0.1032565010004555,0.6129398,3.4072876271490387,-6.366919530598203e-06,0.002375377600094372
True,False,0.09464159999970434,-0.0034662910360158117,2.7956072330043154,0,VDP,vdp_357,20260751,S,5.501000000549538e-06,0.09464710099970489,0.2501108,2.7873045416829805,-1.1321188711777008e-05,0.0029787528406643696
True,False,0.12739740000051825,-0.005544809509630599,2.992130177632935,1,VDP,vdp_358,20260751,S,5.501000000549538e-06,0.1274029010005188,0.4392803,2.955225959072243,-1.0170785594731946e-05,0.012487782346185692
True,False,0.09750799999983428,-0.001497259231692527,3.6148858297782787,0,VDP,vdp_359,20260751,S,5.501000000549538e-06,0.09751350099983483,0.3471792,3.608707165612796,-1.164383556812032e-05,0.0017121544868918864
True,False,0.09506899999996676,-0.000541235051710498,3.5275365106444667,0,VDP,vdp_360,20260751,S,5.501000000549538e-06,0.09507450099996731,0.2838277,3.5235830912630814,-1.0632675596589092e-05,0.0011219884075354975
True,False,0.0910291000000143,-0.0003181182906025759,3.546763925736326,0,VDP,vdp_361,20260751,S,5.501000000549538e-06,0.09103460100001484,0.3000323,3.5434493894173396,-1.0318298925060532e-05,0.0009353982390395066
True,False,0.11173880000023928,-0.003659971515719729,3.0474776236735606,1,VDP,vdp_362,20260751,S,5.501000000549538e-06,0.11174430100023983,0.1737905,3.019500237311944,-1.334639243993907e-05,0.009265568525512937
True,False,0.11550349999924947,-0.005936440829102774,2.6608452422375852,1,VDP,vdp_363,20260751,S,5.501000000549538e-06,0.11550900099925002,0.1895777,2.6335356485439925,-1.266895730162032e-05,0.010369935075187405
True,False,0.10189949999949022,-0.0011685078980143704,3.0150225840369673,1,VDP,vdp_364,20260751,S,5.501000000549538e-06,0.10190500099949076,0.286921,3.011746195348631,-1.1003630325301383e-05,0.0010878701178061835
True,False,0.10542369999984658,-0.004207004165875883,2.8136137298249446,1,VDP,vdp_365,20260751,S,5.501000000549538e-06,0.10542920099984712,0.1811726,2.8037708953627942,-1.3111737813875646e-05,0.0035105701676373174
True,False,0.11205189999964205,-0.0010934319718178265,2.9493323312161626,2,VDP,vdp_366,20260751,S,5.501000000549538e-06,0.11205740099964259,0.2972017,2.9471777315891754,-1.178484977393257e-05,0.0007310721725036114
True,False,0.11350219999985711,-0.00015234434459071577,3.554055511004524,1,VDP,vdp_367,20260751,S,5.501000000549538e-06,0.11350770099985766,0.3456956,3.5302117419591514,-9.414789057082817e-06,0.006754203653557632
True,False,0.09030069999971602,-0.000497336083006894,2.5564577327997497,0,VDP,vdp_368,20260751,S,5.501000000549538e-06,0.09030620099971656,0.293715,2.554926438627097,-1.080414782100858e-05,0.0005993496131636971
True,False,0.0951693000006344,-0.001026056059353131,2.605655137523256,0,VDP,vdp_369,20260751,S,5.501000000549538e-06,0.09517480100063494,0.2848828,2.602839091536515,-1.0880528699186431e-05,0.0010819132061976268
True,False,0.12123419999988982,-0.0003858599075031166,3.23619872788804,1,VDP,vdp_370,20260751,S,5.501000000549538e-06,0.12123970099989037,0.2990216,3.1538785081586522,-9.366137847854894e-06,0.026101265320283135
True,False,0.10426659999939147,-2.1815681114312202e-05,2.6031979325339565,1,VDP,vdp_371,20260751,S,5.501000000549538e-06,0.10427210099939202,0.2303843,2.602803200748409,-1.1072298800984814e-05,0.0001516564085343734
True,False,0.09293869999964954,-0.001250020089187287,2.679310037676893,0,VDP,vdp_372,20260751,S,5.501000000549538e-06,0.09294420099965009,0.5933204,2.6770648677431583,-6.272286283304229e-06,0.0008386684838261733
True,False,0.09416390000023966,-0.0004827782184024798,2.853514720947715,0,VDP,vdp_373,20260751,S,5.501000000549538e-06,0.09416940100024021,0.3478833,2.8516561250290464,-9.524615334488562e-06,0.0006517601832688074
True,False,0.0987278000002334,-0.00026738587648039713,3.4460210478823994,0,VDP,vdp_374,20260751,S,5.501000000549538e-06,0.09873330100023395,0.8288633,3.442021410460081,-5.26672620726476e-06,0.0011620024820774523
True,False,0.09612519999973301,-0.000977187126780965,3.0583615757069293,0,VDP,vdp_375,20260751,S,5.501000000549538e-06,0.09613070099973356,0.4089536,3.055518448664115,-1.0448125711548517e-05,0.0009304892412145135
True,False,0.11957130000064353,-0.005895186891450244,2.669918075137166,1,VDP,vdp_376,20260751,S,5.501000000549538e-06,0.11957680100064408,0.2491671,2.6445630202924075,-1.1434290440148764e-05,0.00958761604476902
True,False,0.10413140000036947,-1.4302716920266967e-05,3.4238655055179863,1,VDP,vdp_377,20260751,S,5.501000000549538e-06,0.10413690100037001,0.3101741,3.4223719829396164,-9.777698061153028e-06,0.0004363998378361632
True,False,0.09397709999939252,-0.0004567845660014558,3.576841331648873,0,VDP,vdp_378,20260751,S,5.501000000549538e-06,0.09398260099939307,0.5449352,3.572336543177018,-7.360608933359991e-06,0.0012610201803240294
True,False,0.0972341000006054,-0.002406977473874805,2.8108048568603374,0,VDP,vdp_379,20260751,S,5.501000000549538e-06,0.09723960100060594,0.2773897,2.8057808518868796,-1.182937472765655e-05,0.001790590655032504
True,False,0.09343960000023799,-0.00048166869571186766,2.7244103411508407,0,VDP,vdp_380,20260751,S,5.501000000549538e-06,0.09344510100023853,0.3335607,2.7194952429363415,-9.520999600109992e-06,0.0018073567980182183
True,False,0.11220890000004147,-0.000994904683169373,2.9523400166836806,2,VDP,vdp_381,20260751,S,5.501000000549538e-06,0.11221440100004201,0.543683,2.950511068993217,-7.503360040794771e-06,0.0006198748785198355
True,False,0.0909603000000061,-0.002781284578692922,2.767419136001799,0,VDP,vdp_382,20260751,S,5.501000000549538e-06,0.09096580100000665,0.6254683,2.760455473557298,-6.580529453681372e-06,0.0025226497986316166
True,False,0.09326880000025994,-0.0032001736938963576,2.8169458268999463,0,VDP,vdp_383,20260751,S,5.501000000549538e-06,0.09327430100026049,0.4060443,2.8097725939486016,-9.901969009795675e-06,0.002552958544329788
True,False,0.1105053000001135,-0.006325388859311276,2.638913122318927,1,VDP,vdp_384,20260751,S,5.501000000549538e-06,0.11051080100011404,0.2517965,2.610831208763846,-1.0974237470484649e-05,0.010755928403497653
True,False,0.0892307999993136,-0.0006415077592463736,3.451040398029219,0,VDP,vdp_385,20260751,S,5.501000000549538e-06,0.08923630099931415,0.4206323,3.446297989361976,-7.521545027366905e-06,0.0013760878141941917
True,False,0.09133290000045236,-0.0020583613634717057,2.738202130012277,0,VDP,vdp_386,20260751,S,5.501000000549538e-06,0.0913384010004529,0.2857941,2.7347274477347976,-1.1185712234351719e-05,0.001270577175929439
True,False,0.1087320999995427,-0.0016617237506643123,3.2752179120275087,1,VDP,vdp_387,20260751,S,5.501000000549538e-06,0.10873760099954324,0.3056568,3.2629256218921228,-1.0013006808917702e-05,0.0037672602933124136
True,False,0.09390950000033627,-0.0009659306070031737,2.609246178140819,0,VDP,vdp_388,20260751,S,5.501000000549538e-06,0.09391500100033681,0.1647052,2.607737260187224,-1.2548563285530445e-05,0.0005786311284622545
True,False,0.09072629999991477,-0.0011573246865900777,3.0110366604677696,0,VDP,vdp_389,20260751,S,5.501000000549538e-06,0.09073180099991532,0.2965915,3.004624718779026,-1.082743679425846e-05,0.002134024142405846
True,False,0.10211100000014994,-0.0009726114419970067,2.518287794724022,1,VDP,vdp_390,20260751,S,5.501000000549538e-06,0.10211650100015049,0.2736224,2.5126575070888197,-1.1113860774014661e-05,0.002240770029069991
True,False,0.09363359999952081,-0.002058313783826593,3.666533973103619,0,VDP,vdp_391,20260751,S,5.501000000549538e-06,0.09363910099952136,0.2568598,3.6578746684478727,-7.739450501142997e-06,0.0023673049080767212
True,False,0.09196929999961867,-0.0015766819873754279,2.483273804257236,0,VDP,vdp_392,20260751,S,5.501000000549538e-06,0.09197480099961922,0.5007144,2.47950761662062,-7.546570378491602e-06,0.0015189256170744124
True,False,0.11932340000021213,-0.011851865799670902,3.095218697097039,1,VDP,vdp_393,20260751,S,5.501000000549538e-06,0.11932890100021268,0.3128764,3.0475102933734006,-9.955064954159099e-06,0.015654878615956366
True,False,0.0903400999995938,-0.0007147348789554031,3.574575642737827,0,VDP,vdp_394,20260751,S,5.501000000549538e-06,0.09034560099959435,0.4027815,3.570476662419178,-1.0162128791790792e-05,0.001148020476311304
True,False,0.11219120000077965,-0.00423150238456943,3.1032634225133315,1,VDP,vdp_395,20260751,S,5.501000000549538e-06,0.11219670100078019,0.1710886,3.0798128188710105,-1.368506281362869e-05,0.0076142950956731995
True,False,0.100527399999919,-0.00048508985382667014,2.8254945098086597,1,VDP,vdp_396,20260751,S,5.501000000549538e-06,0.10053290099991954,0.2226169,2.82444870000107,-1.1805528341957139e-05,0.0003702704204149436
True,False,0.09358310000061465,-0.00018134164818428555,2.8717842522506474,0,VDP,vdp_397,20260751,S,5.501000000549538e-06,0.0935886010006152,0.1885506,2.8704671900482306,-1.2971629534452855e-05,0.00045883200023430883
True,False,0.12400120000074821,-0.006920667494118349,2.5963422299984544,1,VDP,vdp_398,20260751,S,5.501000000549538e-06,0.12400670100074876,0.1618665,2.561017691712058,-1.2361995138043813e-05,0.013793164491097984
True,False,0.11286139999992884,-0.0010519725846518946,3.2185632906760193,1,VDP,vdp_399,20260751,S,5.501000000549538e-06,0.11286690099992938,2.6771617,3.207343553427387,-1.409443276623179e-05,0.0034981401467401195
True,False,0.12266009999984817,-0.0004742003976072606,2.6953686825321252,1,VDP,vdp_400,20260751,S,5.501000000549538e-06,0.12266560099984872,0.5099409,2.684454426911825,-5.853501599095701e-06,0.0040657257992104566
True,False,0.13488230000075419,-0.009528959486498567,-0.7708235203963201,1,Penicillin,pen_001,20260761,S+true-KKT,2.709749999212363e-06,0.1348850097507534,3.9246682,-0.773146763855378,-1.41465291457199e-05,0.00300491907574285
True,False,0.14863439999953698,-0.007109205196186352,-0.7685955177846362,2,Penicillin,pen_002,20260761,S+true-KKT,2.709749999212363e-06,0.1486371097495362,3.8983993,-0.7732054804396253,-1.4145873071191861e-05,0.005962144309127286
True,False,0.14793529999951716,-0.008093820391211093,-0.7687486916139278,2,Penicillin,pen_003,20260761,S+true-KKT,2.709749999212363e-06,0.14793800974951637,4.0984686,-0.7732006369761848,-1.4145918676711222e-05,0.005757813883428213
True,False,0.13482639999983803,-0.0028647607863926394,-0.7709061029882637,1,Penicillin,pen_004,20260761,S+true-KKT,2.709749999212363e-06,0.13482910974983725,3.8464815,-0.7725862521986145,-1.850858369234487e-05,0.0021747076207601725
True,False,0.14042570000037813,-0.003056664974022627,-0.7707653224944676,1,Penicillin,pen_005,20260761,S+true-KKT,2.709749999212363e-06,0.14042840975037735,3.8800063,-0.7725250670731543,-1.8518219480456732e-05,0.0022779125929903612
True,False,0.12525559999994584,-0.0032017335041070183,-0.7719414037470428,0,Penicillin,pen_006,20260761,S+true-KKT,2.709749999212363e-06,0.12525830974994506,3.8480109,-0.7730486802910318,-1.4148080737075297e-05,0.0014323503450935993
True,False,0.1512167999999292,-0.006133055755260797,-0.7700968193402197,2,Penicillin,pen_007,20260761,S+true-KKT,2.709749999212363e-06,0.15121950974992843,3.8915484,-0.7730861110156155,-1.4147354313431837e-05,0.0038666994954401333
True,False,0.1390371999996205,-0.0020304468517119423,-0.77065155464234,1,Penicillin,pen_008,20260761,S+true-KKT,2.709749999212363e-06,0.13903990974961972,3.7680454,-0.7725035675808759,-1.8521227794332518e-05,0.0023974166803339466
True,False,0.1347883999997066,-0.0013766982221258273,-0.7706012515705417,1,Penicillin,pen_009,20260761,S+true-KKT,2.709749999212363e-06,0.13479110974970582,3.8778832,-0.7724883519702141,-1.8509343763406516e-05,0.0024428852485081872
True,False,0.14502819999961503,-0.017418027714086126,-0.7702602540510726,2,Penicillin,pen_010,20260761,S+true-KKT,2.709749999212363e-06,0.14503090974961425,3.8358085,-0.7729215486398975,-1.8511607596749524e-05,0.003443162625635122
True,False,0.1257660000001124,-0.004595231713116155,-0.7718790476329184,0,Penicillin,pen_011,20260761,S+true-KKT,2.709749999212363e-06,0.12576870975011162,3.960399,-0.7729532017807852,-1.415391773057495e-05,0.001389675526787534
True,False,0.1440879000001587,-0.016157371574093027,-0.7701006281502282,2,Penicillin,pen_012,20260761,S+true-KKT,2.709749999212363e-06,0.14409060975015792,4.1345004,-0.7729036416714815,-1.8511838839441186e-05,0.003626601519422967
True,False,0.14399570000023232,-0.0016066326598915825,-0.7700680692897484,1,Penicillin,pen_013,20260761,S+true-KKT,2.709749999212363e-06,0.14399840975023154,3.8201418,-0.7721211314821852,-1.850370334155471e-05,0.0026589897733995745
True,False,0.15581440000005387,-0.003786450990701795,-0.7696965594160647,2,Penicillin,pen_014,20260761,S+true-KKT,2.709749999212363e-06,0.15581710975005308,3.8924478,-0.7722351148614031,-1.850065896003006e-05,0.003287283103920918
True,False,0.1345726999998078,-0.0029640972422526057,-0.7709064614110688,1,Penicillin,pen_015,20260761,S+true-KKT,2.709749999212363e-06,0.13457540974980703,11.7406746,-0.7725810711984558,-1.8508294507280088e-05,0.002167552182956369
True,False,0.14312599999993836,-0.012716859674481162,-0.7699775410227337,2,Penicillin,pen_016,20260761,S+true-KKT,2.709749999212363e-06,0.14312870974993758,12.8336637,-0.7728076379500791,-1.8511531168219353e-05,0.0036620975109050184
True,False,0.14515639999990526,-0.016668846437436713,-0.7701632536486872,2,Penicillin,pen_017,20260761,S+true-KKT,2.709749999212363e-06,0.14515910974990448,12.9170362,-0.7729137687725218,-1.8511760328299154e-05,0.0035586312923403607
True,False,0.1206849999998667,-0.0020725238274968416,-0.772159782974485,0,Penicillin,pen_018,20260761,S+true-KKT,2.709749999212363e-06,0.12068770974986592,14.2059974,-0.7729737502370431,-1.415304306556786e-05,0.0010530335115629718
True,False,0.13585340000008728,-0.0027685503907909914,-0.7707742331042418,1,Penicillin,pen_019,20260761,S+true-KKT,2.709749999212363e-06,0.1358561097500865,13.0105381,-0.7725304652199393,-1.851742188402339e-05,0.00227334997746339
True,False,0.14942830000018148,-0.001990952441399574,-0.7701227940923253,1,Penicillin,pen_020,20260761,S+true-KKT,2.709749999212363e-06,0.1494310097501807,13.0411506,-0.7721371908773047,-1.850871507924623e-05,0.0026088586442658264
True,False,0.13526199999978417,-0.005489227904228455,-0.7703381281500121,1,Penicillin,pen_021,20260761,S+true-KKT,2.709749999212363e-06,0.13526470974978339,13.4129047,-0.7731663985439635,-1.4146308436491228e-05,0.0036580358371466047
True,False,0.14800190000005387,-0.0028190240821868717,-0.7709719440603762,1,Penicillin,pen_022,20260761,S+true-KKT,2.709749999212363e-06,0.14800460975005308,12.5607289,-0.772223169066694,-1.850846180356802e-05,0.0016202893884031322
True,False,0.16351440000016737,-0.005857167682987996,-0.7692848455166347,2,Penicillin,pen_023,20260761,S+true-KKT,2.709749999212363e-06,0.1635171097501666,12.5960174,-0.7720745096337911,-1.849800428083137e-05,0.003613205827089938
True,False,0.15344350000032136,-0.003223816378426614,-0.7702199352378503,1,Penicillin,pen_024,20260761,S+true-KKT,2.709749999212363e-06,0.15344620975032058,13.0180663,-0.772159773980404,-1.8516737783413895e-05,0.0025122245523800067
True,False,0.15057080000042333,-0.00577440753580899,-0.7701375431353596,2,Penicillin,pen_025,20260761,S+true-KKT,2.709749999212363e-06,0.15057350975042255,13.2930964,-0.7730766882899861,-1.4147658018603959e-05,0.0038018804591401184
True,False,0.1446538000000146,-0.005120369818499282,-0.7703132266356167,2,Penicillin,pen_026,20260761,S+true-KKT,2.709749999212363e-06,0.14465650975001382,13.8138449,-0.772728982791776,-1.8507042422899467e-05,0.003126265754173559
True,False,0.1560816999999588,-0.009951906075987171,-0.7700580276141593,2,Penicillin,pen_027,20260761,S+true-KKT,2.709749999212363e-06,0.15608440974995802,13.0743833,-0.7727873270214417,-1.851401790947671e-05,0.0035317600481389183
True,False,0.14888340000015887,-0.009254264096613618,-0.770882190912694,1,Penicillin,pen_028,20260761,S+true-KKT,2.709749999212363e-06,0.1488861097501581,12.9553853,-0.7723244260619393,-1.850502727590575e-05,0.0018673954889646025
True,False,0.13905369999974937,-0.0011474774365794471,-0.7705841236371261,1,Penicillin,pen_029,20260761,S+true-KKT,2.709749999212363e-06,0.1390564097497486,13.0790261,-0.772483615529032,-1.8516794995149244e-05,0.002458941333797739
True,False,0.15811630000007426,-0.009169458662741437,-0.7694154692053464,2,Penicillin,pen_030,20260761,S+true-KKT,2.709749999212363e-06,0.15811900975007348,12.5774047,-0.7718638602230794,-1.8517302537490732e-05,0.0031720503367334194
True,False,0.1383704999998372,-0.004383187102428521,-0.7707024613262722,1,Penicillin,pen_031,20260761,S+true-KKT,2.709749999212363e-06,0.1383732097498364,13.3441816,-0.7724315023053814,-1.8512124831226995e-05,0.0022384392324092707
True,False,0.1250646999997116,-0.003384490696633602,-0.7717647855978762,0,Penicillin,pen_032,20260761,S+true-KKT,2.709749999212363e-06,0.1250674097497108,13.0557574,-0.772945273420952,-1.4154489886841759e-05,0.001527259255821698
True,False,0.14764299999933428,-0.0048467091839103915,-0.7706900655734091,1,Penicillin,pen_033,20260761,S+true-KKT,2.709749999212363e-06,0.1476457097493335,12.3438982,-0.7722010232613599,-1.851224716098443e-05,0.001956689569730512
True,False,0.12488460000076884,-0.0034610131508022723,-0.7720966004064272,0,Penicillin,pen_034,20260761,S+true-KKT,2.709749999212363e-06,0.12488730975076806,13.1292439,-0.7729693983826624,-1.4152885647211733e-05,0.0011291494567073424
True,False,0.14836939999986498,-0.005536157290485566,-0.7701943575525831,2,Penicillin,pen_035,20260761,S+true-KKT,2.709749999212363e-06,0.1483721097498642,12.8926875,-0.7727529049154173,-1.849732316272501e-05,0.003310951465286523
True,False,0.1421658999997817,-0.00438389941486278,-0.7719773833144322,0,Penicillin,pen_036,20260761,S+true-KKT,2.709749999212363e-06,0.1421686097497809,13.0022778,-0.773026759198275,-1.4148185036810812e-05,0.0013574897263985133
True,False,0.1506493999995655,-0.015418000374040008,-0.7700099432451273,2,Penicillin,pen_037,20260761,S+true-KKT,2.709749999212363e-06,0.15065210974956472,12.6646817,-0.7728869847731611,-1.851179303835604e-05,0.0037224608315512093
True,False,0.1389445999993768,-0.0012161546700721337,-0.7700960269687507,1,Penicillin,pen_038,20260761,S+true-KKT,2.709749999212363e-06,0.13894730974937602,12.9632548,-0.7731751510320111,-1.4146131162962039e-05,0.003982440536468953
True,False,0.13674000000082742,-0.0010266242685069704,-0.7711201650379134,1,Penicillin,pen_039,20260761,S+true-KKT,2.709749999212363e-06,0.13674270975082664,12.6930031,-0.7726962881444114,-1.8515467424096155e-05,0.0020397705161532384
True,False,0.14153090000036173,-0.0026394910929143367,-0.7706950684467913,1,Penicillin,pen_040,20260761,S+true-KKT,2.709749999212363e-06,0.14153360975036094,12.6762698,-0.7725161180835078,-1.8519435204811252e-05,0.0023572966234469356
True,False,0.13618549999955576,-0.002472220988881668,-0.7708617067654191,1,Penicillin,pen_041,20260761,S+true-KKT,2.709749999212363e-06,0.13618820974955498,13.1713524,-0.7725648070690768,-1.851009446407481e-05,0.0022044756479639186
True,False,0.12587900000016816,-0.004172341347341457,-0.7719114449289779,0,Penicillin,pen_042,20260761,S+true-KKT,2.709749999212363e-06,0.12588170975016738,13.0766386,-0.7730376810972294,-1.4148077506381807e-05,0.0014568968574118159
True,False,0.1514547999995557,-0.0029463205276176185,-0.769890019624377,1,Penicillin,pen_043,20260761,S+true-KKT,2.709749999212363e-06,0.1514575097495549,12.718903,-0.7720383477562575,-1.850732709268721e-05,0.0027826702366845887
True,False,0.15959509999993315,-0.0023260859915815724,-0.7697330100102444,2,Penicillin,pen_044,20260761,S+true-KKT,2.709749999212363e-06,0.15959780974993237,12.7579108,-0.7722773284504835,-1.850579395601404e-05,0.003294565755729281
True,False,0.13302289999955974,-0.004232276749374486,-0.7706936699025358,1,Penicillin,pen_045,20260761,S+true-KKT,2.709749999212363e-06,0.13302560974955896,13.7175538,-0.7724266508817249,-1.8512058594766234e-05,0.002243554099552185
True,False,0.13837940000030358,-0.0026279628083417106,-0.7709088841923282,1,Penicillin,pen_046,20260761,S+true-KKT,2.709749999212363e-06,0.1383821097503028,14.2107075,-0.7725965382433074,-1.8508421158136557e-05,0.0021843924576941095
True,False,0.12846759999956703,-0.004367292414010737,-0.7719214510581502,0,Penicillin,pen_047,20260761,S+true-KKT,2.709749999212363e-06,0.12847030974956625,13.9420926,-0.7730328430542672,-1.4148117751133782e-05,0.001437703463834542
True,False,0.13400180000007822,-0.007492588227029862,-0.7704514792219618,1,Penicillin,pen_048,20260761,S+true-KKT,2.709749999212363e-06,0.13400450975007744,13.4567268,-0.7731622148906652,-1.4146349032739813e-05,0.003506037434960168
True,False,0.1278654000007009,-0.004835584592879527,-0.7719598593318736,0,Penicillin,pen_049,20260761,S+true-KKT,2.709749999212363e-06,0.12786810975070012,13.6523169,-0.7730279023633438,-1.4148172331696074e-05,0.001381635809270213
True,False,0.14561019999928249,-0.0013763114017952827,-0.7698784039451816,1,Penicillin,pen_050,20260761,S+true-KKT,2.709749999212363e-06,0.1456129097492817,12.7185135,-0.7720566606926677,-1.850441511425105e-05,0.0028213690243042416
True,False,0.13696650000019872,-0.0028800604374719097,-0.7707381852721287,1,Penicillin,pen_051,20260761,S+true-KKT,2.709749999212363e-06,0.13696920975019794,13.0131806,-0.7725212417853831,-1.8518733718553282e-05,0.002308100304314669
True,False,0.1538338999998814,-0.004809021230716692,-0.7703500144228965,2,Penicillin,pen_052,20260761,S+true-KKT,2.709749999212363e-06,0.15383660974988062,13.5431634,-0.7727207300611093,-1.8502385606800065e-05,0.0030680109203557924
True,False,0.14687450000019453,-0.015155046711314457,-0.7699532323246526,2,Penicillin,pen_053,20260761,S+true-KKT,2.709749999212363e-06,0.14687720975019375,13.4410786,-0.7728546043225789,-1.850565348804345e-05,0.0037540980951642107
True,False,0.12511970000014117,-0.000206046256192971,-0.7718924480238525,0,Penicillin,pen_054,20260761,S+true-KKT,2.709749999212363e-06,0.12512240975014038,13.8283392,-0.7730900986881057,-1.4147345770987307e-05,0.0015491734615222855
True,False,0.13458259999970323,-0.0018359660302221803,-0.7706353712305045,1,Penicillin,pen_055,20260761,S+true-KKT,2.709749999212363e-06,0.13458530974970245,12.5441636,-0.7724978105293717,-1.8509333339800094e-05,0.002410931491949373
True,False,0.13614390000020649,-0.0023120309785489845,-0.7707784307067839,1,Penicillin,pen_056,20260761,S+true-KKT,2.709749999212363e-06,0.1361466097502057,12.3073189,-0.7725368131854001,-1.8516590532480226e-05,0.0022761148059286963
True,False,0.14705340000000433,-0.0048494704917922404,-0.7701935050395463,2,Penicillin,pen_057,20260761,S+true-KKT,2.709749999212363e-06,0.14705610975000355,13.0115149,-0.773060975332961,-1.415342913918538e-05,0.0037092420713381465
True,False,0.14937559999998484,-0.004850109228807853,-0.7682434284066223,2,Penicillin,pen_058,20260761,S+true-KKT,2.709749999212363e-06,0.14937830974998406,13.6195362,-0.7732171000332838,-1.4145746545513038e-05,0.006432438737383611
True,False,0.124641999999767,-8.225358586000375e-05,-0.7722061565316974,0,Penicillin,pen_059,20260761,S+true-KKT,2.709749999212363e-06,0.12464470974976621,13.4455909,-0.772977849620372,-1.4152774298781257e-05,0.0009983379071645158
True,False,0.15100669999992533,-0.0005386358908665012,-0.7699596153199015,1,Penicillin,pen_060,20260761,S+true-KKT,2.709749999212363e-06,0.15100940974992455,12.9846422,-0.772095346146495,-1.850253461271878e-05,0.0027661490737547275
True,False,0.1795029999993858,-0.009650020226817435,-0.7708577787305494,1,Penicillin,pen_061,20260761,S+true-KKT,2.709749999212363e-06,0.179505709749385,13.4806302,-0.772328394395179,-1.8505285084569056e-05,0.0019041325882900389
True,False,0.16804409999986092,-0.005721782299389244,-0.76927767403579,2,Penicillin,pen_062,20260761,S+true-KKT,2.709749999212363e-06,0.16804680974986014,12.3018362,-0.7720687010315038,-1.8500915919095196e-05,0.0036149982404221153
True,False,0.14019360000020242,-0.0015204180948383827,-0.7706119328869403,1,Penicillin,pen_063,20260761,S+true-KKT,2.709749999212363e-06,0.14019630975020164,13.5690568,-0.7724913086438268,-1.8509328619298326e-05,0.0024328762483889436
True,False,0.12470540000049368,-0.0027881207356169058,-0.7717090845999578,0,Penicillin,pen_064,20260761,S+true-KKT,2.709749999212363e-06,0.1247081097504929,14.1737306,-0.7729414227488962,-1.4154772314478592e-05,0.0015943486953457838
True,False,0.145101799999793,-0.005025674860675455,-0.7707044505453552,1,Penicillin,pen_065,20260761,S+true-KKT,2.709749999212363e-06,0.14510450974979222,12.9359774,-0.7723931523882199,-1.850294159988497e-05,0.0021863242024392814
True,False,0.16544379999959347,-0.008399486703384196,-0.7695482436709187,2,Penicillin,pen_066,20260761,S+true-KKT,2.709749999212363e-06,0.16544650974959269,12.987728,-0.7718789409405435,-1.8514167525962577e-05,0.003019511410409628
True,False,0.15079489999970974,-0.011336612631631326,-0.7694503485482407,2,Penicillin,pen_067,20260761,S+true-KKT,2.709749999212363e-06,0.15079760974970896,12.9501598,-0.7731782599759938,-1.4146164585893128e-05,0.004821541966103432
True,False,0.16050480000012612,-0.004932581171066597,-0.7689814008039928,2,Penicillin,pen_068,20260761,S+true-KKT,2.709749999212363e-06,0.16050750975012534,12.4317168,-0.7718361207564401,-1.8507102374443196e-05,0.0036986089089087624
True,False,0.13333140000031563,-0.004452741468912336,-0.77069822322707,1,Penicillin,pen_069,20260761,S+true-KKT,2.709749999212363e-06,0.13333410975031484,12.485817,-0.772416087254167,-1.8497338523659757e-05,0.00222401378666739
True,False,0.14873309999984485,-0.01158359029010858,-0.770012585304613,2,Penicillin,pen_070,20260761,S+true-KKT,2.709749999212363e-06,0.14873580974984407,12.6177834,-0.7727971176620717,-1.8511642101148862e-05,0.0036031867793227183
True,False,0.13344930000039312,-0.0024646206097548307,-0.7709150220247277,1,Penicillin,pen_071,20260761,S+true-KKT,2.709749999212363e-06,0.13345200975039234,12.6061973,-0.7726055596858996,-1.85080889028022e-05,0.002188099270032654
True,False,0.14298109999981534,-0.005686179096444477,-0.7706898141641826,1,Penicillin,pen_072,20260761,S+true-KKT,2.709749999212363e-06,0.14298380974981456,12.2973895,-0.772361631049737,-1.852147220038347e-05,0.002164551964190906
True,False,0.13772609999978158,-0.0010558225454741499,-0.7711268513437809,1,Penicillin,pen_073,20260761,S+true-KKT,2.709749999212363e-06,0.1377288097497808,12.6084571,-0.772697837714223,-1.8525619622122846e-05,0.002033118631584784
True,False,0.15354710000065097,-0.006044573341271342,-0.7701068816463777,2,Penicillin,pen_074,20260761,S+true-KKT,2.709749999212363e-06,0.1535498097506502,12.807141,-0.7730837926893988,-1.4147405373476918e-05,0.003850696484872544
True,False,0.14903580000009242,-0.014664901654195595,-0.7699456509454282,2,Penicillin,pen_075,20260761,S+true-KKT,2.709749999212363e-06,0.14903850975009164,12.5495889,-0.7728336700232776,-1.850724431046169e-05,0.0037369219145982945
True,False,0.1463939000004757,-0.014160618336985231,-0.769934612365153,2,Penicillin,pen_076,20260761,S+true-KKT,2.709749999212363e-06,0.14639660975047492,12.5485712,-0.7728227539720787,-1.8510002807392567e-05,0.0037371332457299482
True,False,0.14385399999991932,-0.015234693798012289,-0.7699612869029798,2,Penicillin,pen_077,20260761,S+true-KKT,2.709749999212363e-06,0.14385670974991854,12.517055,-0.7728464996914834,-1.8504036255306833e-05,0.003733228771373597
True,False,0.1506509000000733,-0.005910849009220953,-0.7701220502645719,2,Penicillin,pen_078,20260761,S+true-KKT,2.709749999212363e-06,0.15065360975007253,12.7488571,-0.7730802827787012,-1.4147575485401465e-05,0.0038265527915114493
True,False,0.137447200000679,-0.0021890411852676928,-0.7708378699226737,1,Penicillin,pen_079,20260761,S+true-KKT,2.709749999212363e-06,0.13744990975067822,12.6242426,-0.7725575836896862,-1.8506530285122835e-05,0.0022260007581561447
True,False,0.14595069999995758,-0.008738055902283381,-0.7709132799029791,1,Penicillin,pen_080,20260761,S+true-KKT,2.709749999212363e-06,0.1459534097499568,12.9916949,-0.7723193246924095,-1.8505259352930015e-05,0.0018205485017358442
True,False,0.13360259999990376,-0.0007972128100818265,-0.7705443498358091,1,Penicillin,pen_081,20260761,S+true-KKT,2.709749999212363e-06,0.13360530974990298,13.2140541,-0.7724587422704043,-1.850780709300448e-05,0.002478310270615191
True,False,0.14430949999950826,-0.005868072936850932,-0.7701269348631594,2,Penicillin,pen_082,20260761,S+true-KKT,2.709749999212363e-06,0.14431220974950748,13.7138891,-0.7730791494659788,-1.4147601941572052e-05,0.0038187740606620488
True,False,0.14661380000052304,-0.009785409225604669,-0.7690089929401986,2,Penicillin,pen_083,20260761,S+true-KKT,2.709749999212363e-06,0.14661650975052226,14.0924472,-0.7731924212578484,-1.4146015873295337e-05,0.0054105914680902135
True,False,0.1537159999998039,-0.005575181565211695,-0.7704539798814769,1,Penicillin,pen_084,20260761,S+true-KKT,2.709749999212363e-06,0.15371870974980312,12.957133,-0.7721826859419569,-1.851201828539928e-05,0.002238726783120305
True,False,0.1234615000003032,-0.0036017836717660567,-0.7717850812748032,0,Penicillin,pen_085,20260761,S+true-KKT,2.709749999212363e-06,0.12346420975030242,13.4620068,-0.772946678638322,-1.4154379799347083e-05,0.0015028169414806117
True,False,0.1462230000006457,-0.005403325534798498,-0.7701794698600188,2,Penicillin,pen_086,20260761,S+true-KKT,2.709749999212363e-06,0.14622570975064492,13.5990155,-0.7730668798679633,-1.4148141406045145e-05,0.0037350067415093703
True,False,0.13415919999988546,-0.0011321528999674868,-0.7711504111036086,1,Penicillin,pen_087,20260761,S+true-KKT,2.709749999212363e-06,0.13416190974988468,13.0101816,-0.7727041959964093,-1.849983380053377e-05,0.002010840501256822
True,False,0.13932709999971848,-0.0019520316432237172,-0.7716308951016277,0,Penicillin,pen_088,20260761,S+true-KKT,2.709749999212363e-06,0.1393298097497177,12.9014537,-0.7729355615215522,-1.851144824926987e-05,0.0016879368538253751
True,False,0.1484379000003173,-0.013844373672846744,-0.7699440480373362,2,Penicillin,pen_089,20260761,S+true-KKT,2.709749999212363e-06,0.14844060975031653,12.7450398,-0.7728194482049178,-1.8509514477127453e-05,0.003720662276629402
True,False,0.16204100000049948,-0.00847150841133687,-0.7697234803306441,2,Penicillin,pen_090,20260761,S+true-KKT,2.709749999212363e-06,0.1620437097504987,12.3434746,-0.7719506906734327,-1.8515217064973832e-05,0.0028851717728831114
True,False,0.15563939999992726,-0.002615291197467562,-0.7698907145277394,1,Penicillin,pen_091,20260761,S+true-KKT,2.709749999212363e-06,0.15564210974992648,12.3287327,-0.7720437441775325,-1.8507781012588875e-05,0.002788740490458588
True,False,0.138141600000381,-0.009410950118704187,-0.7705600294037063,1,Penicillin,pen_092,20260761,S+true-KKT,2.709749999212363e-06,0.13814430975038022,12.9645188,-0.7731581581530654,-1.4146403204406965e-05,0.003360410443790209
True,False,0.15248570000039763,-0.014680772947351706,-0.7699612244401355,2,Penicillin,pen_093,20260761,S+true-KKT,2.709749999212363e-06,0.15248840975039685,9.8035121,-0.7728397334902559,-1.850381140294788e-05,0.0037245872920128914
True,False,0.14303250000011758,-1.3049620398719597e-06,-0.7711357903198469,1,Penicillin,pen_094,20260761,S+true-KKT,2.709749999212363e-06,0.1430352097501168,12.6487732,-0.7727190550462456,-1.8502226269145883e-05,0.0020489526122840817
True,False,0.12127299999974639,-0.004647772936931416,-0.7720345242152469,0,Penicillin,pen_095,20260761,S+true-KKT,2.709749999212363e-06,0.12127570974974561,13.1902774,-0.7729647025534255,-1.4153244681680555e-05,0.0012033904460396283
True,False,0.14535400000022491,-0.002511714721073921,-0.7701685261731426,1,Penicillin,pen_096,20260761,S+true-KKT,2.709749999212363e-06,0.14535670975022413,12.8612818,-0.7721490949280846,-1.8512287037919517e-05,0.0025650081933029753
True,False,0.12535070000012638,-0.004488143509312925,-0.7720417118103443,0,Penicillin,pen_097,20260761,S+true-KKT,2.709749999212363e-06,0.1253534097501256,13.8495527,-0.7729652375769478,-1.4153210784129122e-05,0.0011947830532437723
True,False,0.1363208000002487,-0.000772175109230111,-0.7705555446393187,1,Penicillin,pen_098,20260761,S+true-KKT,2.709749999212363e-06,0.13632350975024793,13.0103185,-0.7724765015920874,-1.8517355036939964e-05,0.0024867513106346796
True,False,0.14914859999953478,-0.009228278944999224,-0.7700761888723909,2,Penicillin,pen_099,20260761,S+true-KKT,2.709749999212363e-06,0.149151309749534,12.980434,-0.7727823333950236,-1.8509473189654013e-05,0.0035018198601200735
True,False,0.1336462000008396,-0.0022664686955715663,-0.770922307955658,1,Penicillin,pen_100,20260761,S+true-KKT,2.709749999212363e-06,0.13364890975083882,12.9234658,-0.7726163782549876,-1.8509126175847435e-05,0.002192640936703736
True,False,0.14641320000009728,-0.015369336751811513,-0.7700033088737426,2,Penicillin,pen_101,20260761,S+true-KKT,2.709749999212363e-06,0.1464159097500965,13.4980732,-0.7728804967637383,-1.851164432448149e-05,0.0037226814521045142
True,False,0.14642040000035195,-0.005278935280254249,-0.7702623999465605,2,Penicillin,pen_102,20260761,S+true-KKT,2.709749999212363e-06,0.14642310975035117,13.3208906,-0.7727404910278973,-1.850123148822158e-05,0.0032068865422600493
True,False,0.14741629999934958,-0.007062532467723093,-0.7707331483715527,1,Penicillin,pen_103,20260761,S+true-KKT,2.709749999212363e-06,0.1474190097493488,13.0708377,-0.7723474003987946,-1.850405089448559e-05,0.002090059507429369
True,False,0.1519823999997243,-0.008138516506270177,-0.7687556251544775,2,Penicillin,pen_104,20260761,S+true-KKT,2.709749999212363e-06,0.1519851097497235,13.5970323,-0.7732004165092127,-1.4145920873398499e-05,0.00574856306312172
True,False,0.1347342999997636,-0.0004860965183680621,-0.7705311389374487,1,Penicillin,pen_105,20260761,S+true-KKT,2.709749999212363e-06,0.13473700974976283,12.7136436,-0.7724673827670754,-1.8504932582708022e-05,0.0025065703391783096
True,False,0.1343312999997579,-0.00985691305702635,-0.7707529550523325,1,Penicillin,pen_106,20260761,S+true-KKT,2.709749999212363e-06,0.13433400974975712,12.7461593,-0.7731501603427516,-1.414648837955168e-05,0.0031005688330406167
True,False,0.14618239999981597,-0.0030762088818510613,-0.7710572278585606,1,Penicillin,pen_107,20260761,S+true-KKT,2.709749999212363e-06,0.1461851097498152,12.1401527,-0.7722949868742041,-1.85119998369343e-05,0.0016027023827426513
True,False,0.14860589999989315,-0.0006069203603778495,-0.7704650509045602,2,Penicillin,pen_108,20260761,S+true-KKT,2.709749999212363e-06,0.14860860974989237,12.6257764,-0.7729821206091113,-1.4152526507937857e-05,0.003256310382143984
True,False,0.15146610000010696,-0.002815383779173508,-0.7679200381465698,2,Penicillin,pen_109,20260761,S+true-KKT,2.709749999212363e-06,0.15146880975010618,12.6825895,-0.7732273179696112,-1.4145561748002411e-05,0.0068638027908501
True,False,0.18207860000075016,-0.009044177008869891,-0.7697040394040021,2,Penicillin,pen_110,20260761,S+true-KKT,2.709749999212363e-06,0.18208130975074938,12.1198314,-0.7719703523278006,-1.8505502270893537e-05,0.002935751246099914
True,False,0.13974169999983133,-0.002510011870209772,-0.7710442986456963,1,Penicillin,pen_111,20260761,S+true-KKT,2.709749999212363e-06,0.13974440974983054,12.567886,-0.7726612928116589,-1.849665322667393e-05,0.002092759377240678
True,False,0.1405841000005239,-0.0019472305958067038,-0.7708018871415315,1,Penicillin,pen_112,20260761,S+true-KKT,2.709749999212363e-06,0.14058680975052312,12.4781271,-0.7725481243123428,-1.8508831410135596e-05,0.0022603603786697313
True,False,0.1515852000002269,-0.011214424617523533,-0.769226452474858,2,Penicillin,pen_113,20260761,S+true-KKT,2.709749999212363e-06,0.15158790975022612,12.6819366,-0.7731856104794882,-1.4146080622501334e-05,0.005120579005828815
True,False,0.13473620000058872,-0.0011446285282483148,-0.7711479045402599,1,Penicillin,pen_114,20260761,S+true-KKT,2.709749999212363e-06,0.13473890975058794,12.4213768,-0.7727030271449132,-1.8499093252855037e-05,0.0020125747538473704
True,False,0.1399606999993921,-0.0015476725613736697,-0.7705776460472722,1,Penicillin,pen_115,20260761,S+true-KKT,2.709749999212363e-06,0.1399634097493913,12.263673,-0.7724530346542453,-1.8516710904359357e-05,0.0024278351211508304
True,False,0.1513676000004125,-0.01251764763039015,-0.7699834268835662,2,Penicillin,pen_116,20260761,S+true-KKT,2.709749999212363e-06,0.1513703097504117,12.4388533,-0.7728055453055103,-1.8511515650354582e-05,0.0036517833484597507
True,False,0.13664179999977932,-0.0010351393564490552,-0.7705756363730932,1,Penicillin,pen_117,20260761,S+true-KKT,2.709749999212363e-06,0.13664450974977854,11.1250724,-0.7724813887792841,-1.8516950553826295e-05,0.002467052842790701
True,False,0.13245920000008482,-0.004548085051212902,-0.770700183755289,1,Penicillin,pen_118,20260761,S+true-KKT,2.709749999212363e-06,0.13246190975008404,3.9273947,-0.7724115211194494,-1.849845413703921e-05,0.002215577211588166
True,False,0.15801420000025246,-0.003537656764524666,-0.7710328588777454,1,Penicillin,pen_119,20260761,S+true-KKT,2.709749999212363e-06,0.15801690975025168,3.7638727,-0.7726403163728504,-1.8504376716910187e-05,0.0020804732306115266
True,False,0.16172540000025037,-0.008230112902417375,-0.7697270308004402,2,Penicillin,pen_120,20260761,S+true-KKT,2.709749999212363e-06,0.1617281097502496,3.7643152,-0.7719467925807868,-1.8505669923674084e-05,0.0028755372801348177
True,False,0.1472409999996671,-0.014444331095090024,-0.7699292226227317,2,Penicillin,pen_121,20260761,S+true-KKT,2.709749999212363e-06,0.14724370974966633,3.8554421,-0.7728262299216377,-1.851341152214747e-05,0.0037485882165254943
True,False,0.13879040000028908,-0.004843455087842008,-0.7707035228916943,1,Penicillin,pen_122,20260761,S+true-KKT,2.709749999212363e-06,0.1387931097502883,3.7204195,-0.7723995948560851,-1.850276791182104e-05,0.002195847817225779
True,False,0.13383710000016436,-0.007315983777244961,-0.7712836416663134,1,Penicillin,pen_123,20260761,S+true-KKT,2.709749999212363e-06,0.13383980975016357,3.7288886,-0.7731222737652871,-1.4146848830665082e-05,0.002378190567475381
True,False,0.14226529999996274,-0.010234959735479388,-0.7700509171420048,2,Penicillin,pen_124,20260761,S+true-KKT,2.709749999212363e-06,0.14226800974996195,3.743658,-0.7727892833059739,-1.852469121282896e-05,0.0035434836159404133
True,False,0.1577367999998387,-0.008996459078429886,-0.7696968203201605,2,Penicillin,pen_125,20260761,S+true-KKT,2.709749999212363e-06,0.15773950974983791,3.6797384,-0.7719769814781297,-1.8506792887063028e-05,0.0029536646981406637
True,False,0.15060350000021572,-0.010542142173717073,-0.7691240105494602,2,Penicillin,pen_126,20260761,S+true-KKT,2.709749999212363e-06,0.15060620975021494,4.4413507,-0.7731889168050933,-1.414605137317615e-05,0.005257326078120359
True,False,0.15413379999972676,-0.0055914465562008075,-0.7683590469801154,2,Penicillin,pen_127,20260761,S+true-KKT,2.709749999212363e-06,0.15413650974972598,4.0064594,-0.7732133387258432,-1.4145777166352236e-05,0.006278075535695073
True,False,0.13586140000006708,-0.01000248033288792,-0.7707195445284782,1,Penicillin,pen_128,20260761,S+true-KKT,2.709749999212363e-06,0.1358641097500663,4.3011311,-0.7731517589825523,-1.4146468214515373e-05,0.0031458435240123823
True,False,0.16192039999987173,-0.016904986305262493,-0.7701934470949571,2,Penicillin,pen_129,20260761,S+true-KKT,2.709749999212363e-06,0.16192310974987095,3.9317038,-0.7729165562690347,-1.851171290573328e-05,0.0035231606206268594
True,False,0.14997690000018338,-0.002987470264212033,-0.7698880041227603,1,Penicillin,pen_130,20260761,S+true-KKT,2.709749999212363e-06,0.1499796097501826,3.6504467,-0.7720243073042947,-1.8506784281890898e-05,0.002767144973704089
True,False,0.16986180000003515,-0.008504154193229196,-0.7692811056937553,2,Penicillin,pen_131,20260761,S+true-KKT,2.709749999212363e-06,0.16986450975003436,3.6661456,-0.7718532696652004,-1.850820298543443e-05,0.0033324519990189467
True,False,0.14443169999958627,-0.002135405174540028,-0.7708333088902171,1,Penicillin,pen_132,20260761,S+true-KKT,2.709749999212363e-06,0.1444344097495855,3.7746986,-0.7725562055921511,-1.850663321545376e-05,0.0022301247332722793
True,False,0.16762889999972685,-0.008176156561279402,-0.7701024654362065,2,Penicillin,pen_133,20260761,S+true-KKT,2.709749999212363e-06,0.16763160974972607,3.806402,-0.7727750491178179,-1.8508841787778785e-05,0.0034584238772490702
True,False,0.13720740000007936,-0.0009744738674805076,-0.7711084835457307,1,Penicillin,pen_134,20260761,S+true-KKT,2.709749999212363e-06,0.13721010975007858,3.7964408,-0.7726935907498694,-1.8515392711193623e-05,0.002051404622886092
True,False,0.15111909999995987,-0.0003619920524431386,-0.7675008467693034,2,Penicillin,pen_135,20260761,S+true-KKT,2.709749999212363e-06,0.1511218097499591,3.7637486,-0.7732363009102046,-1.4145530542353235e-05,0.007417466218476475
True,False,0.15094809999936842,-0.007611953975467822,-0.7701161785282199,2,Penicillin,pen_136,20260761,S+true-KKT,2.709749999212363e-06,0.15095080974936764,3.6820158,-0.7727708817993897,-1.850874000364211e-05,0.0034353044785905206
True,False,0.14879889999974694,-0.0007841351640666683,-0.7675751558635625,2,Penicillin,pen_137,20260761,S+true-KKT,2.709749999212363e-06,0.14880160974974616,3.9111434,-0.7732349976729723,-1.4145545612020971e-05,0.007319691719131882
True,False,0.16369459999987157,-0.005537672579704056,-0.7697874315507672,2,Penicillin,pen_138,20260761,S+true-KKT,2.709749999212363e-06,0.1636973097498708,3.667341,-0.7722465661535473,-1.851422615700704e-05,0.00318439046615465
True,False,0.15207969999937632,-0.003766575731273314,-0.7709176622147278,1,Penicillin,pen_139,20260761,S+true-KKT,2.709749999212363e-06,0.15208240974937554,3.5944733,-0.7722188838088029,-1.8509617411566204e-05,0.0016850424424446752
True,False,0.1529657999999472,-0.002357258955025421,-0.7704013865327102,2,Penicillin,pen_140,20260761,S+true-KKT,2.709749999212363e-06,0.1529685097499464,3.820046,-0.7730091527019405,-1.4148434381244801e-05,0.003373525604600207
True,False,0.15060360000006767,-0.005126813847805611,-0.7703067820681432,2,Penicillin,pen_141,20260761,S+true-KKT,2.709749999212363e-06,0.1506063097500669,3.6845354,-0.7727308188584184,-1.8506532958317834e-05,0.003136974391491677
True,False,0.12595779999992374,-0.004152125299983378,-0.771919891838151,0,Penicillin,pen_142,20260761,S+true-KKT,2.709749999212363e-06,0.12596050974992296,3.7787575,-0.773042297660924,-1.4148043383677145e-05,0.0014519332592397487
True,False,0.15872350000063307,-0.0003435106668412402,-0.7699143473071036,1,Penicillin,pen_143,20260761,S+true-KKT,2.709749999212363e-06,0.15872620975063229,3.6316756,-0.771999152491952,-1.8503102415134975e-05,0.0027005278155017927
True,False,0.1263978999995743,-0.004136335443159389,-0.7719143878289009,0,Penicillin,pen_144,20260761,S+true-KKT,2.709749999212363e-06,0.1264006097495735,3.780585,-0.7730407186198152,-1.4148051926343719e-05,0.0014570135360078254
True,False,0.1413687000003847,-0.005228820681052959,-0.7707053880729948,1,Penicillin,pen_145,20260761,S+true-KKT,2.709749999212363e-06,0.14137140975038393,3.7418382,-0.772385904323903,-1.8512223506572667e-05,0.0021757469180890407
True,False,0.14400799999930314,-0.0010825151733357963,-0.7700116194414753,1,Penicillin,pen_146,20260761,S+true-KKT,2.709749999212363e-06,0.14401070974930236,3.6184716,-0.7721072575739157,-1.8504335389690763e-05,0.0027141800726303653
True,False,0.16415349999988393,-0.004157526935740563,-0.7697665123329113,2,Penicillin,pen_147,20260761,S+true-KKT,2.709749999212363e-06,0.16415620974988315,3.5952558,-0.7722603275918094,-1.8503625945631708e-05,0.003229241707488413
True,False,0.14457099999981438,-0.002164262925228033,-0.7706642779084353,1,Penicillin,pen_148,20260761,S+true-KKT,2.709749999212363e-06,0.1445737097498136,3.9913217,-0.7725109535781244,-1.852015454062439e-05,0.002390484770650371
True,False,0.19277000000056432,-0.006956824510159165,-0.7697256701599671,2,Penicillin,pen_149,20260761,S+true-KKT,2.709749999212363e-06,0.19277270975056354,3.6324083,-0.7719147081990805,-1.850680446058295e-05,0.002835854811240166
True,False,0.1370056999994631,-0.00544615679510585,-0.7707062868742804,1,Penicillin,pen_150,20260761,S+true-KKT,2.709749999212363e-06,0.13700840974946232,3.645509,-0.7723780781047827,-1.8510630118262483e-05,0.0021644726564538867
True,False,0.13615519999984826,-0.00562075515252819,-0.7706980735134507,1,Penicillin,pen_151,20260761,S+true-KKT,2.709749999212363e-06,0.13615790974984748,3.6267718,-0.7723657801175157,-1.8518564421976524e-05,0.0021592186590805064
True,False,0.13492709999991348,-0.002418323022679192,-0.7708571719351179,1,Penicillin,pen_152,20260761,S+true-KKT,2.709749999212363e-06,0.1349298097499127,3.7599022,-0.7725634385372595,-1.850685239612737e-05,0.0022085779847052394
True,False,0.1622215999996115,-0.008972988023146722,-0.7697157881934702,2,Penicillin,pen_153,20260761,S+true-KKT,2.709749999212363e-06,0.16222430974961072,3.6462473,-0.7719588291712433,-1.850657983654136e-05,0.002905648453015473
True,False,0.13561200000003737,-0.0011774420679590003,-0.770561262511277,1,Penicillin,pen_154,20260761,S+true-KKT,2.709749999212363e-06,0.1356147097500366,3.7078767,-0.7724557973573589,-1.8515667166152383e-05,0.002452612631769099
True,False,0.14811790000021574,-0.0022886166601020497,-0.7701499854184862,1,Penicillin,pen_155,20260761,S+true-KKT,2.709749999212363e-06,0.14812060975021496,3.5918236,-0.7721444865224275,-1.850964985361525e-05,0.002583067209252617
True,False,0.13390369999979157,-0.002663073593143439,-0.7707752200247618,1,Penicillin,pen_156,20260761,S+true-KKT,2.709749999212363e-06,0.1339064097497908,4.3907669,-0.7725319390348823,-1.851726916840546e-05,0.002273975898414086
True,False,0.1597314999999071,-0.007612688154709724,-0.7697356198161386,2,Penicillin,pen_157,20260761,S+true-KKT,2.709749999212363e-06,0.15973420974990632,3.901663,-0.7719368257035166,-1.850256061475264e-05,0.002851536309816468
True,False,0.1461343000000852,-0.015842344758569937,-0.7700620944218309,2,Penicillin,pen_158,20260761,S+true-KKT,2.709749999212363e-06,0.14613700975008442,3.9729552,-0.772897075672771,-1.8511856055114517e-05,0.0036679932427902398
True,False,0.15353529999993043,-0.014553929689521516,-0.7699339880771229,2,Penicillin,pen_159,20260761,S+true-KKT,2.709749999212363e-06,0.15353800974992965,3.8004271,-0.7728287823142871,-1.8508976019293577e-05,0.0037457122501255162
True,False,0.14997829999992973,-0.015336034076713245,-0.769992695718606,2,Penicillin,pen_160,20260761,S+true-KKT,2.709749999212363e-06,0.14998100974992895,3.9856853,-0.7728722979799435,-1.8511256443976e-05,0.0037258448373217166
True,False,0.1491861999993489,-0.011901580527961364,-0.7700024744357579,2,Penicillin,pen_161,20260761,S+true-KKT,2.709749999212363e-06,0.14918890974934812,3.7022359,-0.7727994022411491,-1.8511468993342994e-05,0.0036192157981489123
True,False,0.15004049999970448,-0.010181783100867536,-0.7690693125600288,2,Penicillin,pen_162,20260761,S+true-KKT,2.709749999212363e-06,0.1500432097497037,3.9642173,-0.7731905878852098,-1.4146035297091242e-05,0.005330219210833029
True,False,0.13982690000011644,-0.0027124120957401354,-0.7709056831227387,1,Penicillin,pen_163,20260761,S+true-KKT,2.709749999212363e-06,0.13982960975011566,3.8975309,-0.7725918479686467,-1.8513665504482635e-05,0.002182478174396202
True,False,0.13842920000024606,-0.0008547258292919135,-0.7711511173157589,1,Penicillin,pen_164,20260761,S+true-KKT,2.709749999212363e-06,0.13843190975024527,3.8469006,-0.7727097079608479,-1.8518667738831596e-05,0.0020170455075581633
True,False,0.14847659999941243,-5.9112400500160867e-05,-0.7698552158971425,1,Penicillin,pen_165,20260761,S+true-KKT,2.709749999212363e-06,0.14847930974941165,3.6917503,-0.7720657208414725,-1.8501627485845162e-05,0.002863104635601276
True,False,0.14428190000035102,-0.0025614500190315193,-0.7709113725361816,1,Penicillin,pen_166,20260761,S+true-KKT,2.709749999212363e-06,0.14428460975035023,3.8003963,-0.7726002106240155,-1.8507224328612182e-05,0.0021859146096658297
True,False,0.14613470000040252,-0.0059904039078294,-0.770697329983509,1,Penicillin,pen_167,20260761,S+true-KKT,2.709749999212363e-06,0.14613740975040174,3.7195698,-0.7723572809787205,-1.8507261596745206e-05,0.0021492009411861403
True,False,0.1474595000008776,-0.0010278394795914525,-0.7704799963366381,2,Penicillin,pen_168,20260761,S+true-KKT,2.709749999212363e-06,0.14746220975087682,3.8971024,-0.7729893249468274,-1.4152130518529926e-05,0.003246265542362927
True,False,0.1511662000002616,-0.005752600694460097,-0.770372080676044,1,Penicillin,pen_169,20260761,S+true-KKT,2.709749999212363e-06,0.15116890975026082,4.9284847,-0.7721752516860385,-1.8512184446373148e-05,0.002335183633582257
True,False,0.1208267000001797,-0.0004838676643946216,-0.7718820516692583,0,Penicillin,pen_170,20260761,S+true-KKT,2.709749999212363e-06,0.12082940975017892,4.7495246,-0.7730923159357599,-1.4147298592948054e-05,0.0015654847959996822
True,False,0.14981390000048123,-0.008660303994782681,-0.7700903825917089,2,Penicillin,pen_171,20260761,S+true-KKT,2.709749999212363e-06,0.14981660975048045,5.0674221,-0.7727784024118936,-1.8509150014722753e-05,0.0034783837278515254
True,False,0.13711700000021665,-0.0023856814948370886,-0.7709328182394387,1,Penicillin,pen_172,20260761,S+true-KKT,2.709749999212363e-06,0.13711970975021587,5.1850906,-0.772618858894158,-1.8512763177658265e-05,0.0021822411339176315
True,False,0.14635199999975157,-0.015327870633505936,-0.769990080635902,2,Penicillin,pen_173,20260761,S+true-KKT,2.709749999212363e-06,0.1463547097497508,4.1670913,-0.7728702704070576,-1.8511119377007113e-05,0.003726614777973818
True,False,0.14057239999965532,-0.0019868970296739175,-0.7708089810225683,1,Penicillin,pen_174,20260761,S+true-KKT,2.709749999212363e-06,0.14057510974965454,3.9268851,-0.7725498875136604,-1.850881375503599e-05,0.0022534551091514584
True,False,0.15372879999995348,-0.01464350377017487,-0.7699596030152508,2,Penicillin,pen_175,20260761,S+true-KKT,2.709749999212363e-06,0.1537315097499527,4.3839538,-0.7728386116775279,-1.850462955499399e-05,0.003725239162194407
True,False,0.15040719999979046,-0.0017689489462872632,-0.7709948961633752,1,Penicillin,pen_176,20260761,S+true-KKT,2.709749999212363e-06,0.15040990974978968,4.3497354,-0.7722249848802516,-1.8492388863700082e-05,0.001592914941837971
True,False,0.13906260000021575,-0.0035677537263287262,-0.7710386713065808,1,Penicillin,pen_177,20260761,S+true-KKT,2.709749999212363e-06,0.13906530975021497,3.8730009,-0.772642258573272,-1.850379966661375e-05,0.002075458918921031
True,False,0.14700439999978698,-0.008763891626045295,-0.7710153963014876,1,Penicillin,pen_178,20260761,S+true-KKT,2.709749999212363e-06,0.1470071097497862,4.2806034,-0.7731361303603813,-1.4146675455406488e-05,0.0027430280071184163
True,False,0.16387239999949088,-0.007834707103823113,-0.7692187532941017,2,Penicillin,pen_179,20260761,S+true-KKT,2.709749999212363e-06,0.1638751097494901,4.4939046,-0.7718487903038924,-1.850781118917233e-05,0.0034074511003057985
True,False,0.15978380000069592,-0.01320003922703289,-0.7699632068084495,2,Penicillin,pen_180,20260761,S+true-KKT,2.709749999212363e-06,0.15978650975069514,4.2720767,-0.7728127058224841,-1.8511404339949245e-05,0.003687179303039386
True,False,0.14724680000017543,-0.00899516105593956,-0.7688879923468005,2,Penicillin,pen_181,20260761,S+true-KKT,2.709749999212363e-06,0.14724950975017465,3.9596418,-0.7731961724772917,-1.4145845859847572e-05,0.005571910834333181
True,False,0.14921310000045196,-0.007534381562989134,-0.7686617906264803,2,Penicillin,pen_182,20260761,S+true-KKT,2.709749999212363e-06,0.14921580975045118,4.165559,-0.7732033935048439,-1.4145899904671744e-05,0.005873749283195729
True,False,0.13751539999975648,-0.003425051933833856,-0.7710606222753922,1,Penicillin,pen_183,20260761,S+true-KKT,2.709749999212363e-06,0.1375181097497557,4.6625626,-0.7726536107264361,-1.8499621338985417e-05,0.0020617110033903036
True,False,0.1382991000000402,-0.0008522969975564565,-0.7710710027802457,1,Penicillin,pen_184,20260761,S+true-KKT,2.709749999212363e-06,0.13830180975003942,4.1984592,-0.7726848812117387,-1.851081526438314e-05,0.0020886631416447057
True,False,0.13779840000006516,-0.0018987640530512828,-0.7707820803931865,1,Penicillin,pen_185,20260761,S+true-KKT,2.709749999212363e-06,0.13780110975006438,3.8700826,-0.7725425049283771,-1.8508818898754775e-05,0.0022787413300369166
True,False,0.13592470000003232,-0.0007579011529281754,-0.7711513321796871,1,Penicillin,pen_186,20260761,S+true-KKT,2.709749999212363e-06,0.13592740975003154,4.1006051,-0.7727116180768225,-1.8504000172669954e-05,0.0020192344215281275
True,False,0.15021340000021155,-0.003167509661837209,-0.7698895039747382,1,Penicillin,pen_187,20260761,S+true-KKT,2.709749999212363e-06,0.15021610975021077,4.7095611,-0.7720347168974099,-1.8507220967078908e-05,0.002778648259877063
True,False,0.15115870000045106,-0.0023544573255945833,-0.769892022658124,1,Penicillin,pen_188,20260761,S+true-KKT,2.709749999212363e-06,0.15116140975045028,4.0461722,-0.7720178275126065,-1.850352941434874e-05,0.0027535696440220306
True,False,0.1518486999993911,-0.011328696801810423,-0.7692863409693425,2,Penicillin,pen_189,20260761,S+true-KKT,2.709749999212363e-06,0.15185140974939032,3.9942093,-0.7731836604099487,-1.4146103130718846e-05,0.005040612780849295
True,False,0.1443810000000667,-0.0004292688723001037,-0.7711472158625279,1,Penicillin,pen_190,20260761,S+true-KKT,2.709749999212363e-06,0.14438370975006593,4.182178,-0.7727159848371332,-1.85007294600803e-05,0.002030201271086674
True,False,0.1423027999999249,-0.0026193033274161115,-0.7709511563468344,1,Penicillin,pen_191,20260761,S+true-KKT,2.709749999212363e-06,0.14230550974992412,4.844536,-0.7726223722239566,-1.8511315736213785e-05,0.0021630435995681064
True,False,0.1413276000002952,-0.0037006624891657847,-0.7710643704289097,1,Penicillin,pen_192,20260761,S+true-KKT,2.709749999212363e-06,0.14133030975029442,4.7375467,-0.7726508127807843,-1.850105185047246e-05,0.0020532462085491323
True,False,0.1364344000003257,-0.010049333951763606,-0.770595129448471,1,Penicillin,pen_193,20260761,S+true-KKT,2.709749999212363e-06,0.13643710975032491,4.0800693,-0.7731569703607816,-1.4146415697469106e-05,0.0033134809754287735
True,False,0.13906450000013137,-0.0016152711858694602,-0.770619014712855,1,Penicillin,pen_194,20260761,S+true-KKT,2.709749999212363e-06,0.1390672097501306,4.4902065,-0.772493272565581,-1.8509342277372998e-05,0.002426244886898838
True,False,0.15283420000014303,-0.015214011852011489,-0.7699575082238622,2,Penicillin,pen_195,20260761,S+true-KKT,2.709749999212363e-06,0.15283690975014225,4.6082129,-0.7728503046440504,-1.8504905561933516e-05,0.0037430229409309286
True,False,0.12566320000041742,-0.0003902937056419753,-0.7718522862414778,0,Penicillin,pen_196,20260761,S+true-KKT,2.709749999212363e-06,0.12566590975041664,5.406644,-0.7731061809924247,-1.414709749852916e-05,0.0016218920269622371
True,False,0.1292126999996981,-0.0010490969145188767,-0.7718015745687106,0,Penicillin,pen_197,20260761,S+true-KKT,2.709749999212363e-06,0.1292154097496973,3.9293924,-0.7731151975856584,-1.4146988452312659e-05,0.0016991297300196627
True,False,0.12515160000020842,-0.0001409738651332315,-0.7717203007327192,0,Penicillin,pen_198,20260761,S+true-KKT,2.709749999212363e-06,0.12515430975020764,4.2612217,-0.7731186781529269,-1.4146940998049917e-05,0.0018087487208930766
True,False,0.15258919999996579,-0.009386539172271002,-0.7708247306395952,1,Penicillin,pen_199,20260761,S+true-KKT,2.709749999212363e-06,0.152591909749965,4.3192397,-0.7723337102959387,-1.8506243297466973e-05,0.001953792300177138
True,False,0.12536369999997987,-0.004350893108066356,-0.771855385543726,0,Penicillin,pen_200,20260761,S+true-KKT,2.709749999212363e-06,0.1253664097499791,5.458273,-0.772951528875691,-1.4154033617819195e-05,0.001418126869558512
True,False,0.14613209999970422,-0.006516258595057112,-0.7701422081131822,2,Penicillin,pen_201,20260761,S+true-KKT,2.709749999212363e-06,0.14613480974970344,4.1166865,-0.7727623654398453,-1.8492517251611496e-05,0.0033906378517433895
True,False,0.16436560000056488,-0.008885908720146551,-0.7696794774824411,2,Penicillin,pen_202,20260761,S+true-KKT,2.709749999212363e-06,0.1643683097505641,4.328603,-0.7719919231181143,-1.850330736796746e-05,0.0029954272401361884
True,False,0.15362439999989874,-0.002771598572715306,-0.7698876176161532,1,Penicillin,pen_203,20260761,S+true-KKT,2.709749999212363e-06,0.15362710974989796,4.2444578,-0.7720218726558203,-1.8502941024234332e-05,0.002764500741831465
True,False,0.16210099999989325,-0.0020775452835841146,-0.7677980908224237,2,Penicillin,pen_204,20260761,S+true-KKT,2.709749999212363e-06,0.16210370974989247,4.4652312,-0.7732302982628183,-1.4145528934139673e-05,0.007025342194426328
True,False,0.15562690000024304,-0.0014296358048261903,-0.7703389327897637,2,Penicillin,pen_205,20260761,S+true-KKT,2.709749999212363e-06,0.15562960975024226,4.0589617,-0.7730159659537047,-1.4148327573682007e-05,0.0034631020339123144
True,False,0.13371430000006512,-0.0024069836474055473,-0.7716733811858191,0,Penicillin,pen_206,20260761,S+true-KKT,2.709749999212363e-06,0.13371700975006434,4.5901971,-0.7729389599109265,-1.4154962989787467e-05,0.0016373592104262783
True,False,0.15287540000008448,-0.0008791682760733721,-0.7699103593530868,1,Penicillin,pen_207,20260761,S+true-KKT,2.709749999212363e-06,0.1528781097500837,4.9583719,-0.7720042585932312,-1.850303587458413e-05,0.0027122897533750964
True,False,0.15517890000046464,-0.004061769748662292,-0.7681199305648538,2,Penicillin,pen_208,20260761,S+true-KKT,2.709749999212363e-06,0.15518160975046386,4.0551916,-0.7732210747447975,-1.4145697814049729e-05,0.0065972648011790305
True,False,0.16586409999945317,-0.006719524885163419,-0.7697431192712973,2,Penicillin,pen_209,20260761,S+true-KKT,2.709749999212363e-06,0.1658668097494524,4.0241215,-0.7719214261155041,-1.8506131898410327e-05,0.002821928204750698
True,False,0.13625039999988076,-0.009080201529490961,-0.7709403051624437,1,Penicillin,pen_210,20260761,S+true-KKT,2.709749999212363e-06,0.13625310974987997,4.5636461,-0.7731407098790483,-1.4146603021736315e-05,0.002846059829068862
True,False,0.1353820000003907,-0.0009678442497171313,-0.7710448229842293,1,Penicillin,pen_211,20260761,S+true-KKT,2.709749999212363e-06,0.1353847097503899,5.7951629,-0.772678478534786,-1.851061407270871e-05,0.0021142759840478407
True,False,0.15827979999994568,-0.002646014621634385,-0.7696418750385684,2,Penicillin,pen_212,20260761,S+true-KKT,2.709749999212363e-06,0.1582825097499449,4.0276322,-0.7722298029466255,-1.8496574596627013e-05,0.003351240651658629
True,False,0.1458294999993086,-0.005112561520855707,-0.7703219503258777,2,Penicillin,pen_213,20260761,S+true-KKT,2.709749999212363e-06,0.14583220974930783,4.1060783,-0.7727264758676616,-1.8502283474830516e-05,0.0031117421453483946
True,False,0.15673879999940254,-0.005353380333238511,-0.7702403366024256,2,Penicillin,pen_214,20260761,S+true-KKT,2.709749999212363e-06,0.15674150974940176,4.2954136,-0.7727445688862148,-1.850010929704826e-05,0.0032406986533707978
True,False,0.15057689999957802,-0.004874198767622517,-0.7703182484756335,1,Penicillin,pen_215,20260761,S+true-KKT,2.709749999212363e-06,0.15057960974957724,5.3953118,-0.7721701898848756,-1.851172290784353e-05,0.0023983591098204315
True,False,0.1514084999998886,-0.005330511733071308,-0.7683184063248626,2,Penicillin,pen_216,20260761,S+true-KKT,2.709749999212363e-06,0.1514112097498878,3.9670887,-0.7732146651635411,-1.4145772559148728e-05,0.0063323408870457785
True,False,0.14357980000022508,-0.0135343962929666,-0.7699532619110104,2,Penicillin,pen_217,20260761,S+true-KKT,2.709749999212363e-06,0.1435825097502243,4.3301996,-0.7728162142612071,-1.850725055824176e-05,0.0037045707599879154
True,False,0.15756020000026183,-0.007475683453112447,-0.7696691981786047,2,Penicillin,pen_218,20260761,S+true-KKT,2.709749999212363e-06,0.15756290975026105,4.1008399,-0.7718972212272008,-1.8506511079485755e-05,0.0028864244971032907
True,False,0.14058199999999488,-0.0029952345083394394,-0.7709806206612099,1,Penicillin,pen_219,20260761,S+true-KKT,2.709749999212363e-06,0.1405847097499941,4.7497184,-0.7726280064571185,-1.8506671659201945e-05,0.002132184935235129
True,False,0.12607649999972637,-0.0032509008770922887,-0.7721092100258974,0,Penicillin,pen_220,20260761,S+true-KKT,2.709749999212363e-06,0.12607920974972558,4.2157335,-0.772970351489752,-1.4152829680036394e-05,0.0011140679098427854
True,False,0.13898880000033387,-0.003820628611333199,-0.7702436354451392,1,Penicillin,pen_221,20260761,S+true-KKT,2.709749999212363e-06,0.1389915097503331,4.2070814,-0.7731698437818105,-1.414626903928351e-05,0.0037846902077276604
True,False,0.12537369999972725,-0.0008456803337492658,-0.7715279389051206,0,Penicillin,pen_222,20260761,S+true-KKT,2.709749999212363e-06,0.12537640974972647,4.117194,-0.7729284199031617,-1.8511560288592133e-05,0.0018119155176317546
True,False,0.14808709999942948,-0.005972581525958087,-0.7701638473174909,2,Penicillin,pen_223,20260761,S+true-KKT,2.709749999212363e-06,0.1480898097494287,4.1799043,-0.7727575893194555,-1.8494638941823904e-05,0.0033564756112571294
True,False,0.12393680000059248,-0.0019051350879797369,-0.7719545366062802,0,Penicillin,pen_224,20260761,S+true-KKT,2.709749999212363e-06,0.1239395097505917,4.0909644,-0.7730525715746392,-1.4148129937940901e-05,0.0014203884816299493
True,False,0.15600739999990765,-0.0014034619503012213,-0.7710343599509233,1,Penicillin,pen_225,20260761,S+true-KKT,2.709749999212363e-06,0.15601010974990687,4.4814827,-0.7726718123764996,-1.8493628190507927e-05,0.0021192081804304965
True,False,0.15525929999967047,-0.006218173975644836,-0.7700871260644034,2,Penicillin,pen_226,20260761,S+true-KKT,2.709749999212363e-06,0.1552620097496697,4.8992348,-0.7730883405582525,-1.4147367217720586e-05,0.0038821106675620658
True,False,0.1524520000002667,-0.0029562120820686433,-0.770639783086242,1,Penicillin,pen_227,20260761,S+true-KKT,2.709749999212363e-06,0.15245470975026593,4.3182799,-0.7724424240700275,-1.8521660047510213e-05,0.0023336897710605825
True,False,0.1760005000005549,-0.015990736044051768,-0.7700807508350702,2,Penicillin,pen_228,20260761,S+true-KKT,2.709749999212363e-06,0.1760032097505541,3.9018268,-0.7728998830772331,-1.8511851064939577e-05,0.0036474740181597323
True,False,0.16238630000043486,-0.0054004931059714045,-0.7702265349072788,2,Penicillin,pen_229,20260761,S+true-KKT,2.709749999212363e-06,0.16238900975043408,4.5397444,-0.7727471030049169,-1.8499147089734436e-05,0.0032618279484149457
True,False,0.13410210000074585,-0.005667441132517881,-0.7719841314359073,0,Penicillin,pen_230,20260761,S+true-KKT,2.709749999212363e-06,0.13410480975074507,5.7736005,-0.7729609594989386,-1.415340263610787e-05,0.0012637482540703718
True,False,0.1582289000007222,-0.00815186410565194,-0.7704887975554973,1,Penicillin,pen_231,20260761,S+true-KKT,2.709749999212363e-06,0.15823160975072142,4.2384192,-0.773160826415205,-1.4146373646106714e-05,0.003455980655534146
True,False,0.1747270000005301,-0.017201167376018123,-0.7702314214905348,2,Penicillin,pen_232,20260761,S+true-KKT,2.709749999212363e-06,0.17472970975052932,4.0808727,-0.7729199470315915,-1.8511672417953484e-05,0.0034784010315453908
True,False,0.16060209999977815,-0.003206649981273124,-0.7697427845518278,2,Penicillin,pen_233,20260761,S+true-KKT,2.709749999212363e-06,0.16060480974977737,4.2606798,-0.7722667962454371,-1.8500198558812908e-05,0.0032683156985131067
True,False,0.12654289999954926,-0.003764948685238023,-0.7719356728837339,0,Penicillin,pen_234,20260761,S+true-KKT,2.709749999212363e-06,0.12654560974954848,5.7535959,-0.773046974199708,-1.4148060965224474e-05,0.0014375598806587561
True,False,0.1624809999993886,-0.00721319370707485,-0.7696987621629054,2,Penicillin,pen_235,20260761,S+true-KKT,2.709749999212363e-06,0.1624837097493878,4.2864361,-0.7719061302986768,-1.8506019802633222e-05,0.00285963286095069
True,False,0.1240005999998175,-0.0005427103769175545,-0.7718549504337827,0,Penicillin,pen_236,20260761,S+true-KKT,2.709749999212363e-06,0.12400330974981671,3.9355327,-0.7731037380355652,-1.4147136870035215e-05,0.0016152911185704783
True,False,0.15082209999945917,-0.0037911210890032576,-0.7701804075604175,2,Penicillin,pen_237,20260761,S+true-KKT,2.709749999212363e-06,0.1508248097494584,4.3113648,-0.7730569604595554,-1.4148474092590124e-05,0.003721010282900625
True,False,0.1559871999997995,-0.004689820731889838,-0.7697768938622872,2,Penicillin,pen_238,20260761,S+true-KKT,2.709749999212363e-06,0.1559899097497987,4.2812329,-0.7722554982675276,-1.8502712057832937e-05,0.0032095652420745147
True,False,0.14551359999950364,-0.015451430992085513,-0.770013490092919,2,Penicillin,pen_239,20260761,S+true-KKT,2.709749999212363e-06,0.14551630974950286,4.2088788,-0.7728886440437762,-1.851181512557698e-05,0.0037200106030984685
True,False,0.16043609999996988,-0.005645766044597822,-0.7701520624097259,2,Penicillin,pen_240,20260761,S+true-KKT,2.709749999212363e-06,0.1604388097499691,4.4489368,-0.7730732992374952,-1.4147773479744608e-05,0.0037787320175857167
True,False,0.1667717000000266,-0.0059837844594173295,-0.7684200368377311,2,Penicillin,pen_241,20260761,S+true-KKT,2.709749999212363e-06,0.16677440975002583,4.1863788,-0.773211339967268,-1.4145807783472186e-05,0.006196628116886819
True,False,0.17061139999987063,-0.013351506946025271,-0.7699587051327612,2,Penicillin,pen_242,20260761,S+true-KKT,2.709749999212363e-06,0.17061410974986985,3.9329335,-0.7728142947249649,-1.85113398638026e-05,0.0036950527593694886
True,False,0.14655390000007174,-0.009291918456593495,-0.7708211653304365,1,Penicillin,pen_243,20260761,S+true-KKT,2.709749999212363e-06,0.14655660975007095,4.2318821,-0.7723342809351396,-1.8506232422665914e-05,0.001959145983874941
True,False,0.14962180000020453,-0.0024402166468459052,-0.7704288904219726,2,Penicillin,pen_244,20260761,S+true-KKT,2.709749999212363e-06,0.14962450975020375,4.0470232,-0.7730039537272811,-1.4148510072087284e-05,0.0033312420885974374
True,False,0.12287040000046545,-0.0007933760262452405,-0.7718593673909847,0,Penicillin,pen_245,20260761,S+true-KKT,2.709749999212363e-06,0.12287310975046467,4.1614825,-0.7730996721518124,-1.4147177612222617e-05,0.0016043271074937765
True,False,0.1477044000002934,-0.006742617901341785,-0.7685382117202408,2,Penicillin,pen_246,20260761,S+true-KKT,2.709749999212363e-06,0.1477071097502926,4.2040629,-0.7732072745841374,-1.4145852808788995e-05,0.006038565618006867
True,False,0.13975530000061553,-0.004334494898674712,-0.7706957731181824,1,Penicillin,pen_247,20260761,S+true-KKT,2.709749999212363e-06,0.13975800975061475,4.1726676,-0.7724216881746282,-1.850946563214384e-05,0.0022344207611835233
True,False,0.14703469999949448,-0.0014599766790393542,-0.7700491487999109,1,Penicillin,pen_248,20260761,S+true-KKT,2.709749999212363e-06,0.1470374097494937,4.2137594,-0.7721160461711682,-1.8502458360658558e-05,0.002676925808635649
True,False,0.14959519999956683,-0.005257814778729275,-0.7701958225440825,2,Penicillin,pen_249,20260761,S+true-KKT,2.709749999212363e-06,0.14959790974956605,4.8699484,-0.7730630222115542,-1.41489788048621e-05,0.0037088821804842475
True,False,0.15123229999971954,-0.0010610796747348994,-0.7704853113640854,2,Penicillin,pen_250,20260761,S+true-KKT,2.709749999212363e-06,0.15123500974971876,3.9286981,-0.7729918871270558,-1.4151992066113728e-05,0.0032426934935714494
True,False,0.1355985000000146,-0.002923009257536413,-0.7709063262331733,1,Penicillin,pen_251,20260761,S+true-KKT,2.709749999212363e-06,0.13560120975001383,4.4276603,-0.7725833742940004,-1.850867246772081e-05,0.0021707017218168057
True,False,0.14787609999984852,-0.015318164659017142,-0.7699869608186896,2,Penicillin,pen_252,20260761,S+true-KKT,2.709749999212363e-06,0.14787880974984774,3.9846842,-0.7728678474068602,-1.851090326154825e-05,0.003727528060374942
True,False,0.16651569999976346,-0.008195266540743817,-0.7695779073620178,2,Penicillin,pen_253,20260761,S+true-KKT,2.709749999212363e-06,0.16651840974976267,5.0717463,-0.7718828892035149,-1.851517572909467e-05,0.0029861807713803925
True,False,0.14766289999988658,-0.002332685076789298,-0.7709198925694056,1,Penicillin,pen_254,20260761,S+true-KKT,2.709749999212363e-06,0.1476656097498858,4.1314603,-0.7726127742319759,-1.850971828304404e-05,0.002191112700994542
True,False,0.16364729999986594,-0.005471403128171071,-0.7702051326625914,2,Penicillin,pen_255,20260761,S+true-KKT,2.709749999212363e-06,0.16365000974986516,4.3450839,-0.7727510265441035,-1.849769582573657e-05,0.0032945849232939965
True,False,0.1528187000003527,-0.014697336976497277,-0.7699411060573953,2,Penicillin,pen_256,20260761,S+true-KKT,2.709749999212363e-06,0.1528214097503519,4.033031,-0.7728324121891674,-1.8506898574244257e-05,0.003741181252455573
True,False,0.14708750000045256,-0.001955914859438357,-0.770115132043129,1,Penicillin,pen_257,20260761,S+true-KKT,2.709749999212363e-06,0.14709020975045178,5.1347582,-0.7721342803311201,-1.8506095739390105e-05,0.0026150222045901333
True,False,0.15809660000013537,-0.007795738250207851,-0.7697331408293586,2,Penicillin,pen_258,20260761,S+true-KKT,2.709749999212363e-06,0.1580993097501346,3.9039899,-0.7719397732657653,-1.8506330514866942e-05,0.002858555178561871
True,False,0.15984649999973044,-0.012100630658208489,-0.7699957963308725,2,Penicillin,pen_259,20260761,S+true-KKT,2.709749999212363e-06,0.15984920974972966,4.6145959,-0.7728011885593824,-1.851143370551478e-05,0.003630160344007265
True,False,0.13428449999992154,-0.007650551508271097,-0.7712311051240691,1,Penicillin,pen_260,20260761,S+true-KKT,2.709749999212363e-06,0.13428720974992076,4.2846481,-0.77312448139751,-1.4146816347093694e-05,0.002448992780591285
True,False,0.14677530000062688,-0.004412389032272701,-0.7707916778430304,1,Penicillin,pen_261,20260761,S+true-KKT,2.709749999212363e-06,0.1467780097506261,4.6157006,-0.7722089741314674,-1.8519836512520538e-05,0.0018353791990453044
True,False,0.16036280000025727,-0.008952420805951156,-0.769690037755541,2,Penicillin,pen_262,20260761,S+true-KKT,2.709749999212363e-06,0.16036550975025649,3.886762,-0.7719829584547402,-1.850625585886334e-05,0.0029701700977815093
True,False,0.13723119999940536,-0.0044057578420279575,-0.770276758990241,1,Penicillin,pen_263,20260761,S+true-KKT,2.709749999212363e-06,0.13723390974940458,4.3713053,-0.7731686405400249,-1.414628359563963e-05,0.003740298556035681
True,False,0.13871130000006815,-0.0017586210500450394,-0.7710338859796171,1,Penicillin,pen_264,20260761,S+true-KKT,2.709749999212363e-06,0.13871400975006737,4.3826608,-0.7726679576052714,-1.849414514598635e-05,0.0021148432642642467
True,False,0.1364397999996072,-0.008627310552810352,-0.7710470107287378,1,Penicillin,pen_265,20260761,S+true-KKT,2.709749999212363e-06,0.13644250974960642,3.9811686,-0.7731340950689513,-1.414670160371223e-05,0.002699511447658113
True,False,0.15255839999917953,-0.015273585187698835,-0.769976140142834,2,Penicillin,pen_266,20260761,S+true-KKT,2.709749999212363e-06,0.15256110974917875,4.0394848,-0.7728620490387207,-1.8506609915647232e-05,0.0037340543496425524
True,False,0.15921509999952832,-0.003946902913895989,-0.7701835789795731,2,Penicillin,pen_267,20260761,S+true-KKT,2.709749999212363e-06,0.15921780974952754,4.3857769,-0.7730573217220383,-1.414854327741466e-05,0.0037173734233106456
True,False,0.15335119999963354,-0.01634750257474138,-0.7701236381633453,2,Penicillin,pen_268,20260761,S+true-KKT,2.709749999212363e-06,0.15335390974963276,4.3413594,-0.7729076709542689,-1.851181288919923e-05,0.0036020250484593472
True,False,0.15171530000043276,-0.011331984528836214,-0.7694673610872976,2,Penicillin,pen_269,20260761,S+true-KKT,2.709749999212363e-06,0.15171800975043198,4.2058716,-0.7731776953757195,-1.4146173889062474e-05,0.004798811852195008
True,False,0.14989169999989826,-0.015170584986205826,-0.7699584806591546,2,Penicillin,pen_270,20260761,S+true-KKT,2.709749999212363e-06,0.14989440974989748,3.996743,-0.7728581033346678,-1.850614575754639e-05,0.0037518176532044764
True,False,0.13293290000001434,-0.0028489060964704827,-0.7708934853967586,1,Penicillin,pen_271,20260761,S+true-KKT,2.709749999212363e-06,0.13293560975001356,4.297313,-0.7725744019873914,-1.8511638753604398e-05,0.002175734254602154
True,False,0.15316140000049927,-0.01580138331144998,-0.7700569373337274,2,Penicillin,pen_272,20260761,S+true-KKT,2.709749999212363e-06,0.1531641097504985,4.1116193,-0.7728963035536016,-1.851185545304057e-05,0.003673670331737232
True,False,0.145544200000586,-0.003486768769369708,-0.7680295094647054,2,Penicillin,pen_273,20260761,S+true-KKT,2.709749999212363e-06,0.1455469097505852,3.9369176,-0.7732239597153261,-1.4145600613468812e-05,0.0067179116546428825
True,False,0.14060049999989133,-0.00260815404268544,-0.7708732056754448,1,Penicillin,pen_274,20260761,S+true-KKT,2.709749999212363e-06,0.14060320974989055,4.285197,-0.7725682798659802,-1.850918916984634e-05,0.00219407686635728
True,False,0.15042839999932767,-0.005228210225907026,-0.7705817073912655,1,Penicillin,pen_275,20260761,S+true-KKT,2.709749999212363e-06,0.15043110974932689,4.5051587,-0.7721925969567711,-1.8505021092685148e-05,0.002086124073002181
True,False,0.1262475000003178,-0.0009739833050147473,-0.7718624798244308,0,Penicillin,pen_276,20260761,S+true-KKT,2.709749999212363e-06,0.12625020975031703,4.1639669,-0.7730967376179404,-1.414722813281033e-05,0.0015965114499287543
True,False,0.17670209999960207,-0.006799112820476627,-0.7709938696170007,1,Penicillin,pen_277,20260761,S+true-KKT,2.709749999212363e-06,0.1767048097496013,3.7915085,-0.7723058416294227,-1.8499855005515986e-05,0.0016987726127437276
True,False,0.15292700000009063,-0.007109520029321248,-0.7701281323379442,2,Penicillin,pen_278,20260761,S+true-KKT,2.709749999212363e-06,0.15292970975008985,4.0329438,-0.7727669807343289,-1.8490817807692572e-05,0.003414804801671443
True,False,0.1418616999999358,-0.009121418511513324,-0.7709309090209568,1,Penicillin,pen_279,20260761,S+true-KKT,2.709749999212363e-06,0.14186440974993503,4.8298121,-0.773141213783442,-1.414659855353273e-05,0.0028588629387234967
True,False,0.12539620000006835,-0.005097560690199232,-0.7719283442680205,0,Penicillin,pen_280,20260761,S+true-KKT,2.709749999212363e-06,0.12539890975006757,4.3766684,-0.772956831531433,-1.4153660953586389e-05,0.0013305882313955743
True,False,0.1653508999997939,-0.008918011237349421,-0.7696845578168867,2,Penicillin,pen_281,20260761,S+true-KKT,2.709749999212363e-06,0.16535360974979313,4.0236965,-0.7719876544320042,-1.850327000468832e-05,0.0029833334793573064
True,False,0.14199509999980364,-0.00461095454459548,-0.7707014385626787,1,Penicillin,pen_282,20260761,S+true-KKT,2.709749999212363e-06,0.14199780974980286,4.3509816,-0.7724084880229414,-1.849988091040533e-05,0.0022100345694440067
True,False,0.15050260000043636,-0.0016929202306184554,-0.7703602668022085,2,Penicillin,pen_283,20260761,S+true-KKT,2.709749999212363e-06,0.15050530975043558,4.4233619,-0.7730135213468223,-1.4148367383337579e-05,0.0034323520499241456
True,False,0.15109990000019025,-0.009353045247077585,-0.770873716758226,1,Penicillin,pen_284,20260761,S+true-KKT,2.709749999212363e-06,0.15110260975018946,4.2735633,-0.7731442264599624,-1.4146550327609475e-05,0.0029367220552528393
True,False,0.16124479999962205,-0.009363334903910281,-0.7693649802132841,2,Penicillin,pen_285,20260761,S+true-KKT,2.709749999212363e-06,0.16124750974962127,3.8112302,-0.7718595228111265,-1.8518228685482363e-05,0.003231860881572271
True,False,0.1587390000004234,-0.007094418379607448,-0.7697113738342071,2,Penicillin,pen_286,20260761,S+true-KKT,2.709749999212363e-06,0.15874170975042262,3.7839885,-0.7719101314696475,-1.8505433156290607e-05,0.002848463241769066
True,False,0.13649660000010044,-0.0032462188015737747,-0.7706525506808467,1,Penicillin,pen_287,20260761,S+true-KKT,2.709749999212363e-06,0.13649930975009966,4.324402,-0.7724402206825006,-1.8523187993835233e-05,0.0023143150159560524
True,False,0.14997140000014042,-0.006241960326969942,-0.7707044556908234,1,Penicillin,pen_288,20260761,S+true-KKT,2.709749999212363e-06,0.14997410975013964,4.051404,-0.7723542070063285,-1.8507053461958023e-05,0.002136003533792672
True,False,0.14879519999976765,-0.0038445567508096357,-0.7702548478454236,1,Penicillin,pen_289,20260761,S+true-KKT,2.709749999212363e-06,0.14879790974976687,3.8458282,-0.772163956817241,-1.8510760712520113e-05,0.002472413993119408
True,False,0.19789310000032856,-0.003736098744054006,-0.7635334168371305,2,Penicillin,pen_290,20260761,S+true-KKT,2.709749999212363e-06,0.19789580975032778,4.1860106,-0.7732417050418862,-1.4145468951176632e-05,0.012555308568398768
True,False,0.14555120000022725,-7.347943174618177e-05,-0.771107249167582,1,Penicillin,pen_291,20260761,S+true-KKT,2.709749999212363e-06,0.14555390975022647,4.3591154,-0.7722861713838305,-1.851760577814554e-05,0.0015265354475220293
True,False,0.12259379999977682,-0.004600164344141233,-0.7719399201367044,0,Penicillin,pen_292,20260761,S+true-KKT,2.709749999212363e-06,0.12259650974977604,4.0626878,-0.773030070932164,-1.4148148998638366e-05,0.0014102307742634547
True,False,0.14938170000004902,-0.004110046825500868,-0.7708536326924329,1,Penicillin,pen_293,20260761,S+true-KKT,2.709749999212363e-06,0.14938440975004824,3.8333092,-0.7722138441157076,-1.849249653945728e-05,0.0017614439751884074
True,False,0.14309809999940626,-0.01621172918489122,-0.7701071070048949,2,Penicillin,pen_294,20260761,S+true-KKT,2.709749999212363e-06,0.14310080974940548,4.21458,-0.7729048640281265,-1.8511832011569584e-05,0.003619794820090281
True,False,0.16061570000056236,-0.009088941371395765,-0.7697106202504984,2,Penicillin,pen_295,20260761,S+true-KKT,2.709749999212363e-06,0.16061840975056157,4.3850306,-0.7719640691379231,-1.8506500394810388e-05,0.0029191111057037073
True,False,0.19075310000062018,-0.0057719685935046505,-0.7637811758611833,2,Penicillin,pen_296,20260761,S+true-KKT,2.709749999212363e-06,0.1907558097506194,4.0541806,-0.7732386063454122,-1.4145503266338455e-05,0.012230934160062042
True,False,0.14856179999969754,-0.00552365813048894,-0.7701658907317083,2,Penicillin,pen_297,20260761,S+true-KKT,2.709749999212363e-06,0.14856450974969676,4.1417832,-0.7730700663316328,-1.4147918698192985e-05,0.003756678374193666
True,False,0.15027050000026065,-0.0018619473286092814,-0.7701009601569323,1,Penicillin,pen_298,20260761,S+true-KKT,2.709749999212363e-06,0.15027320975025987,4.2157728,-0.7721299356579758,-1.85052277393849e-05,0.0026277643274049763
True,False,0.14917160000004515,-0.0052214622217611195,-0.7702792756675125,2,Penicillin,pen_299,20260761,S+true-KKT,2.709749999212363e-06,0.14917430975004436,4.4391998,-0.7727373516114482,-1.8501904017198534e-05,0.0031809979662684126
True,False,0.14188909999938915,-0.0005730096472454926,-0.7705339128858618,1,Penicillin,pen_300,20260761,S+true-KKT,2.709749999212363e-06,0.14189180974938836,3.6859171,-0.7724627616378865,-1.8517402185447285e-05,0.0024970119568416232
True,False,0.14632869999968534,-0.005040880288865346,-0.7706377697703108,1,Penicillin,pen_301,20260761,S+true-KKT,2.709749999212363e-06,0.14633140974968456,3.9432349,-0.7721969449951429,-1.8509861049342824e-05,0.002019141923491905
True,False,0.16345319999982166,-0.0025811881506784817,-0.7697327651374916,2,Penicillin,pen_302,20260761,S+true-KKT,2.709749999212363e-06,0.16345590974982088,4.1729914,-0.7722733342183874,-1.8500673125587674e-05,0.0032897278312310637
True,False,0.134382999999616,-0.002056137461170837,-0.7706001262447678,1,Penicillin,pen_303,20260761,S+true-KKT,2.709749999212363e-06,0.13438570974961522,4.1386796,-0.7724492232345113,-1.8518398298139616e-05,0.002393810407369745
True,False,0.12225959999977931,-0.0006549561880096477,-0.7718569636819776,0,Penicillin,pen_304,20260761,S+true-KKT,2.709749999212363e-06,0.12226230974977853,3.9710823,-0.7731019084543524,-1.4147172564649146e-05,0.0016103242777705654
True,False,0.12182920000032027,-6.39219675495073e-05,-0.7714547918522786,0,Penicillin,pen_305,20260761,S+true-KKT,2.709749999212363e-06,0.12183190975031949,4.3463338,-0.7729243193311329,-1.8511624319483833e-05,0.0019012566199573117
True,False,0.13726599999972677,-0.003014151939488674,-0.770197944799259,1,Penicillin,pen_306,20260761,S+true-KKT,2.709749999212363e-06,0.137268709749726,4.0501903,-0.7731714960946687,-1.4146242191592773e-05,0.00384591427701272
True,False,0.1363182000004599,-0.0026730762892873128,-0.7710472106676188,1,Penicillin,pen_307,20260761,S+true-KKT,2.709749999212363e-06,0.13632090975045913,4.2726598,-0.7726599288444018,-1.8497207504519775e-05,0.0020872289562045595
True,False,0.1440800999998828,-0.014952179166456636,-0.7699636378006715,2,Penicillin,pen_308,20260761,S+true-KKT,2.709749999212363e-06,0.14408280974988202,3.7901908,-0.7728440738411089,-1.8503684570070345e-05,0.003727059749738877
True,False,0.15896280000015395,-0.0060013996326806485,-0.7693123602067619,2,Penicillin,pen_309,20260761,S+true-KKT,2.709749999212363e-06,0.15896550975015317,3.8683909,-0.7720802345990391,-1.8498268259836692e-05,0.0035849569361332528
True,False,0.13951110000016342,-0.007904869819833349,-0.7711890292143524,1,Penicillin,pen_310,20260761,S+true-KKT,2.709749999212363e-06,0.13951380975016264,4.2067512,-0.7731262402164922,-1.4146826748551167e-05,0.002505685231427893
True,False,0.12187059999996563,-0.004196984368179502,-0.7719127243771889,0,Penicillin,pen_311,20260761,S+true-KKT,2.709749999212363e-06,0.12187330974996485,4.1446273,-0.773037071156398,-1.414808271904544e-05,0.001454453895111526
True,False,0.14003390000016225,-0.00557930395109052,-0.7707028011240683,1,Penicillin,pen_312,20260761,S+true-KKT,2.709749999212363e-06,0.14003660975016147,3.9459435,-0.7723692919121071,-1.8514546274883692e-05,0.0021576347033595714
True,False,0.14386070000000473,-0.004577358258662678,-0.7682007610339046,2,Penicillin,pen_313,20260761,S+true-KKT,2.709749999212363e-06,0.14386340975000395,3.9575218,-0.7732184777242056,-1.4145733762516155e-05,0.006489390560181079
True,False,0.14927090000037424,-0.00043084994641756635,-0.7699493349570864,1,Penicillin,pen_314,20260761,S+true-KKT,2.709749999212363e-06,0.14927360975037346,4.0248128,-0.7720929853754785,-1.8498550386103485e-05,0.0027764148347360867
True,False,0.12261190000026545,-0.005459000611457987,-0.7719637511523444,0,Penicillin,pen_315,20260761,S+true-KKT,2.709749999212363e-06,0.12261460975026467,4.2343727,-0.772959449027654,-1.415349776873187e-05,0.0012881631456374075
True,False,0.13506070000039472,-0.0004336622455855532,-0.7705295815491968,1,Penicillin,pen_316,20260761,S+true-KKT,2.709749999212363e-06,0.13506340975039394,3.977937,-0.7724701821655282,-1.8517769009129825e-05,0.002512201326517415
True,False,0.14593779999995604,-0.0009913643396610716,-0.7704739151165293,2,Penicillin,pen_317,20260761,S+true-KKT,2.709749999212363e-06,0.14594050974995526,4.1270705,-0.7729864173604916,-1.4152292512725761e-05,0.0032503834317576773
True,False,0.14294609999979002,-0.01529255767328963,-0.7699801825401368,2,Penicillin,pen_318,20260761,S+true-KKT,2.709749999212363e-06,0.14294880974978924,4.2921737,-0.7728636611671542,-1.850685960186338e-05,0.0037309020619017003
True,False,0.13100759999997535,-0.002144346987970336,-0.7707799096548001,1,Penicillin,pen_319,20260761,S+true-KKT,2.709749999212363e-06,0.13101030974997457,4.1798084,-0.7725391269083448,-1.8508860239296876e-05,0.0022771885491223555
True,False,0.13561449999997421,-0.00826756184898847,-0.7711247447324967,1,Penicillin,pen_320,20260761,S+true-KKT,2.709749999212363e-06,0.13561720974997343,3.934922,-0.7731290593516886,-1.4146792501945615e-05,0.002592470939939388
True,False,0.14874370000052295,-0.0007224762439221322,-0.7698669507505822,1,Penicillin,pen_321,20260761,S+true-KKT,2.709749999212363e-06,0.14874640975052217,4.0207137,-0.7720611668605039,-1.850123791719005e-05,0.0028420236687258555
True,False,0.12239009999939299,-0.0006922363496033035,-0.7718742548701953,0,Penicillin,pen_322,20260761,S+true-KKT,2.709749999212363e-06,0.1223928097493922,4.2910881,-0.773093977297413,-1.4147272197395644e-05,0.0015777155986670573
True,False,0.16344500000013795,-0.006252562654180338,-0.7690798239535023,2,Penicillin,pen_323,20260761,S+true-KKT,2.709749999212363e-06,0.16344770975013717,4.0766063,-0.7718404814314355,-1.8507144505630624e-05,0.0035767202477037076
True,False,0.13432430000011664,-0.0008836808034338728,-0.7710652608428326,1,Penicillin,pen_324,20260761,S+true-KKT,2.709749999212363e-06,0.13432700975011586,3.8903835,-0.772683411165461,-1.851068837088743e-05,0.0020941957588914207
True,False,0.15803090000008524,-0.0072101748384938436,-0.7697408817345389,2,Penicillin,pen_325,20260761,S+true-KKT,2.709749999212363e-06,0.15803360975008446,4.32318,-0.7719303391624872,-1.8500916823038782e-05,0.0028363406862901195
True,False,0.1562764000000243,-0.007540384857838034,-0.7696615846220569,2,Penicillin,pen_326,20260761,S+true-KKT,2.709749999212363e-06,0.15627910975002351,3.9156969,-0.7718950131044973,-1.8499866337007287e-05,0.0028934355638050883
True,False,0.14894529999946826,-0.0024499748966424484,-0.770454123597394,2,Penicillin,pen_327,20260761,S+true-KKT,2.709749999212363e-06,0.14894800974946748,4.2793748,-0.7729987367504189,-1.4151634679770986e-05,0.0032918723305061346
True,False,0.14632239999991725,-0.00772966733392344,-0.7707598736151564,1,Penicillin,pen_328,20260761,S+true-KKT,2.709749999212363e-06,0.14632510974991647,3.8285348,-0.7723435271362515,-1.850223465388323e-05,0.0020504522475472916
True,False,0.14459790000000794,-0.0088176969231325,-0.7710025372154785,1,Penicillin,pen_329,20260761,S+true-KKT,2.709749999212363e-06,0.14460060975000716,4.2439375,-0.7731369560472353,-1.4146663369296597e-05,0.002760725399377232
True,False,0.19497140000021318,-0.0030859157695552475,-0.7634577451783526,2,Penicillin,pen_330,20260761,S+true-KKT,2.709749999212363e-06,0.1949741097502124,4.0888709,-0.773242595558994,-1.4145459267367322e-05,0.012654308540216517
True,False,0.14934350000021368,-0.0021806576777496645,-0.7698910839750182,1,Penicillin,pen_331,20260761,S+true-KKT,2.709749999212363e-06,0.1493462097502129,4.0182565,-0.7720503969507142,-1.85082076163412e-05,0.0027968549517291335
True,False,0.14227159999973082,-0.004933095246005048,-0.7707039917179667,1,Penicillin,pen_332,20260761,S+true-KKT,2.709749999212363e-06,0.14227430974973004,3.9218701,-0.7723964466459025,-1.850101090145051e-05,0.002191173891704454
True,False,0.13355460000002495,-0.0036907316747396,-0.7706720837123083,1,Penicillin,pen_333,20260761,S+true-KKT,2.709749999212363e-06,0.13355730975002417,3.9682119,-0.7724368253059474,-1.8530442280728643e-05,0.002284641974364778
True,False,0.13440470000023197,-0.003358146040357557,-0.7710090904828528,1,Penicillin,pen_334,20260761,S+true-KKT,2.709749999212363e-06,0.1344074097502312,3.8228495,-0.7726334429276467,-1.8505938939039623e-05,0.0021023584465084777
True,False,0.14412059999995108,-0.0008260596719095736,-0.7699870992855857,1,Penicillin,pen_335,20260761,S+true-KKT,2.709749999212363e-06,0.1441233097499503,3.9704451,-0.7721016430800267,-1.850442433903865e-05,0.0027386857849515207
True,False,0.13406710000072053,-0.008379590653461833,-0.7711013730674496,1,Penicillin,pen_336,20260761,S+true-KKT,2.709749999212363e-06,0.13406980975071975,4.1826136,-0.7731305780951216,-1.4146772297274346e-05,0.002624660161122676
True,False,0.14015509999990172,-0.002987571694876623,-0.7710528453705033,1,Penicillin,pen_337,20260761,S+true-KKT,2.709749999212363e-06,0.14015780974990094,3.9821137,-0.7726572909590596,-1.849818758659083e-05,0.0020765294100372734
True,False,0.14726239999981772,-0.011111667110994206,-0.7700267429602403,2,Penicillin,pen_338,20260761,S+true-KKT,2.709749999212363e-06,0.14726510974981694,3.82761,-0.7727946259362056,-1.8517546908347615e-05,0.003581654016566359
True,False,0.12656800000058865,-0.0013739267027054747,-0.7715771567507065,0,Penicillin,pen_339,20260761,S+true-KKT,2.709749999212363e-06,0.12657070975058787,4.3202769,-0.7729318285162162,-1.8511508574736713e-05,0.0017526406799811575
True,False,0.13465799999994488,-0.001970479941620973,-0.7706512186673994,1,Penicillin,pen_340,20260761,S+true-KKT,2.709749999212363e-06,0.1346607097499441,4.0468778,-0.7725066614619048,-1.8520771912167167e-05,0.002401846983421702
True,False,0.13199359999998705,-0.0024342576360423807,-0.7709161279029048,1,Penicillin,pen_341,20260761,S+true-KKT,2.709749999212363e-06,0.13199630974998627,4.3193489,-0.7726072106674752,-1.850831948002618e-05,0.002188800131841182
True,False,0.1321256999999605,-0.000982382129091075,-0.7710412987972753,1,Penicillin,pen_342,20260761,S+true-KKT,2.709749999212363e-06,0.1321284097499597,3.8787416,-0.7726776242077378,-1.8510618171041493e-05,0.0021177336565689165
True,False,0.14663029999974242,-0.00952766720096443,-0.770068686802849,2,Penicillin,pen_343,20260761,S+true-KKT,2.709749999212363e-06,0.14663300974974164,4.3075581,-0.7727843989915705,-1.8514532575120146e-05,0.003514191270249863
True,False,0.14789110000037908,-0.0009947441018123282,-0.7703087381906426,2,Penicillin,pen_344,20260761,S+true-KKT,2.709749999212363e-06,0.1478938097503783,3.9799894,-0.7730182873434164,-1.4148287564075268e-05,0.0035051553076260455
True,False,0.14400780000050872,-0.009302531707079953,-0.7689352808359903,2,Penicillin,pen_345,20260761,S+true-KKT,2.709749999212363e-06,0.14401050975050794,4.2159596,-0.7731946478388017,-1.4145993799619117e-05,0.005508790075975001
True,False,0.14911550000033458,-0.007932880647732121,-0.7709600848682762,1,Penicillin,pen_346,20260761,S+true-KKT,2.709749999212363e-06,0.1491182097503338,3.9112331,-0.7723115363736609,-1.8496862628780697e-05,0.0017498786975659992
True,False,0.14938729999994393,-0.011340108494437673,-0.7693322970639588,2,Penicillin,pen_347,20260761,S+true-KKT,2.709749999212363e-06,0.14939000974994315,4.452449,-0.7731821564446517,-1.414588501064129e-05,0.004979239818978576
True,False,0.15034450000075594,-0.004973838456962254,-0.7710250933935133,1,Penicillin,pen_348,20260761,S+true-KKT,2.709749999212363e-06,0.15034720975075516,3.8778029,-0.772300520013304,-1.8508884259638148e-05,0.0016514641473615228
True,False,0.12163320000036038,-0.0006440578257960738,-0.7717653179491649,0,Penicillin,pen_349,20260761,S+true-KKT,2.709749999212363e-06,0.1216359097503596,4.3256178,-0.773116733377928,-1.4146966463346455e-05,0.0017480095442487672
True,False,0.13528179999957501,-0.0009234385953337254,-0.7710968782019526,1,Penicillin,pen_350,20260761,S+true-KKT,2.709749999212363e-06,0.13528450974957423,3.8716291,-0.772690904011022,-1.8516022685821643e-05,0.002062954023135082
True,False,0.11996449999969627,-0.0015986392414717998,-0.7715980543962747,0,Penicillin,pen_351,20260761,S+true-KKT,2.709749999212363e-06,0.11996720974969549,4.145189,-0.772933278505883,-1.8511485727013e-05,0.0017274765451803845
True,False,0.14878150000004098,-0.0024481970719803514,-0.7704480744560305,2,Penicillin,pen_352,20260761,S+true-KKT,2.709749999212363e-06,0.1487842097500402,3.7504197,-0.7729999881664894,-1.4151572462484108e-05,0.003301311448285944
True,False,0.15908719999970344,-0.005084604751246169,-0.7697835915152399,2,Penicillin,pen_353,20260761,S+true-KKT,2.709749999212363e-06,0.15908990974970266,3.8188255,-0.7722518086575969,-1.850451183232904e-05,0.003196129960054745
True,False,0.1468699999995806,-0.015503874288911257,-0.7700190410438407,2,Penicillin,pen_354,20260761,S+true-KKT,2.709749999212363e-06,0.14687270974957983,3.9226703,-0.7728912664047398,-1.8511832075629453e-05,0.0037162088455985377
True,False,0.15131910000036441,-0.005448242590599839,-0.7705055675362864,1,Penicillin,pen_355,20260761,S+true-KKT,2.709749999212363e-06,0.15132180975036363,4.070491,-0.7721866765013472,-1.8506494807946083e-05,0.0021770758499455446
True,False,0.13503810000020167,-0.0043015058693892105,-0.7706950936213459,1,Penicillin,pen_356,20260761,S+true-KKT,2.709749999212363e-06,0.13504080975020089,3.7313109,-0.7724232440043224,-1.8510371782132218e-05,0.002237310174688111
True,False,0.13991939999959868,-0.0036334697186368725,-0.7710512929706764,1,Penicillin,pen_357,20260761,S+true-KKT,2.709749999212363e-06,0.1399221097495979,3.8251625,-0.7726464671728541,-1.8502261734221204e-05,0.0020645589800138545
True,False,0.15832719999980327,-0.004739479161215421,-0.7697422265577757,2,Penicillin,pen_358,20260761,S+true-KKT,2.709749999212363e-06,0.1583299097498025,3.7491193,-0.7722395624426004,-1.8503089514732007e-05,0.0032338875218016648
True,False,0.1342698999997083,-0.010228798436479447,-0.7706647627224444,1,Penicillin,pen_359,20260761,S+true-KKT,2.709749999212363e-06,0.1342726097497075,3.9738999,-0.7731543670714442,-1.4146436046913458e-05,0.0032200611611752725
True,False,0.1415423999997074,-0.0029668182922137354,-0.7709033963725944,1,Penicillin,pen_360,20260761,S+true-KKT,2.709749999212363e-06,0.14154510974970663,3.649281,-0.7725773853957612,-1.8507346042140327e-05,0.0021667590260996497
True,False,0.15439779999996972,-0.0012191011767522242,-0.7699077639900348,1,Penicillin,pen_361,20260761,S+true-KKT,2.709749999212363e-06,0.15440050974996894,3.6886775,-0.7720074914953833,-1.850307387746275e-05,0.002719827888303643
True,False,0.16123899999911373,-0.002089777935485704,-0.769733179015508,2,Penicillin,pen_362,20260761,S+true-KKT,2.709749999212363e-06,0.16124170974911295,3.7421776,-0.7722810215342322,-1.8505657823242316e-05,0.0032991132083792394
True,False,0.14234459999988758,-0.00474375237938135,-0.7707029850870252,1,Penicillin,pen_363,20260761,S+true-KKT,2.709749999212363e-06,0.1423473097498868,3.9208157,-0.7724030953271845,-1.8502561680733276e-05,0.002201066063101695
True,False,0.15280220000022382,-0.0013489248767618034,-0.7700371015261165,1,Penicillin,pen_364,20260761,S+true-KKT,2.709749999212363e-06,0.15280490975022304,3.5750335,-0.7721130679811781,-1.8501877482368645e-05,0.0026886819316367153
True,False,0.12375319999955536,-0.00022282648944010885,-0.7720814038270236,0,Penicillin,pen_365,20260761,S+true-KKT,2.709749999212363e-06,0.12375590974955458,3.9478215,-0.7730197184480505,-1.4148288109083751e-05,0.001213830124425151
True,False,0.1463846000006015,-0.002826950479064727,-0.7701946814295019,1,Penicillin,pen_366,20260761,S+true-KKT,2.709749999212363e-06,0.1463873097506007,4.0214691,-0.7721555866646711,-1.8512775925738634e-05,0.002539520880292232
True,False,0.1512893000008262,-0.0017225477972596104,-0.7677383916685682,2,Penicillin,pen_367,20260761,S+true-KKT,2.709749999212363e-06,0.1512920097508254,3.9748404,-0.7732316432993332,-1.4145585464753196e-05,0.007104276808080056
True,False,0.13401530000010098,-0.0027460491197969783,-0.7709610885864905,1,Penicillin,pen_368,20260761,S+true-KKT,2.709749999212363e-06,0.1340180097501002,3.7156994,-0.7726242694052051,-1.8511101772422656e-05,0.0021526385910644722
True,False,0.15737929999977496,-0.0029605396931003947,-0.7697379524997614,2,Penicillin,pen_369,20260761,S+true-KKT,2.709749999212363e-06,0.15738200974977418,3.6638883,-0.772269090619991,-1.8503796260394e-05,0.0032775338945620707
True,False,0.1386611999996603,-0.0034234253805653925,-0.7710141831497584,1,Penicillin,pen_370,20260761,S+true-KKT,2.709749999212363e-06,0.13866390974965953,4.0790063,-0.7726344140856256,-1.850572000661188e-05,0.0020970214454977707
True,False,0.14455240000006597,-0.015196209536297578,-0.7699562120030993,2,Penicillin,pen_371,20260761,S+true-KKT,2.709749999212363e-06,0.1445551097500652,3.8976785,-0.7728515954872691,-1.8505160124526743e-05,0.003746364115796846
True,False,0.1492567000004783,-0.0009641526611504636,-0.7704696896598325,2,Penicillin,pen_372,20260761,S+true-KKT,2.709749999212363e-06,0.14925940975047752,3.7039867,-0.7729844076778735,-1.415240459085032e-05,0.0032532584008976412
True,False,0.1520343000001958,-0.002908662822976582,-0.7679353284389638,2,Penicillin,pen_373,20260761,S+true-KKT,2.709749999212363e-06,0.15203700975019502,3.9413097,-0.7732268532021856,-1.4145567121814917e-05,0.006843431188800381
True,False,0.1356277000004411,-0.002691046865226032,-0.7709065088241716,1,Penicillin,pen_374,20260761,S+true-KKT,2.709749999212363e-06,0.13563040975044033,4.0943693,-0.7725930449202487,-1.8504392179652385e-05,0.0021829553180241945
True,False,0.14750399999957153,-0.01535267985036265,-0.7699979862526646,2,Penicillin,pen_375,20260761,S+true-KKT,2.709749999212363e-06,0.14750670974957075,3.8955516,-0.7728763748791416,-1.851148020398652e-05,0.0037242549003094496
True,False,0.1432665000002089,-0.006134645062103705,-0.7701525278681849,2,Penicillin,pen_376,20260761,S+true-KKT,2.709749999212363e-06,0.14326920975020813,3.6907745,-0.7727593145442706,-1.8493848880807295e-05,0.0033733487607626564
True,False,0.13649989999976242,-0.005292066654260241,-0.7707056565719866,1,Penicillin,pen_377,20260761,S+true-KKT,2.709749999212363e-06,0.13650260974976164,3.7796904,-0.7723836280002199,-1.8508329096666998e-05,0.00217245856515326
True,False,0.15046070000062173,-0.015360314595159408,-0.7700004461162661,2,Penicillin,pen_378,20260761,S+true-KKT,2.709749999212363e-06,0.15046340975062095,3.9478346,-0.7728782898161921,-1.8511560649747683e-05,0.0037235406115631335
True,False,0.12035869999999704,-0.0002514023211585559,-0.7718498254765095,0,Penicillin,pen_379,20260761,S+true-KKT,2.709749999212363e-06,0.12036140974999626,3.9606627,-0.7731084063921377,-1.4147068787495609e-05,0.0016279488170380452
True,False,0.1473478999996587,-0.00015573128234347422,-0.769923082798619,1,Penicillin,pen_380,20260761,S+true-KKT,2.709749999212363e-06,0.1473506097496579,3.5667118,-0.7720869385762312,-1.8498701776226145e-05,0.002802606376948311
True,False,0.15867770000022574,-0.008777616808667288,-0.7694891360897312,2,Penicillin,pen_381,20260761,S+true-KKT,2.709749999212363e-06,0.15868040975022496,3.7491738,-0.7718715088359515,-1.8515515711581276e-05,0.0030864887729993313
True,False,0.1459123999993608,-0.00838621638814202,-0.77003002637253,2,Penicillin,pen_382,20260761,S+true-KKT,2.709749999212363e-06,0.14591510974936,4.0577122,-0.7731128775715236,-1.4147018626509134e-05,0.003987582264413045
True,False,0.14651940000021568,-0.0021562632986251162,-0.7703890907448794,2,Penicillin,pen_383,20260761,S+true-KKT,2.709749999212363e-06,0.1465221097502149,4.0167731,-0.77301045215118,-1.4148412675663025e-05,0.0033911073246238343
True,False,0.14687409999987722,-0.005630273760864057,-0.7704282501243532,1,Penicillin,pen_384,20260761,S+true-KKT,2.709749999212363e-06,0.14687680974987644,3.5350297,-0.7721805701822384,-1.8512162000827725e-05,0.002269313843874127
True,False,0.13641980000011245,-0.005534731873411969,-0.7707066187059268,1,Penicillin,pen_385,20260761,S+true-KKT,2.709749999212363e-06,0.13642250975011166,3.7013869,-0.7723748629435595,-1.8511419814959407e-05,0.002159889346055248
True,False,0.14519819999986794,-0.002742821675122631,-0.771062834915067,1,Penicillin,pen_386,20260761,S+true-KKT,2.709749999212363e-06,0.14520090974986716,3.5583811,-0.7722940143972694,-1.8512527999559047e-05,0.0015941849337823494
True,False,0.14832790000036766,-0.007427336034629806,-0.770120568096048,2,Penicillin,pen_387,20260761,S+true-KKT,2.709749999212363e-06,0.14833060975036688,3.8751909,-0.77276944704846,-1.8508716782106305e-05,0.003427773914366258
True,False,0.15177749999929802,-0.008144975221659356,-0.7709479415492113,1,Penicillin,pen_388,20260761,S+true-KKT,2.709749999212363e-06,0.15178020974929723,3.5479519,-0.772313563092118,-1.8499501537483365e-05,0.0017682216241795595
True,False,0.12315680000028806,-0.0022957167152181657,-0.7719505566040183,0,Penicillin,pen_389,20260761,S+true-KKT,2.709749999212363e-06,0.12315950975028728,4.0140105,-0.7730514180393988,-1.4148109424461097e-05,0.0014240468482322305
True,False,0.12439970000014,-0.0025017366963779875,-0.7720248030350345,0,Penicillin,pen_390,20260761,S+true-KKT,2.709749999212363e-06,0.12440240975013922,3.8162919,-0.7730235636637497,-1.4148215033649159e-05,0.0012920183493263086
True,False,0.1567232999996122,-0.016491344154339727,-0.7701412902262521,2,Penicillin,pen_391,20260761,S+true-KKT,2.709749999212363e-06,0.15672600974961143,3.8724446,-0.7729105346518539,-1.851179939793557e-05,0.0035828783558360285
True,False,0.13941429999977117,-0.0024486254826585063,-0.7706806460440989,1,Penicillin,pen_392,20260761,S+true-KKT,2.709749999212363e-06,0.1394170097497704,3.7051228,-0.7725139091052148,-1.8519750124790235e-05,0.0023731133375181437
True,False,0.15308360000017274,-0.005185744904152356,-0.7702872063028545,2,Penicillin,pen_393,20260761,S+true-KKT,2.709749999212363e-06,0.15308630975017196,3.9737862,-0.7727357057162061,-1.8502122443697644e-05,0.0031686117196851786
True,False,0.13426849999996193,-0.0017398970749579745,-0.7710339218837914,1,Penicillin,pen_394,20260761,S+true-KKT,2.709749999212363e-06,0.13427120974996115,3.7073115,-0.77266816127107,-1.84949316489047e-05,0.0021150598267051547
True,False,0.15189569999984087,-0.002437852425978493,-0.7704233868005087,2,Penicillin,pen_395,20260761,S+true-KKT,2.709749999212363e-06,0.1518984097498401,4.0036484,-0.7730050886697668,-1.414848744663022e-05,0.0033398251927433597
True,False,0.1500132000001031,-0.005433785944697289,-0.7701760086827464,2,Penicillin,pen_396,20260761,S+true-KKT,2.709749999212363e-06,0.15001590975010232,3.7295957,-0.7730676910642799,-1.4148063774199748e-05,0.003740529341683531
True,False,0.15050169999994978,-0.00792163311746047,-0.7707675580536654,1,Penicillin,pen_397,20260761,S+true-KKT,2.709749999212363e-06,0.150504409749949,4.1058376,-0.7723424092175774,-1.8502342531812044e-05,0.002039058253330137
True,False,0.15038210000057006,-0.0022276189784941614,-0.7704670055017903,2,Penicillin,pen_398,20260761,S+true-KKT,2.709749999212363e-06,0.15038480975056928,3.8016704,-0.7729960839697203,-1.4151761574099364e-05,0.0032717869085985107
True,False,0.1452025999997204,-6.413122342413535e-05,-0.7704563302953973,2,Penicillin,pen_399,20260761,S+true-KKT,2.709749999212363e-06,0.14520530974971962,3.9478275,-0.7729790804910056,-1.4152700429870269e-05,0.0032636720181429026
True,False,0.14933509999991657,-0.015362450773461378,-0.7700034225663647,2,Penicillin,pen_400,20260761,S+true-KKT,2.709749999212363e-06,0.14933780974991578,3.6647509,-0.7728823853270884,-1.85117053247974e-05,0.003724968786169648
